[02:38:10] [main/INFO] [LaunchWrapper]: Loading tweak class name net.minecraftforge.fml.common.launcher.FMLServerTweaker
[02:38:10] [main/INFO] [LaunchWrapper]: Using primary tweak class name net.minecraftforge.fml.common.launcher.FMLServerTweaker
[02:38:10] [main/INFO] [LaunchWrapper]: Calling tweak class net.minecraftforge.fml.common.launcher.FMLServerTweaker
[02:38:10] [main/INFO] [FML]: Forge Mod Loader version 14.23.5.2860 for Minecraft 1.12.2 loading
[02:38:10] [main/INFO] [FML]: Java is OpenJDK 64-Bit Server VM, version 1.8.0_482, running on Linux:amd64:6.8.0-1044-azure, installed at /usr/lib/jvm/java-8-openjdk-amd64/jre
[02:38:11] [main/INFO] [FML]: Searching /workspaces/laughing-goggles/servidor_minecraft/./mods for mods
[02:38:11] [main/INFO] [FML]: Loading tweaker org.spongepowered.asm.launch.MixinTweaker from !mixinbooter-10.7.jar
[02:38:11] [main/INFO] [FML]: Loading tweaker org.spongepowered.asm.launch.MixinTweaker from [1.12.2] SecurityCraft v1.10.1.jar
[02:38:11] [main/INFO] [FML]: Loading tweaker org.spongepowered.asm.launch.MixinTweaker from [___MixinCompat-1.1-1.12.2___].jar
[02:38:11] [main/INFO] [FML]: Loading tweaker org.spongepowered.asm.launch.MixinTweaker from _MixinBootstrap-1.1.0.jar
[02:38:11] [main/INFO] [FML]: Loading tweaker org.spongepowered.asm.launch.MixinTweaker from _supermartijn642corelib-1.1.20a-forge-mc1.12.jar
[02:38:11] [main/INFO] [FML]: Loading tweaker org.spongepowered.asm.launch.MixinTweaker from `FermiumBooter-1.4.1.jar
[02:38:11] [main/WARN] [FML]: Found FMLCorePluginContainsFMLMod marker in AquaAcrobatics-1.15.4.jar. This is not recommended, @Mods should be in a separate jar from the coremod.
[02:38:11] [main/WARN] [FML]: The coremod Aqua Acrobatics Transformer (com.fuzs.aquaacrobatics.core.AquaAcrobaticsCore) is not signed!
[02:38:11] [main/INFO] [FML]: Loading tweaker org.spongepowered.asm.launch.MixinTweaker from Atlas-Lib-1.12.2-1.1.9.jar
[02:38:11] [main/WARN] [FML]: Found FMLCorePluginContainsFMLMod marker in Baubley-Elytra-v1.3.3-mc1.12.2.jar. This is not recommended, @Mods should be in a separate jar from the coremod.
[02:38:11] [main/WARN] [FML]: The coremod Baubley Elytra Plugin (git.jbredwards.baubleye.BaubleyElytra) is not signed!
[02:38:11] [main/INFO] [FML]: Loading tweaker guichaguri.betterfps.tweaker.BetterFpsTweaker from BetterFps-1.4.8.jar
[02:38:11] [main/WARN] [FML]: Found FMLCorePluginContainsFMLMod marker in Bloodmoon-MC1.12.2-1.5.3.jar. This is not recommended, @Mods should be in a separate jar from the coremod.
[02:38:11] [main/WARN] [FML]: The coremod lumien.bloodmoon.asm.LoadingPlugin does not have a MCVersion annotation, it may cause issues with this version of Minecraft
[02:38:11] [main/WARN] [FML]: Found FMLCorePluginContainsFMLMod marker in bstweaker-1.0.2a.jar. This is not recommended, @Mods should be in a separate jar from the coremod.
[02:38:11] [main/INFO] [FermiumRegistryAPI]: FermiumRegistryAPI supplied "mixins.bstweaker-early.json" for early mixin enqueue, adding.
[02:38:11] [main/INFO] [BSTweaker]: Early mixin queued via FermiumBooter
[02:38:11] [main/INFO] [FermiumRegistryAPI]: FermiumRegistryAPI supplied "mixins.bstweaker.json" for late mixin enqueue, adding.
[02:38:11] [main/INFO] [BSTweaker]: Main mixin queued via FermiumBooter
[02:38:11] [main/WARN] [FML]: The coremod BSTweakerCore (com.mujmajnkraft.bstweaker.core.BSTweakerMixinPlugin) is not signed!
[02:38:11] [main/WARN] [FML]: Found FMLCorePluginContainsFMLMod marker in CreativeCore_v1.10.71_mc1.12.2.jar. This is not recommended, @Mods should be in a separate jar from the coremod.
[02:38:11] [main/WARN] [FML]: The coremod com.creativemd.creativecore.core.CreativePatchingLoader does not have a MCVersion annotation, it may cause issues with this version of Minecraft
[02:38:11] [main/WARN] [FML]: The coremod CreativePatchingLoader (com.creativemd.creativecore.core.CreativePatchingLoader) is not signed!
[02:38:11] [main/INFO] [FML]: Loading tweaker customskinloader.forge.ForgeTweaker from CustomSkinLoader_ForgeV1-14.27.jar
[02:38:11] [main/INFO] [FML]: Loading tweaker org.spongepowered.asm.launch.MixinTweaker from farsight-1.6.jar
[02:38:11] [main/WARN] [FML]: Found FMLCorePluginContainsFMLMod marker in ForgeEndertech-1.12.2-4.5.6.1-build.0648.jar. This is not recommended, @Mods should be in a separate jar from the coremod.
[02:38:11] [main/WARN] [FML]: The coremod com.endertech.minecraft.forge.coremod.CorePlugin does not have a MCVersion annotation, it may cause issues with this version of Minecraft
[02:38:11] [main/WARN] [FML]: The coremod CorePlugin (com.endertech.minecraft.forge.coremod.CorePlugin) is not signed!
[02:38:11] [main/WARN] [FML]: Found FMLCorePluginContainsFMLMod marker in Forgelin-1.8.4.jar. This is not recommended, @Mods should be in a separate jar from the coremod.
[02:38:11] [main/WARN] [FML]: The coremod net.shadowfacts.forgelin.preloader.ForgelinPlugin does not have a MCVersion annotation, it may cause issues with this version of Minecraft
[02:38:11] [main/WARN] [FML]: The coremod ForgelinPlugin (net.shadowfacts.forgelin.preloader.ForgelinPlugin) is not signed!
[02:38:11] [main/WARN] [FML]: Found FMLCorePluginContainsFMLMod marker in Future-MC-0.2.21.jar. This is not recommended, @Mods should be in a separate jar from the coremod.
[02:38:11] [main/WARN] [FML]: The coremod FutureMC (thedarkcolour.futuremc.asm.CoreLoader) is not signed!
[02:38:11] [main/INFO] [FML]: Loading tweaker org.spongepowered.asm.launch.MixinTweaker from GPUTape-1.12.2-1.0.4.jar
[02:38:11] [main/WARN] [FML]: Found FMLCorePluginContainsFMLMod marker in HammerLib-1.12.2-12.2.58.jar. This is not recommended, @Mods should be in a separate jar from the coremod.
[02:38:11] [main/INFO] [FML]: Loading tweaker org.spongepowered.asm.launch.MixinTweaker from hermitsarsenal-V1.jar
[02:38:11] [main/INFO] [FML]: Loading tweaker org.spongepowered.asm.launch.MixinTweaker from Ice and Fire-2.2.5.jar
[02:38:11] [main/WARN] [FML]: The coremod ivorius.ivtoolkit.IvToolkitLoadingPlugin does not have a MCVersion annotation, it may cause issues with this version of Minecraft
[02:38:11] [main/WARN] [FML]: The coremod IvToolkit (ivorius.ivtoolkit.IvToolkitLoadingPlugin) is not signed!
[02:38:11] [main/INFO] [FML]: Loading tweaker org.spongepowered.asm.launch.MixinTweaker from konkrete_forge_1.6.1_MC_1.12-1.12.2.jar
[02:38:11] [main/WARN] [FML]: Found FMLCorePluginContainsFMLMod marker in lootr-1.12.2-0.6.2.jar. This is not recommended, @Mods should be in a separate jar from the coremod.
[02:38:11] [main/WARN] [FML]: The coremod LootrCore (noobanidus.mods.lootr.LootrCore) is not signed!
[02:38:11] [main/INFO] [FML]: Loading tweaker org.spongepowered.asm.launch.MixinTweaker from LootTweaker-0.5.1+MC1.12.2-DLS0.jar
[02:38:11] [main/INFO] [FML]: Loading tweaker org.spongepowered.asm.launch.MixinTweaker from MyServerIsCompatible-1.12.2-1.0.jar
[02:38:11] [main/INFO] [FML]: Loading tweaker org.spongepowered.asm.launch.MixinTweaker from nocubesrptweaks-V5.1.jar
[02:38:11] [main/WARN] [FML]: The coremod ObfuscatePlugin (com.mrcrayfish.obfuscate.asm.ObfuscatePlugin) is not signed!
[02:38:11] [main/INFO] [FML]: Loading tweaker optifine.OptiFineForgeTweaker from OptiFine_1.12.2_HD_U_G5.jar
[02:38:11] [main/WARN] [FML]: Found FMLCorePluginContainsFMLMod marker in Quark-r1.6-179.jar. This is not recommended, @Mods should be in a separate jar from the coremod.
[02:38:11] [main/WARN] [FML]: The coremod Quark Plugin (vazkii.quark.base.asm.LoadingPlugin) is not signed!
[02:38:11] [main/WARN] [FML]: Found FMLCorePluginContainsFMLMod marker in ReachFix-1.12.2-1.1.3.jar. This is not recommended, @Mods should be in a separate jar from the coremod.
[02:38:11] [main/WARN] [FML]: The coremod ReachFixPlugin (meldexun.reachfix.asm.ReachFixPlugin) is not signed!
[02:38:11] [main/WARN] [FML]: Found FMLCorePluginContainsFMLMod marker in ResourceLoader-MC1.12.1-1.5.3.jar. This is not recommended, @Mods should be in a separate jar from the coremod.
[02:38:11] [main/WARN] [FML]: The coremod lumien.resourceloader.asm.LoadingPlugin does not have a MCVersion annotation, it may cause issues with this version of Minecraft
[02:38:11] [main/INFO] [FML]: Loading tweaker org.spongepowered.asm.launch.MixinTweaker from RLCombat-1.12.2-2.2.4.jar
[02:38:11] [main/WARN] [FML]: Found FMLCorePluginContainsFMLMod marker in SereneSeasons-1.12.2-1.2.18-universal.jar. This is not recommended, @Mods should be in a separate jar from the coremod.
[02:38:11] [main/WARN] [FML]: The coremod sereneseasons.asm.SSLoadingPlugin does not have a MCVersion annotation, it may cause issues with this version of Minecraft
[02:38:11] [main/WARN] [FML]: The coremod SSLoadingPlugin (sereneseasons.asm.SSLoadingPlugin) is not signed!
[02:38:11] [main/WARN] [FML]: Found FMLCorePluginContainsFMLMod marker in SimpleDifficulty-1.12.2-0.3.9.jar. This is not recommended, @Mods should be in a separate jar from the coremod.
[02:38:11] [main/WARN] [FML]: The coremod com.charles445.simpledifficulty.asm.CoreLoader does not have a MCVersion annotation, it may cause issues with this version of Minecraft
[02:38:11] [main/WARN] [FML]: The coremod SimpleDifficulty ASM (com.charles445.simpledifficulty.asm.CoreLoader) is not signed!
[02:38:11] [main/INFO] [FML]: Loading tweaker org.spongepowered.asm.launch.MixinTweaker from SoManyEnchantments-1.0.8-1.12.2.jar
[02:38:11] [main/INFO] [FML]: Loading tweaker org.spongepowered.asm.launch.MixinTweaker from SpartanWeaponry-1.12.2-1.6.1.jar
[02:38:11] [main/WARN] [FML]: Found FMLCorePluginContainsFMLMod marker in TenshiLib-1.12.2-1.2.4.jar. This is not recommended, @Mods should be in a separate jar from the coremod.
[02:38:11] [main/WARN] [FML]: The coremod TenshiCore (com.flemmli97.tenshilib.asm.ASMLoader) is not signed!
[02:38:11] [main/WARN] [FML]: Found FMLCorePluginContainsFMLMod marker in wings-1.1.6-1.12.2.jar. This is not recommended, @Mods should be in a separate jar from the coremod.
[02:38:11] [main/WARN] [FML]: The coremod wings (me.paulf.wings.server.asm.plugin.WingsLoadingPlugin) is not signed!
[02:38:11] [main/INFO] [FML]: Loading tweaker org.spongepowered.asm.launch.MixinTweaker from DaomephstaLootShared-0.0.2.jar
[02:38:11] [main/INFO] [LaunchWrapper]: Loading tweak class name net.minecraftforge.fml.common.launcher.FMLInjectionAndSortingTweaker
[02:38:11] [main/INFO] [LaunchWrapper]: Loading tweak class name org.spongepowered.asm.launch.MixinTweaker
[02:38:11] [main/INFO] [mixin]: SpongePowered MIXIN Subsystem Version=0.8.7 Source=file:/workspaces/laughing-goggles/servidor_minecraft/./mods/!mixinbooter-10.7.jar Service=LaunchWrapper Env=SERVER
[02:38:11] [main/WARN] [FML]: The coremod zone.rong.mixinbooter.MixinBooterPlugin does not have a MCVersion annotation, it may cause issues with this version of Minecraft
[02:38:11] [main/WARN] [FML]: The coremod MixinBooter (zone.rong.mixinbooter.MixinBooterPlugin) is not signed!
[02:38:11] [main/INFO] [MixinBooter]: Initializing Mixins...
[02:38:11] [main/INFO] [mixin]: Compatibility level set to JAVA_8
[02:38:11] [main/INFO] [MixinBooter]: Initializing MixinExtras...
[02:38:11] [main/INFO] [MixinBooter]: Gathering present mods...
[02:38:12] [main/INFO] [MixinBooter]: Finished gathering 38 coremods...
[02:38:12] [main/WARN] [FML]: The coremod SecurityCraftLoadingPlugin (net.geforcemods.securitycraft.SecurityCraftLoadingPlugin) is not signed!
[02:38:12] [main/WARN] [FML]: The coremod SuperMartijn642's Core Lib Plugin (com.supermartijn642.core.coremod.CoreModPlugin) is not signed!
[02:38:12] [main/INFO] [FermiumBooter]: FermiumBooter beginning forced mixin config handling.
[02:38:12] [main/INFO] [FermiumBooter]: FermiumBooter finished forced mixin config handling, removed 0 mixin configs.
[02:38:12] [main/WARN] [FML]: The coremod FermiumBooter (fermiumbooter.FermiumPlugin) is not signed!
[02:38:12] [main/WARN] [FML]: The coremod net.smileycorp.atlas.common.MixinLoader does not have a MCVersion annotation, it may cause issues with this version of Minecraft
[02:38:12] [main/WARN] [FML]: The coremod MixinLoader (net.smileycorp.atlas.common.MixinLoader) is not signed!
[02:38:12] [main/WARN] [FML]: The coremod IceAndFirePlugin (com.github.alexthe666.iceandfire.IceAndFirePlugin) is not signed!
[02:38:12] [main/WARN] [FML]: The coremod de.keksuccino.konkrete.core.KonkreteCore does not have a MCVersion annotation, it may cause issues with this version of Minecraft
[02:38:12] [main/WARN] [FML]: The coremod KonkreteCore (de.keksuccino.konkrete.core.KonkreteCore) is not signed!
[02:38:12] [main/INFO] [de.keksuccino.konkrete.core.KonkreteCore]: [KONKRETE] LOADING CORE PLUGIN!
[02:38:12] [main/WARN] [FML]: The coremod com.focamacho.myserveriscompatible.asm.MSICCoreMod does not have a MCVersion annotation, it may cause issues with this version of Minecraft
[02:38:12] [main/WARN] [FML]: The coremod MSICCoreMod (com.focamacho.myserveriscompatible.asm.MSICCoreMod) is not signed!
[02:38:12] [main/WARN] [FML]: The coremod BetterCombat (bettercombat.mod.util.BetterCombatPlugin) is not signed!
[02:38:12] [main/INFO] [FermiumRegistryAPI]: FermiumRegistryAPI supplied "mixins.bettercombatmod.json" for early mixin enqueue, adding.
[02:38:12] [main/WARN] [FML]: The coremod SoManyEnchantmentsPlugin (com.shultrea.rin.SoManyEnchantmentsPlugin) is not signed!
[02:38:12] [main/INFO] [FermiumRegistryAPI]: FermiumRegistryAPI supplied "mixins.somanyenchantments.vanilla.json" for early mixin enqueue, adding.
[02:38:12] [main/INFO] [FermiumRegistryAPI]: FermiumRegistryAPI supplied "mixins.somanyenchantments.bettercombat.json" for late mixin enqueue, adding.
[02:38:12] [main/WARN] [FML]: The coremod SpartanWeaponry-MixinLoader (com.oblivioussp.spartanweaponry.mixin.MixinLoader) is not signed!
[02:38:12] [main/WARN] [LaunchWrapper]: Tweak class name org.spongepowered.asm.launch.MixinTweaker has already been visited -- skipping
[02:38:12] [main/WARN] [LaunchWrapper]: Tweak class name org.spongepowered.asm.launch.MixinTweaker has already been visited -- skipping
[02:38:12] [main/WARN] [LaunchWrapper]: Tweak class name org.spongepowered.asm.launch.MixinTweaker has already been visited -- skipping
[02:38:12] [main/WARN] [LaunchWrapper]: Tweak class name org.spongepowered.asm.launch.MixinTweaker has already been visited -- skipping
[02:38:12] [main/WARN] [LaunchWrapper]: Tweak class name org.spongepowered.asm.launch.MixinTweaker has already been visited -- skipping
[02:38:12] [main/WARN] [LaunchWrapper]: Tweak class name org.spongepowered.asm.launch.MixinTweaker has already been visited -- skipping
[02:38:12] [main/INFO] [LaunchWrapper]: Loading tweak class name guichaguri.betterfps.tweaker.BetterFpsTweaker
[02:38:12] [main/INFO] [LaunchWrapper]: Loading tweak class name customskinloader.forge.ForgeTweaker
[02:38:12] [main/WARN] [LaunchWrapper]: Tweak class name org.spongepowered.asm.launch.MixinTweaker has already been visited -- skipping
[02:38:12] [main/WARN] [LaunchWrapper]: Tweak class name org.spongepowered.asm.launch.MixinTweaker has already been visited -- skipping
[02:38:12] [main/WARN] [LaunchWrapper]: Tweak class name org.spongepowered.asm.launch.MixinTweaker has already been visited -- skipping
[02:38:12] [main/WARN] [LaunchWrapper]: Tweak class name org.spongepowered.asm.launch.MixinTweaker has already been visited -- skipping
[02:38:12] [main/WARN] [LaunchWrapper]: Tweak class name org.spongepowered.asm.launch.MixinTweaker has already been visited -- skipping
[02:38:12] [main/WARN] [LaunchWrapper]: Tweak class name org.spongepowered.asm.launch.MixinTweaker has already been visited -- skipping
[02:38:12] [main/WARN] [LaunchWrapper]: Tweak class name org.spongepowered.asm.launch.MixinTweaker has already been visited -- skipping
[02:38:12] [main/WARN] [LaunchWrapper]: Tweak class name org.spongepowered.asm.launch.MixinTweaker has already been visited -- skipping
[02:38:12] [main/INFO] [LaunchWrapper]: Loading tweak class name optifine.OptiFineForgeTweaker
[02:38:12] [main/WARN] [LaunchWrapper]: Tweak class name org.spongepowered.asm.launch.MixinTweaker has already been visited -- skipping
[02:38:12] [main/WARN] [LaunchWrapper]: Tweak class name org.spongepowered.asm.launch.MixinTweaker has already been visited -- skipping
[02:38:12] [main/WARN] [LaunchWrapper]: Tweak class name org.spongepowered.asm.launch.MixinTweaker has already been visited -- skipping
[02:38:12] [main/WARN] [LaunchWrapper]: Tweak class name org.spongepowered.asm.launch.MixinTweaker has already been visited -- skipping
[02:38:12] [main/INFO] [LaunchWrapper]: Loading tweak class name net.minecraftforge.fml.common.launcher.FMLDeobfTweaker
[02:38:12] [main/INFO] [LaunchWrapper]: Calling tweak class net.minecraftforge.fml.common.launcher.FMLInjectionAndSortingTweaker
[02:38:12] [main/INFO] [LaunchWrapper]: Calling tweak class net.minecraftforge.fml.common.launcher.FMLInjectionAndSortingTweaker
[02:38:12] [main/INFO] [LaunchWrapper]: Calling tweak class optifine.OptiFineForgeTweaker
[02:38:12] [main/INFO] [STDOUT]: [optifine.OptiFineForgeTweaker:dbg:56]: OptiFineForgeTweaker: acceptOptions
[02:38:12] [main/INFO] [STDOUT]: [optifine.OptiFineForgeTweaker:dbg:56]: OptiFineForgeTweaker: Forge server detected, skipping class transformer
[02:38:12] [main/INFO] [LaunchWrapper]: Calling tweak class customskinloader.forge.ForgeTweaker
[02:38:12] [main/INFO] [LaunchWrapper]: Calling tweak class net.minecraftforge.fml.relauncher.CoreModManager$FMLPluginWrapper
[02:38:13] [main/INFO] [FML]: Found valid fingerprint for Minecraft Forge. Certificate fingerprint e3c3d50c7c986df74c645c0ac54639741c90a557
[02:38:13] [main/INFO] [LaunchWrapper]: Calling tweak class net.minecraftforge.fml.relauncher.CoreModManager$FMLPluginWrapper
[02:38:13] [main/INFO] [LaunchWrapper]: Calling tweak class net.minecraftforge.fml.relauncher.CoreModManager$FMLPluginWrapper
[02:38:13] [main/INFO] [Aqua Acrobatics Transformer]: Running in obf, thanks for playing with the mod!
[02:38:13] [main/INFO] [LaunchWrapper]: Calling tweak class net.minecraftforge.fml.relauncher.CoreModManager$FMLPluginWrapper
[02:38:13] [main/INFO] [LaunchWrapper]: Calling tweak class net.minecraftforge.fml.relauncher.CoreModManager$FMLPluginWrapper
[02:38:13] [main/INFO] [LaunchWrapper]: Calling tweak class net.minecraftforge.fml.relauncher.CoreModManager$FMLPluginWrapper
[02:38:13] [main/INFO] [LaunchWrapper]: Calling tweak class net.minecraftforge.fml.relauncher.CoreModManager$FMLPluginWrapper
[02:38:13] [main/INFO] [LaunchWrapper]: Calling tweak class net.minecraftforge.fml.relauncher.CoreModManager$FMLPluginWrapper
[02:38:13] [main/INFO] [LaunchWrapper]: Calling tweak class net.minecraftforge.fml.relauncher.CoreModManager$FMLPluginWrapper
[02:38:13] [main/INFO] [LaunchWrapper]: Calling tweak class net.minecraftforge.fml.relauncher.CoreModManager$FMLPluginWrapper
[02:38:13] [main/INFO] [LaunchWrapper]: Calling tweak class net.minecraftforge.fml.relauncher.CoreModManager$FMLPluginWrapper
[02:38:13] [main/INFO] [LaunchWrapper]: Calling tweak class org.spongepowered.asm.launch.MixinTweaker
[02:38:13] [main/INFO] [mixin]: Initialised Mixin FML Remapper Adapter with net.minecraftforge.fml.common.asm.transformers.deobf.FMLDeobfuscatingRemapper@622fdb81
[02:38:13] [main/INFO] [MixinBooter]: Loading early loader noobanidus.mods.lootr.LootrCore for its mixins.
[02:38:13] [main/INFO] [MixinBooter]: Adding [lootr.mixins.json] mixin configuration.
[02:38:13] [main/INFO] [FermiumJarScanner]: FermiumJarScanner beginning jar searching.
[02:38:13] [main/INFO] [FML]: Searching /workspaces/laughing-goggles/servidor_minecraft/./mods for mods
[02:38:15] [main/INFO] [FermiumJarScanner]: FermiumJarScanner finished jar searching, found 149 ModIDs.
[02:38:15] [main/INFO] [FermiumJarScanner]: FermiumMixinConfig beginning MixinConfig parsing.
[02:38:15] [main/INFO] [FermiumJarScanner]: FermiumMixinConfig enqueueing mixin(s) parsed from annotated config Append General Mixin Exceptions To Crash Reports from fermiumbooter.
[02:38:15] [main/INFO] [FermiumRegistryAPI]: FermiumRegistryAPI supplied "mixins.fermiumbooter.crashreport.json" for early mixin enqueue, adding.
[02:38:15] [main/INFO] [FermiumJarScanner]: FermiumMixinConfig enqueueing mixin(s) parsed from annotated config BetterSurvival Forced Compatibility from somanyenchantments.
[02:38:15] [main/INFO] [FermiumRegistryAPI]: FermiumRegistryAPI supplied "mixins.somanyenchantments.compatcancel_bs.json" for late mixin enqueue, adding.
[02:38:15] [main/INFO] [FermiumJarScanner]: FermiumMixinConfig enqueueing mixin(s) parsed from annotated config InfernalMobs Random Enchants Compatibility from somanyenchantments.
[02:38:15] [main/INFO] [FermiumRegistryAPI]: FermiumRegistryAPI supplied "mixins.somanyenchantments.infernalmobs_randomenchants.json" for late mixin enqueue, adding.
[02:38:15] [main/INFO] [FermiumJarScanner]: FermiumMixinConfig enqueueing mixin(s) parsed from annotated config .Enable Upgrading Mechanic from somanyenchantments.
[02:38:15] [main/INFO] [FermiumRegistryAPI]: FermiumRegistryAPI supplied "mixins.somanyenchantments.upgrading.json" for early mixin enqueue, adding.
[02:38:15] [main/INFO] [FermiumJarScanner]: FermiumMixinConfig finished MixinConfig parsing, parsed 4 config options with 0 warnings
[02:38:15] [main/INFO] [FermiumBooter]: FermiumBooter adding "mixins.fermiumbooter.crashreport.json" for early mixin application.
[02:38:15] [main/INFO] [FermiumBooter]: FermiumBooter adding "mixins.bstweaker-early.json" for early mixin application.
[02:38:15] [main/INFO] [FermiumBooter]: FermiumBooter adding "mixins.somanyenchantments.vanilla.json" for early mixin application.
[02:38:15] [main/INFO] [FermiumBooter]: FermiumBooter adding "mixins.bettercombatmod.json" for early mixin application.
[02:38:15] [main/INFO] [FermiumBooter]: FermiumBooter adding "mixins.somanyenchantments.upgrading.json" for early mixin application.
[02:38:15] [main/INFO] [LaunchWrapper]: Calling tweak class guichaguri.betterfps.tweaker.BetterFpsTweaker
[02:38:15] [main/INFO] [LaunchWrapper]: Calling tweak class net.minecraftforge.fml.common.launcher.FMLDeobfTweaker
[02:38:15] [main/INFO] [Hammer Core [ASM]]: Transforming net.minecraft.entity.EntityLivingBase (vp)...
[02:38:15] [main/INFO] [Hammer Core [ASM]]:   -Patching EntityLivingBase
[02:38:15] [main/INFO] [Hammer Core [ASM]]:     -Modified method 'onItemUseFinish': added event call.
[02:38:15] [main/INFO] [org.spongepowered.asm.service.mojang.MixinServiceLaunchWrapper]: A re-entrant transformer '$wrapper.com.zeitheron.hammercore.asm.HammerCoreTransformer' was detected and will no longer process meta class data
[02:38:15] [main/INFO] [MixinExtras|Service]: Initializing MixinExtras via com.llamalad7.mixinextras.service.MixinExtrasServiceImpl(version=0.5.0).
[02:38:16] [main/INFO] [LaunchWrapper]: Calling tweak class net.minecraftforge.fml.relauncher.CoreModManager$FMLPluginWrapper
[02:38:16] [main/INFO] [LaunchWrapper]: Calling tweak class net.minecraftforge.fml.relauncher.CoreModManager$FMLPluginWrapper
[02:38:16] [main/INFO] [LaunchWrapper]: Calling tweak class net.minecraftforge.fml.relauncher.CoreModManager$FMLPluginWrapper
[02:38:16] [main/INFO] [LaunchWrapper]: Calling tweak class net.minecraftforge.fml.relauncher.CoreModManager$FMLPluginWrapper
[02:38:16] [main/INFO] [LaunchWrapper]: Calling tweak class net.minecraftforge.fml.relauncher.CoreModManager$FMLPluginWrapper
[02:38:16] [main/INFO] [LaunchWrapper]: Calling tweak class net.minecraftforge.fml.relauncher.CoreModManager$FMLPluginWrapper
[02:38:16] [main/INFO] [LaunchWrapper]: Calling tweak class net.minecraftforge.fml.relauncher.CoreModManager$FMLPluginWrapper
[02:38:16] [main/INFO] [LaunchWrapper]: Calling tweak class net.minecraftforge.fml.relauncher.CoreModManager$FMLPluginWrapper
[02:38:16] [main/INFO] [LaunchWrapper]: Calling tweak class net.minecraftforge.fml.relauncher.CoreModManager$FMLPluginWrapper
[02:38:16] [main/INFO] [LaunchWrapper]: Calling tweak class net.minecraftforge.fml.relauncher.CoreModManager$FMLPluginWrapper
[02:38:16] [main/INFO] [BSTweaker]: [ASM] Running in obfuscated environment
[02:38:16] [main/INFO] [BSTweaker]: Resource loading via DynamicResourcePack (no JAR injection)
[02:38:16] [main/INFO] [LaunchWrapper]: Calling tweak class net.minecraftforge.fml.relauncher.CoreModManager$FMLPluginWrapper
[02:38:16] [main/INFO] [LaunchWrapper]: Loading tweak class name net.minecraftforge.fml.common.launcher.TerminalTweaker
[02:38:16] [main/INFO] [LaunchWrapper]: Loading tweak class name org.spongepowered.asm.mixin.EnvironmentStateTweaker
[02:38:16] [main/INFO] [LaunchWrapper]: Calling tweak class net.minecraftforge.fml.common.launcher.TerminalTweaker
[02:38:16] [main/INFO] [LaunchWrapper]: Calling tweak class org.spongepowered.asm.mixin.EnvironmentStateTweaker
[02:38:16] [main/INFO] [STDOUT]: [optifine.OptiFineForgeTweaker:dbg:56]: OptiFineForgeTweaker: getLaunchArguments
[02:38:16] [main/WARN] [mixin]: Reference map 'mixins.mixincompat.refmap.json' for mixins.mixincompat.json could not be read. If this is a development environment you can ignore this message
[02:38:16] [main/INFO] [ASMUtil]: Transforming class net/minecraft/network/NetHandlerPlayServer
[02:38:16] [main/INFO] [ASMUtil]: Transforming method net/minecraft/network/NetHandlerPlayServer.func_147340_a(Lnet/minecraft/network/play/client/CPacketUseEntity;)V
[02:38:16] [main/INFO] [ASMUtil]: Transforming class net/minecraft/network/NetHandlerPlayServer
[02:38:16] [main/INFO] [ASMUtil]: Transforming method net/minecraft/network/NetHandlerPlayServer.func_147345_a(Lnet/minecraft/network/play/client/CPacketPlayerDigging;)V
[02:38:16] [main/WARN] [LLibrary Core]: Failed to fetch hierarchy node for net.minecraft.util.text.TextComponentTranslation. This may cause patch issues
[02:38:16] [main/WARN] [LLibrary Core]: Failed to fetch hierarchy node for net.minecraft.util.math.BlockPos. This may cause patch issues
[02:38:16] [main/WARN] [LLibrary Core]: Failed to fetch hierarchy node for net.minecraft.tileentity.CommandBlockBaseLogic. This may cause patch issues
[02:38:16] [main/WARN] [LLibrary Core]: Failed to fetch hierarchy node for net.minecraft.item.ItemStack. This may cause patch issues
[02:38:16] [main/INFO] [Quark ASM]: Transforming net.minecraft.entity.Entity
[02:38:16] [main/INFO] [Quark ASM]: Applying Transformation to method (Names [move, func_70091_d] Descriptor (Lnet/minecraft/entity/MoverType;DDD)V)
[02:38:16] [main/INFO] [Quark ASM]: Located Method, patching...
[02:38:16] [main/INFO] [Quark ASM]: Patch result: true
[02:38:16] [main/INFO] [Quark ASM]: Located Method, patching...
[02:38:16] [main/INFO] [Quark ASM]: Located patch target node INVOKEVIRTUAL net/minecraft/entity/Entity.func_145775_I ()V
[02:38:16] [main/INFO] [Quark ASM]: Patch result: true
[02:38:16] [main/INFO] [Quark ASM]: Applying Transformation to method (Names [onEntityUpdate, func_70030_z] Descriptor ()V)
[02:38:16] [main/INFO] [Quark ASM]: Located Method, patching...
[02:38:16] [main/INFO] [Quark ASM]: Patch result: true
[02:38:16] [main/INFO] [Quark ASM]: Transforming net.minecraft.entity.item.EntityItem
[02:38:16] [main/INFO] [Quark ASM]: Applying Transformation to method (Names [onUpdate, func_70071_h_] Descriptor ()V)
[02:38:16] [main/INFO] [Quark ASM]: Located Method, patching...
[02:38:16] [main/INFO] [Quark ASM]: Patch result: true
[02:38:16] [main/INFO] [Quark ASM]: Transforming net.minecraft.block.BlockPistonBase
[02:38:16] [main/INFO] [Quark ASM]: Applying Transformation to method (Names [canPush, func_185646_a] Descriptor (Lnet/minecraft/block/state/IBlockState;Lnet/minecraft/world/World;Lnet/minecraft/util/math/BlockPos;Lnet/minecraft/util/EnumFacing;ZLnet/minecraft/util/EnumFacing;)Z)
[02:38:16] [main/INFO] [Quark ASM]: Located Method, patching...
[02:38:16] [main/INFO] [Quark ASM]: Located patch target node INVOKEVIRTUAL net/minecraft/block/Block.hasTileEntity (Lnet/minecraft/block/state/IBlockState;)Z
[02:38:16] [main/INFO] [Quark ASM]: Patch result: true
[02:38:16] [main/INFO] [Quark ASM]: Applying Transformation to method (Names [doMove, func_176319_a] Descriptor (Lnet/minecraft/world/World;Lnet/minecraft/util/math/BlockPos;Lnet/minecraft/util/EnumFacing;Z)Z)
[02:38:16] [main/INFO] [Quark ASM]: Located Method, patching...
[02:38:16] [main/INFO] [Quark ASM]: Located patch target node INVOKEVIRTUAL net/minecraft/block/state/BlockPistonStructureHelper.func_177254_c ()Ljava/util/List;
[02:38:16] [main/INFO] [Quark ASM]: Patch result: true
[02:38:16] [main/INFO] [Quark ASM]: Applying Transformation to method (Names [doMove, func_176319_a] Descriptor (Lnet/minecraft/world/World;Lnet/minecraft/util/math/BlockPos;Lnet/minecraft/util/EnumFacing;Z)Z)
[02:38:16] [main/INFO] [Quark ASM]: Located Method, patching...
[02:38:16] [main/INFO] [Quark ASM]: Located patch target node INVOKESPECIAL net/minecraft/block/state/BlockPistonStructureHelper.<init> (Lnet/minecraft/world/World;Lnet/minecraft/util/math/BlockPos;Lnet/minecraft/util/EnumFacing;Z)V
[02:38:16] [main/INFO] [Quark ASM]: Patch result: true
[02:38:16] [main/INFO] [Quark ASM]: Applying Transformation to method (Names [checkForMove, func_176316_e] Descriptor (Lnet/minecraft/world/World;Lnet/minecraft/util/math/BlockPos;Lnet/minecraft/block/state/IBlockState;)V)
[02:38:16] [main/INFO] [Quark ASM]: Located Method, patching...
[02:38:16] [main/INFO] [Quark ASM]: Located patch target node INVOKESPECIAL net/minecraft/block/state/BlockPistonStructureHelper.<init> (Lnet/minecraft/world/World;Lnet/minecraft/util/math/BlockPos;Lnet/minecraft/util/EnumFacing;Z)V
[02:38:16] [main/INFO] [Quark ASM]: Patch result: true
[02:38:17] [main/INFO] [Quark ASM]: Transforming net.minecraft.entity.item.EntityBoat
[02:38:17] [main/INFO] [Quark ASM]: Applying Transformation to method (Names [attackEntityFrom, func_70097_a] Descriptor (Lnet/minecraft/util/DamageSource;F)Z)
[02:38:17] [main/INFO] [Quark ASM]: Located Method, patching...
[02:38:17] [main/INFO] [Quark ASM]: Located patch target node INVOKEVIRTUAL net/minecraft/entity/item/EntityBoat.func_145778_a (Lnet/minecraft/item/Item;IF)Lnet/minecraft/entity/item/EntityItem;
[02:38:17] [main/INFO] [Quark ASM]: Patch result: true
[02:38:17] [main/WARN] [mixin]: Error loading class: net/minecraft/world/biome/BiomeColorHelper$3 (java.lang.ClassNotFoundException: The specified class 'net.minecraft.world.biome.BiomeColorHelper$3' was not found)
[02:38:17] [main/WARN] [mixin]: @Mixin target net/minecraft/world/biome/BiomeColorHelper$3 was not found META-INF/mixins.aquaacrobatics.json:BiomeColorHelperMixin from owner aquaacrobatics
[02:38:17] [main/INFO] [org.spongepowered.asm.service.mojang.MixinServiceLaunchWrapper]: A re-entrant transformer '$wrapper.thedarkcolour.futuremc.asm.CoreTransformer' was detected and will no longer process meta class data
[02:38:17] [main/INFO] [BetterFps]: Patching net.minecraft.block.Block... (aow)
[02:38:17] [main/INFO] [org.spongepowered.asm.service.mojang.MixinServiceLaunchWrapper]: A re-entrant transformer 'guichaguri.betterfps.transformers.PatcherTransformer' was detected and will no longer process meta class data
[02:38:17] [main/INFO] [org.spongepowered.asm.service.mojang.MixinServiceLaunchWrapper]: A re-entrant transformer '$wrapper.sereneseasons.asm.transformer.WorldTransformer' was detected and will no longer process meta class data
[02:38:17] [main/INFO] [org.spongepowered.asm.service.mojang.MixinServiceLaunchWrapper]: A re-entrant transformer '$wrapper.lumien.bloodmoon.asm.ClassTransformer' was detected and will no longer process meta class data
[02:38:17] [main/WARN] [mixin]: Error loading class: net/minecraft/client/Minecraft (net.minecraftforge.fml.common.asm.ASMTransformerWrapper$TransformerException: Exception in class transformer net.minecraftforge.fml.common.asm.transformers.SideTransformer@2d82408 from coremod FMLCorePlugin)
[02:38:17] [main/WARN] [mixin]: @Mixin target net.minecraft.client.Minecraft was not found mixins.bstweaker-early.json:MixinMinecraftRefreshResources from owner unknown-owner
[02:38:17] [main/WARN] [mixin]: Error loading class: net/minecraft/client/renderer/block/model/ModelManager (net.minecraftforge.fml.common.asm.ASMTransformerWrapper$TransformerException: Exception in class transformer net.minecraftforge.fml.common.asm.transformers.SideTransformer@2d82408 from coremod FMLCorePlugin)
[02:38:17] [main/WARN] [mixin]: @Mixin target net.minecraft.client.renderer.block.model.ModelManager was not found mixins.bstweaker-early.json:MixinModelManagerAccessor from owner unknown-owner
[02:38:17] [main/WARN] [mixin]: Error loading class: net/minecraft/client/renderer/block/model/ModelManager (net.minecraftforge.fml.common.asm.ASMTransformerWrapper$TransformerException: Exception in class transformer net.minecraftforge.fml.common.asm.transformers.SideTransformer@2d82408 from coremod FMLCorePlugin)
[02:38:17] [main/WARN] [mixin]: @Mixin target net.minecraft.client.renderer.block.model.ModelManager was not found mixins.bstweaker-early.json:MixinModelManagerFastReload from owner unknown-owner
[02:38:17] [main/WARN] [mixin]: Error loading class: net/minecraft/client/renderer/texture/TextureAtlasSprite (net.minecraftforge.fml.common.asm.ASMTransformerWrapper$TransformerException: Exception in class transformer net.minecraftforge.fml.common.asm.transformers.SideTransformer@2d82408 from coremod FMLCorePlugin)
[02:38:17] [main/WARN] [mixin]: @Mixin target net.minecraft.client.renderer.texture.TextureAtlasSprite was not found mixins.bstweaker-early.json:MixinTextureAtlasSpritePreAlloc from owner unknown-owner
[02:38:17] [main/INFO] [Quark ASM]: Transforming net.minecraft.item.ItemStack
[02:38:17] [main/INFO] [Quark ASM]: Applying Transformation to method (Names [getTextComponent, func_151000_E] Descriptor ()Lnet/minecraft/util/text/ITextComponent;)
[02:38:17] [main/INFO] [Quark ASM]: Located Method, patching...
[02:38:17] [main/INFO] [Quark ASM]: Located patch target node ARETURN
[02:38:17] [main/INFO] [Quark ASM]: Patch result: true
[02:38:17] [main/INFO] [Hammer Core [ASM]]: Transforming net.minecraft.world.World (amu)...
[02:38:17] [main/INFO] [Hammer Core [ASM]]:   -Patching World
[02:38:17] [main/INFO] [Hammer Core [ASM]]:     -Modified method 'k', replaced nx.e()V with HC call.
[02:38:17] [main/INFO] [Quark ASM]: Transforming net.minecraft.world.WorldServer
[02:38:17] [main/INFO] [Quark ASM]: Applying Transformation to method (Names [areAllPlayersAsleep, func_73056_e] Descriptor ()Z)
[02:38:17] [main/INFO] [Quark ASM]: Located Method, patching...
[02:38:17] [main/INFO] [Quark ASM]: Patch result: true
[02:38:17] [main/INFO] [Quark ASM]: Applying Transformation to method (Names [wakeAllPlayers, func_73053_d] Descriptor ()V)
[02:38:17] [main/INFO] [Quark ASM]: Located Method, patching...
[02:38:17] [main/INFO] [Quark ASM]: Patch result: true
[02:38:17] [main/INFO] [ASMUtil]: Transforming class net/minecraft/server/management/PlayerInteractionManager
[02:38:17] [main/INFO] [ASMUtil]: Transforming method net/minecraft/server/management/PlayerInteractionManager.func_73076_a(Lnet/minecraft/world/GameType;)V
[02:38:17] [main/WARN] [LLibrary Core]: Failed to fetch hierarchy node for net.minecraft.entity.EntityLivingBase. This may cause patch issues
[02:38:17] [main/WARN] [LLibrary Core]: Failed to fetch hierarchy node for net.minecraft.entity.Entity. This may cause patch issues
[02:38:18] [main/INFO] [BetterFps]: Patching math utils with "RIVENS_HALF" algorithm
[02:38:18] [main/INFO] [org.spongepowered.asm.service.mojang.MixinServiceLaunchWrapper]: A re-entrant transformer 'guichaguri.betterfps.transformers.MathTransformer' was detected and will no longer process meta class data
[02:38:18] [main/INFO] [Hammer Core [ASM]]: Transforming net.minecraft.entity.EntityLivingBase (vp)...
[02:38:18] [main/INFO] [Hammer Core [ASM]]:   -Patching EntityLivingBase
[02:38:18] [main/INFO] [Hammer Core [ASM]]:     -Modified method 'onItemUseFinish': added event call.
[02:38:18] [main/WARN] [LLibrary Core]: Failed to fetch hierarchy node for net.minecraft.nbt.NBTTagList. This may cause patch issues
[02:38:18] [main/WARN] [LLibrary Core]: Failed to fetch hierarchy node for net.minecraft.entity.player.EntityPlayerMP. This may cause patch issues
[02:38:18] [main/INFO] [Quark ASM]: Transforming net.minecraft.util.DamageSource
[02:38:18] [main/INFO] [Quark ASM]: Applying Transformation to method (Names [causePlayerDamage, func_76365_a] Descriptor (Lnet/minecraft/entity/player/EntityPlayer;)Lnet/minecraft/util/DamageSource;)
[02:38:18] [main/INFO] [Quark ASM]: Located Method, patching...
[02:38:18] [main/INFO] [Quark ASM]: Patch result: true
[02:38:18] [main/INFO] [Quark ASM]: Transforming net.minecraft.enchantment.Enchantment
[02:38:18] [main/INFO] [Quark ASM]: Applying Transformation to method (Names [canApply, func_92089_a] Descriptor (Lnet/minecraft/item/ItemStack;)Z)
[02:38:18] [main/INFO] [Quark ASM]: Located Method, patching...
[02:38:18] [main/INFO] [Quark ASM]: Located patch target node IRETURN
[02:38:18] [main/INFO] [Quark ASM]: Patch result: true
[02:38:18] [main/INFO] [Quark ASM]: Transforming net.minecraft.entity.Entity
[02:38:18] [main/INFO] [Quark ASM]: Applying Transformation to method (Names [move, func_70091_d] Descriptor (Lnet/minecraft/entity/MoverType;DDD)V)
[02:38:18] [main/INFO] [Quark ASM]: Located Method, patching...
[02:38:18] [main/INFO] [Quark ASM]: Patch result: true
[02:38:18] [main/INFO] [Quark ASM]: Located Method, patching...
[02:38:18] [main/INFO] [Quark ASM]: Located patch target node INVOKEVIRTUAL net/minecraft/entity/Entity.func_145775_I ()V
[02:38:18] [main/INFO] [Quark ASM]: Patch result: true
[02:38:18] [main/INFO] [Quark ASM]: Applying Transformation to method (Names [onEntityUpdate, func_70030_z] Descriptor ()V)
[02:38:18] [main/INFO] [Quark ASM]: Located Method, patching...
[02:38:18] [main/INFO] [Quark ASM]: Patch result: true
[02:38:19] [main/INFO] [LaunchWrapper]: Launching wrapped minecraft {net.minecraft.server.MinecraftServer}
[02:38:19] [main/INFO] [BetterFps]: Patching net.minecraft.block.Block... (aow)
[02:38:19] [main/INFO] [Quark ASM]: Transforming net.minecraft.enchantment.Enchantment
[02:38:19] [main/INFO] [Quark ASM]: Applying Transformation to method (Names [canApply, func_92089_a] Descriptor (Lnet/minecraft/item/ItemStack;)Z)
[02:38:19] [main/INFO] [Quark ASM]: Located Method, patching...
[02:38:19] [main/INFO] [Quark ASM]: Located patch target node IRETURN
[02:38:19] [main/INFO] [Quark ASM]: Patch result: true
[02:38:19] [main/INFO] [Hammer Core [ASM]]: Transforming net.minecraft.entity.item.EntityItem (acl)...
[02:38:19] [main/INFO] [Hammer Core [ASM]]:   -Patching EntityItem
[02:38:19] [main/INFO] [Hammer Core [ASM]]:     -Modified method 'attackEntityFrom': added event call.
[02:38:19] [main/INFO] [Quark ASM]: Transforming net.minecraft.entity.item.EntityItem
[02:38:19] [main/INFO] [Quark ASM]: Applying Transformation to method (Names [onUpdate, func_70071_h_] Descriptor ()V)
[02:38:19] [main/INFO] [Quark ASM]: Located Method, patching...
[02:38:19] [main/INFO] [Quark ASM]: Patch result: true
[02:38:20] [main/INFO] [Quark ASM]: Transforming net.minecraft.item.ItemStack
[02:38:20] [main/INFO] [Quark ASM]: Applying Transformation to method (Names [getTextComponent, func_151000_E] Descriptor ()Lnet/minecraft/util/text/ITextComponent;)
[02:38:20] [main/INFO] [Quark ASM]: Located Method, patching...
[02:38:20] [main/INFO] [Quark ASM]: Located patch target node ARETURN
[02:38:20] [main/INFO] [Quark ASM]: Patch result: true
[02:38:20] [main/INFO] [Quark ASM]: Transforming net.minecraft.block.BlockDynamicLiquid
[02:38:20] [main/INFO] [Quark ASM]: Applying Transformation to method (Names [isBlocked, func_176372_g] Descriptor (Lnet/minecraft/world/World;Lnet/minecraft/util/math/BlockPos;Lnet/minecraft/block/state/IBlockState;)Z)
[02:38:20] [main/INFO] [Quark ASM]: Located Method, patching...
[02:38:20] [main/INFO] [Quark ASM]: Located patch target node IRETURN
[02:38:20] [main/INFO] [Quark ASM]: Located patch target node IRETURN
[02:38:20] [main/INFO] [Quark ASM]: Patch result: true
[02:38:20] [main/INFO] [BetterFps]: Patching math utils with "RIVENS_HALF" algorithm
[02:38:20] [main/INFO] [Quark ASM]: Transforming net.minecraft.block.BlockPistonBase
[02:38:20] [main/INFO] [Quark ASM]: Applying Transformation to method (Names [canPush, func_185646_a] Descriptor (Lnet/minecraft/block/state/IBlockState;Lnet/minecraft/world/World;Lnet/minecraft/util/math/BlockPos;Lnet/minecraft/util/EnumFacing;ZLnet/minecraft/util/EnumFacing;)Z)
[02:38:20] [main/INFO] [Quark ASM]: Located Method, patching...
[02:38:20] [main/INFO] [Quark ASM]: Located patch target node INVOKEVIRTUAL net/minecraft/block/Block.hasTileEntity (Lnet/minecraft/block/state/IBlockState;)Z
[02:38:20] [main/INFO] [Quark ASM]: Patch result: true
[02:38:20] [main/INFO] [Quark ASM]: Applying Transformation to method (Names [doMove, func_176319_a] Descriptor (Lnet/minecraft/world/World;Lnet/minecraft/util/math/BlockPos;Lnet/minecraft/util/EnumFacing;Z)Z)
[02:38:20] [main/INFO] [Quark ASM]: Located Method, patching...
[02:38:20] [main/INFO] [Quark ASM]: Located patch target node INVOKEVIRTUAL net/minecraft/block/state/BlockPistonStructureHelper.func_177254_c ()Ljava/util/List;
[02:38:20] [main/INFO] [Quark ASM]: Patch result: true
[02:38:20] [main/INFO] [Quark ASM]: Applying Transformation to method (Names [doMove, func_176319_a] Descriptor (Lnet/minecraft/world/World;Lnet/minecraft/util/math/BlockPos;Lnet/minecraft/util/EnumFacing;Z)Z)
[02:38:20] [main/INFO] [Quark ASM]: Located Method, patching...
[02:38:20] [main/INFO] [Quark ASM]: Located patch target node INVOKESPECIAL net/minecraft/block/state/BlockPistonStructureHelper.<init> (Lnet/minecraft/world/World;Lnet/minecraft/util/math/BlockPos;Lnet/minecraft/util/EnumFacing;Z)V
[02:38:20] [main/INFO] [Quark ASM]: Patch result: true
[02:38:20] [main/INFO] [Quark ASM]: Applying Transformation to method (Names [checkForMove, func_176316_e] Descriptor (Lnet/minecraft/world/World;Lnet/minecraft/util/math/BlockPos;Lnet/minecraft/block/state/IBlockState;)V)
[02:38:20] [main/INFO] [Quark ASM]: Located Method, patching...
[02:38:20] [main/INFO] [Quark ASM]: Located patch target node INVOKESPECIAL net/minecraft/block/state/BlockPistonStructureHelper.<init> (Lnet/minecraft/world/World;Lnet/minecraft/util/math/BlockPos;Lnet/minecraft/util/EnumFacing;Z)V
[02:38:20] [main/INFO] [Quark ASM]: Patch result: true
[02:38:20] [main/INFO] [Quark ASM]: Transforming net.minecraft.tileentity.TileEntityPiston
[02:38:20] [main/INFO] [Quark ASM]: Applying Transformation to method (Names [update, func_73660_a] Descriptor ()V)
[02:38:20] [main/INFO] [Quark ASM]: Located Method, patching...
[02:38:20] [main/INFO] [Quark ASM]: Patch result: true
[02:38:20] [main/INFO] [Quark ASM]: Applying Transformation to method (Names [clearPistonTileEntity, func_145866_f] Descriptor ()V)
[02:38:20] [main/INFO] [Quark ASM]: Located Method, patching...
[02:38:20] [main/INFO] [Quark ASM]: Located patch target node INVOKEVIRTUAL net/minecraft/world/World.func_180501_a (Lnet/minecraft/util/math/BlockPos;Lnet/minecraft/block/state/IBlockState;I)Z
[02:38:20] [main/INFO] [Quark ASM]: Patch result: true
[02:38:20] [main/INFO] [Quark ASM]: Applying Transformation to method (Names [update, func_73660_a] Descriptor ()V)
[02:38:20] [main/INFO] [Quark ASM]: Located Method, patching...
[02:38:20] [main/INFO] [Quark ASM]: Located patch target node INVOKEVIRTUAL net/minecraft/world/World.func_180501_a (Lnet/minecraft/util/math/BlockPos;Lnet/minecraft/block/state/IBlockState;I)Z
[02:38:20] [main/INFO] [Quark ASM]: Patch result: true
[02:38:20] [main/INFO] [BetterFps]: Patching net.minecraft.tileentity.TileEntityBeacon... (avh)
[02:38:21] [main/INFO] [BetterFps]: Patching net.minecraft.block.BlockHopper... (arl)
[02:38:21] [main/INFO] [BetterFps]: Patching net.minecraft.tileentity.TileEntityHopper... (avw)
[02:38:21] [main/INFO] [Quark ASM]: Transforming net.minecraft.enchantment.EnchantmentDamage
[02:38:21] [main/INFO] [Quark ASM]: Applying Transformation to method (Names [canApply, func_92089_a] Descriptor (Lnet/minecraft/item/ItemStack;)Z)
[02:38:21] [main/INFO] [Quark ASM]: Located Method, patching...
[02:38:21] [main/INFO] [Quark ASM]: Located patch target node IRETURN
[02:38:21] [main/INFO] [Quark ASM]: Located patch target node IRETURN
[02:38:21] [main/INFO] [Quark ASM]: Patch result: true
[02:38:21] [main/INFO] [Quark ASM]: Transforming net.minecraft.entity.item.EntityMinecart
[02:38:21] [main/INFO] [Quark ASM]: Applying Transformation to method (Names [killMinecart, func_94095_a] Descriptor (Lnet/minecraft/util/DamageSource;)V)
[02:38:21] [main/INFO] [Quark ASM]: Located Method, patching...
[02:38:21] [main/INFO] [Quark ASM]: Located patch target node INVOKEVIRTUAL net/minecraft/entity/item/EntityMinecart.func_70099_a (Lnet/minecraft/item/ItemStack;F)Lnet/minecraft/entity/item/EntityItem;
[02:38:21] [main/INFO] [Quark ASM]: Patch result: true
[02:38:21] [main/INFO] [Quark ASM]: Transforming net.minecraft.entity.item.EntityBoat
[02:38:21] [main/INFO] [Quark ASM]: Applying Transformation to method (Names [attackEntityFrom, func_70097_a] Descriptor (Lnet/minecraft/util/DamageSource;F)Z)
[02:38:21] [main/INFO] [Quark ASM]: Located Method, patching...
[02:38:21] [main/INFO] [Quark ASM]: Located patch target node INVOKEVIRTUAL net/minecraft/entity/item/EntityBoat.func_145778_a (Lnet/minecraft/item/Item;IF)Lnet/minecraft/entity/item/EntityItem;
[02:38:21] [main/INFO] [Quark ASM]: Patch result: true
[02:38:21] [main/INFO] [Quark ASM]: Transforming net.minecraft.item.ItemBanner
[02:38:21] [main/INFO] [Quark ASM]: Applying Transformation to method (Names [appendHoverTextFromTileEntityTag, func_185054_a] Descriptor (Lnet/minecraft/item/ItemStack;Ljava/util/List;)V)
[02:38:21] [main/INFO] [Quark ASM]: Failed to locate the method!
[02:38:22] [main/INFO] [STDOUT]: [com.flemmli97.tenshilib.asm.ASMTransformer:asmDebug:43]: [TenshiCore]: Patching PathNavigate
[02:38:22] [main/INFO] [Quark ASM]: Transforming net.minecraft.entity.ai.EntityAITarget
[02:38:22] [main/INFO] [Quark ASM]: Applying Transformation to method (Names [isSuitableTarget, func_179445_a] Descriptor (Lnet/minecraft/entity/EntityLiving;Lnet/minecraft/entity/EntityLivingBase;ZZ)Z)
[02:38:22] [main/INFO] [Quark ASM]: Located Method, patching...
[02:38:22] [main/INFO] [Quark ASM]: Patch result: true
[02:38:22] [main/INFO] [Quark ASM]: Transforming net.minecraft.entity.item.EntityMinecart
[02:38:22] [main/INFO] [Quark ASM]: Applying Transformation to method (Names [killMinecart, func_94095_a] Descriptor (Lnet/minecraft/util/DamageSource;)V)
[02:38:22] [main/INFO] [Quark ASM]: Located Method, patching...
[02:38:22] [main/INFO] [Quark ASM]: Located patch target node INVOKEVIRTUAL net/minecraft/entity/item/EntityMinecart.func_70099_a (Lnet/minecraft/item/ItemStack;F)Lnet/minecraft/entity/item/EntityItem;
[02:38:22] [main/INFO] [Quark ASM]: Patch result: true
[02:38:22] [main/INFO] [mixin]: mixins.somanyenchantments.vanilla.json:IEntityCreeperMixin from owner unknown-owner->@Accessor[FIELD_GETTER]::getIGNITED()Lnet/minecraft/network/datasync/DataParameter; should be static as its target is
[02:38:22] [main/INFO] [Quark ASM]: Transforming net.minecraft.item.crafting.RecipesBanners$RecipeAddPattern
[02:38:22] [main/INFO] [Quark ASM]: Applying Transformation to method (Names [matches, func_77569_a] Descriptor (Lnet/minecraft/inventory/InventoryCrafting;Lnet/minecraft/world/World;)Z)
[02:38:22] [main/INFO] [Quark ASM]: Located Method, patching...
[02:38:22] [main/INFO] [Quark ASM]: Located patch target node INVOKESTATIC net/minecraft/tileentity/TileEntityBanner.func_175113_c (Lnet/minecraft/item/ItemStack;)I
[02:38:22] [main/INFO] [Quark ASM]: Patch result: true
[02:38:23] [main/INFO] [BetterFps]: Patching net.minecraft.server.dedicated.DedicatedServer... (nz)
[02:38:23] [main/INFO] [Quark ASM]: Transforming net.minecraft.inventory.ContainerMerchant
[02:38:23] [main/INFO] [Quark ASM]: Applying Transformation to method (Names [transferStackInSlot, func_82846_b] Descriptor (Lnet/minecraft/entity/player/EntityPlayer;I)Lnet/minecraft/item/ItemStack;)
[02:38:23] [main/INFO] [Quark ASM]: Located Method, patching...
[02:38:23] [main/INFO] [Quark ASM]: Located patch target node INVOKEVIRTUAL net/minecraft/inventory/ContainerMerchant.func_75135_a (Lnet/minecraft/item/ItemStack;IIZ)Z
[02:38:23] [main/INFO] [Quark ASM]: Located patch target node INVOKEVIRTUAL net/minecraft/inventory/ContainerMerchant.func_75135_a (Lnet/minecraft/item/ItemStack;IIZ)Z
[02:38:23] [main/INFO] [Quark ASM]: Located patch target node INVOKEVIRTUAL net/minecraft/inventory/ContainerMerchant.func_75135_a (Lnet/minecraft/item/ItemStack;IIZ)Z
[02:38:23] [main/INFO] [Quark ASM]: Located patch target node INVOKEVIRTUAL net/minecraft/inventory/ContainerMerchant.func_75135_a (Lnet/minecraft/item/ItemStack;IIZ)Z
[02:38:23] [main/INFO] [Quark ASM]: Patch result: true
[02:38:23] [main/INFO] [Hammer Core [ASM]]: Transforming net.minecraft.profiler.Profiler (rl)...
[02:38:23] [main/INFO] [Hammer Core [ASM]]:   -Patched startSection!
[02:38:23] [main/INFO] [Hammer Core [ASM]]:   -Patched endSection!
[02:38:23] [main/INFO] [Hammer Core [ASM]]:   -Patched endStartSection!
[02:38:23] [Server thread/INFO] [net.minecraft.server.dedicated.DedicatedServer]: Starting minecraft server version 1.12.2
[02:38:23] [Server thread/INFO] [FML]: MinecraftForge v14.23.5.2860 Initialized
[02:38:23] [Server thread/INFO] [FML]: Starts to replace vanilla recipe ingredients with ore ingredients.
[02:38:23] [Server thread/INFO] [FML]: Invalid recipe found with multiple oredict ingredients in the same ingredient...
[02:38:23] [Server thread/INFO] [FML]: Replaced 1227 ore ingredients
[02:38:24] [Server thread/INFO] [MixinBooter]: Initializing MixinBooter's Mod Container.
[02:38:24] [Server thread/INFO] [FML]: Searching /workspaces/laughing-goggles/servidor_minecraft/./mods for mods
[02:38:24] [Server thread/WARN] [FML]: Mod securitycraft is missing the required element 'version' and a version.properties file could not be found. Falling back to metadata version v1.10.1
[02:38:24] [Server thread/WARN] [FML]: Mod bettermineshafts is missing the required element 'version' and a version.properties file could not be found. Falling back to metadata version 1.12.2-2.2.1
[02:38:24] [Server thread/INFO] [FML]: Disabling mod ctgui it is client side only.
[02:38:25] [Server thread/INFO] [FML]: Disabling mod durabilitytooltip it is client side only.
[02:38:25] [Server thread/INFO] [FML]: Disabling mod gpu_tape it is client side only.
[02:38:25] [Server thread/WARN] [FML]: Mod hermitsarsenal is missing the required element 'version' and a version.properties file could not be found. Falling back to metadata version V1
[02:38:26] [Server thread/WARN] [FML]: Mod ironchest is missing the required element 'version' and a version.properties file could not be found. Falling back to metadata version 1.12.2-7.0.67.844
[02:38:26] [Server thread/INFO] [FML]: Disabling mod jeresources it is client side only.
[02:38:26] [Server thread/WARN] [FML]: Mod konkrete is missing the required element 'version' and a version.properties file could not be found. Falling back to metadata version 1.6.1
[02:38:26] [Server thread/WARN] [FML]: Mod lootr is missing the required element 'version' and a version.properties file could not be found. Falling back to metadata version 0.6.2
[02:38:26] [Server thread/WARN] [FML]: Mod mtrm is missing the required element 'version' and a version.properties file could not be found. Falling back to metadata version 1.2.2.30
[02:38:26] [Server thread/WARN] [FML]: Mod moartinkers is missing the required element 'version' and a version.properties file could not be found. Falling back to metadata version 0.6.0
[02:38:26] [Server thread/INFO] [FML]: Disabling mod neat it is client side only.
[02:38:26] [Server thread/WARN] [FML]: Mod nocubesrptweaks is missing the required element 'version' and a version.properties file could not be found. Falling back to metadata version V5.1
[02:38:26] [Server thread/INFO] [FML]: Disabling mod overpoweredarmorbar it is client side only.
[02:38:26] [Server thread/WARN] [FML]: Mod reachfix is missing the required element 'version' and a version.properties file could not be found. Falling back to metadata version 1.1.3
[02:38:26] [Server thread/INFO] [FML]: Disabling mod resourceloader it is client side only.
[02:38:27] [Server thread/WARN] [FML]: Mod swparasites is missing the required element 'version' and a version.properties file could not be found. Falling back to metadata version v4
[02:38:27] [Server thread/WARN] [FML]: Mod weaponmaster_ydm is missing the required element 'version' and a version.properties file could not be found. Falling back to metadata version 4.2.3
[02:38:27] [Server thread/WARN] [FML]: Mod wings is missing the required element 'version' and a version.properties file could not be found. Falling back to metadata version 1.1.6
[02:38:27] [Server thread/INFO] [FML]: Disabling mod nofog it is client side only.
[02:38:27] [Server thread/INFO] [FML]: Forge Mod Loader has identified 140 mods to load
[02:38:27] [Server thread/INFO] [FML]: Found mod(s) [futuremc] containing declared API package vazkii.quark.api (owned by quark) without associated API reference
[02:38:27] [Server thread/WARN] [FML]: Missing English translation for FML: assets/fml/lang/en_us.lang
[02:38:27] [Server thread/WARN] [FML]: Missing English translation for supermartijn642corelib: assets/supermartijn642corelib/lang/en_us.lang
[02:38:27] [Server thread/WARN] [FML]: Missing English translation for fermiumbooter: assets/fermiumbooter/lang/en_us.lang
[02:38:27] [Server thread/WARN] [FML]: Missing English translation for aiimprovements: assets/aiimprovements/lang/en_us.lang
[02:38:27] [Server thread/WARN] [FML]: Missing English translation for anvilpatch: assets/anvilpatch/lang/en_us.lang
[02:38:27] [Server thread/WARN] [FML]: Missing English translation for bettermineshafts: assets/bettermineshafts/lang/en_us.lang
[02:38:27] [Server thread/WARN] [FML]: Missing English translation for bowinfinityfix: assets/bowinfinityfix/lang/en_us.lang
[02:38:27] [Server thread/WARN] [FML]: Missing English translation for clumps: assets/clumps/lang/en_us.lang
[02:38:27] [Server thread/WARN] [FML]: Missing English translation for collective: assets/collective/lang/en_us.lang
[02:38:27] [Server thread/WARN] [FML]: Missing English translation for extendedrenderer: assets/extendedrenderer/lang/en_us.lang
[02:38:27] [Server thread/WARN] [FML]: Missing English translation for configmod: assets/configmod/lang/en_us.lang
[02:38:27] [Server thread/WARN] [FML]: Missing English translation for crafttweakerjei: assets/crafttweakerjei/lang/en_us.lang
[02:38:27] [Server thread/WARN] [FML]: Missing English translation for ctintegration: assets/ctintegration/lang/en_us.lang
[02:38:27] [Server thread/WARN] [FML]: Missing English translation for dragondropselytra: assets/dragondropselytra/lang/en_us.lang
[02:38:27] [Server thread/WARN] [FML]: Missing English translation for dynview: assets/dynview/lang/en_us.lang
[02:38:27] [Server thread/WARN] [FML]: Missing English translation for farsight: assets/farsight/lang/en_us.lang
[02:38:27] [Server thread/WARN] [FML]: Missing English translation for fastfurnace: assets/fastfurnace/lang/en_us.lang
[02:38:27] [Server thread/WARN] [FML]: Missing English translation for fastbench: assets/fastbench/lang/en_us.lang
[02:38:27] [Server thread/WARN] [FML]: Missing English translation for followingvillagers: assets/followingvillagers/lang/en_us.lang
[02:38:27] [Server thread/WARN] [FML]: Missing English translation for forgeendertech: assets/forgeendertech/lang/en_us.lang
[02:38:27] [Server thread/WARN] [FML]: Missing English translation for forgelin: assets/forgelin/lang/en_us.lang
[02:38:27] [Server thread/WARN] [FML]: Missing English translation for infinitetrading: assets/infinitetrading/lang/en_us.lang
[02:38:27] [Server thread/WARN] [FML]: Missing English translation for itemcollectors: assets/itemcollectors/lang/en_us.lang
[02:38:27] [Server thread/WARN] [FML]: Missing English translation for konkrete: assets/konkrete/lang/en_us.lang
[02:38:27] [Server thread/WARN] [FML]: Missing English translation for lttweaker: assets/lttweaker/lang/en_us.lang
[02:38:27] [Server thread/WARN] [FML]: Missing English translation for mantle: assets/mantle/lang/en_us.lang
[02:38:27] [Server thread/WARN] [FML]: Missing English translation for mtrm: assets/mtrm/lang/en_us.lang
[02:38:27] [Server thread/WARN] [FML]: Missing English translation for msic: assets/msic/lang/en_us.lang
[02:38:27] [Server thread/WARN] [FML]: Missing English translation for pdm: assets/pdm/lang/en_us.lang
[02:38:27] [Server thread/WARN] [FML]: Missing English translation for performant: assets/performant/lang/en_us.lang
[02:38:27] [Server thread/WARN] [FML]: Missing English translation for placebo: assets/placebo/lang/en_us.lang
[02:38:27] [Server thread/WARN] [FML]: Missing English translation for reachfix: assets/reachfix/lang/en_us.lang
[02:38:27] [Server thread/WARN] [FML]: Missing English translation for bettercombatmod: assets/bettercombatmod/lang/en_us.lang
[02:38:27] [Server thread/WARN] [FML]: Missing English translation for roguelike: assets/roguelike/lang/en_us.lang
[02:38:27] [Server thread/WARN] [FML]: Missing English translation for spark: assets/spark/lang/en_us.lang
[02:38:27] [Server thread/WARN] [FML]: Missing English translation for supermartijn642configlib: assets/supermartijn642configlib/lang/en_us.lang
[02:38:27] [Server thread/WARN] [FML]: Mod mowzies_wings has been disabled through configuration
[02:38:27] [Server thread/WARN] [FML]: Missing English translation for bauble_wings: assets/bauble_wings/lang/en_us.lang
[02:38:27] [Server thread/WARN] [FML]: Mod mobends_wings has been disabled through configuration
[02:38:27] [Server thread/INFO] [FML]: FML has found a non-mod file durabilitytooltip-1.1.6-forge-mc1.12.jar in your mods directory. It will now be injected into your classpath. This could severe stability issues, it should be removed if possible.
[02:38:27] [Server thread/INFO] [FML]: FML has found a non-mod file GPUTape-1.12.2-1.0.4.jar in your mods directory. It will now be injected into your classpath. This could severe stability issues, it should be removed if possible.
[02:38:27] [Server thread/INFO] [FML]: FML has found a non-mod file JustEnoughResources-1.12.2-0.9.2.60.jar in your mods directory. It will now be injected into your classpath. This could severe stability issues, it should be removed if possible.
[02:38:27] [Server thread/INFO] [FML]: FML has found a non-mod file Neat 1.4-17.jar in your mods directory. It will now be injected into your classpath. This could severe stability issues, it should be removed if possible.
[02:38:27] [Server thread/INFO] [FML]: FML has found a non-mod file overloadedarmorbar-1.0.4g.jar in your mods directory. It will now be injected into your classpath. This could severe stability issues, it should be removed if possible.
[02:38:27] [Server thread/INFO] [FML]: FML has found a non-mod file ResourceLoader-MC1.12.1-1.5.3.jar in your mods directory. It will now be injected into your classpath. This could severe stability issues, it should be removed if possible.
[02:38:27] [Server thread/INFO] [FML]: FML has found a non-mod file NoFog-1.12.2b3.jar in your mods directory. It will now be injected into your classpath. This could severe stability issues, it should be removed if possible.
[02:38:27] [Server thread/INFO] [FermiumBooter]: FermiumBooter adding "mixins.somanyenchantments.infernalmobs_randomenchants.json" for late mixin application.
[02:38:27] [Server thread/INFO] [FermiumBooter]: FermiumBooter adding "mixins.somanyenchantments.compatcancel_bs.json" for late mixin application.
[02:38:27] [Server thread/INFO] [FermiumBooter]: FermiumBooter adding "mixins.somanyenchantments.bettercombat.json" for late mixin application.
[02:38:27] [Server thread/INFO] [FermiumBooter]: FermiumBooter adding "mixins.bstweaker.json" for late mixin application.
[02:38:27] [Server thread/WARN] [mixin]: Reference map 'mixins.bstweaker.refmap.json' for mixins.bstweaker.json could not be read. If this is a development environment you can ignore this message
[02:38:28] [Server thread/INFO] [MixinBooter]: Loading annotated late loader [com.fuzs.aquaacrobatics.core.ModCompatMixinHandler] for its mixins.
[02:38:28] [Server thread/INFO] [Aqua Acrobatics Transformer]: Aqua Acrobatics is loading mod compatibility mixins
[02:38:28] [Server thread/INFO] [MixinBooter]: Loading late loader [noobanidus.mods.lootr.LootrLateCore] for its mixins.
[02:38:29] [Server thread/INFO] [FML]: Attempting connection with missing mods [minecraft, mcp, FML, forge, creativecoredummy, ivtoolkit, mixinbooter, obfuscate, securitycraft, supermartijn642corelib, fermiumbooter, adhooks, aiimprovements, anvilpatch, aquaacrobatics, atlaslib, autoreglib, battletowers, baubles, baubleye, bhc, mujmajnkraftsbettersurvival, bettermineshafts, bloodmoon, bookshelf, bountifulbaubles, bowinfinityfix, bstweaker, callablehorses, carryon, champions, clumps, collective, conarm, extendedrenderer, coroutil, configmod, corpse, crafttweaker, crafttweakerjei, creativecore, ctintegration, cucumber, disenchanter, dragondropselytra, dynview, editmobdrops, eplus, fantasticlib, farsight, fastfurnace, fastbench, fltpot, followingvillagers, forgeendertech, forgelin, futuremc, cgm, hammercore, hermitsarsenal, waila, iceandfire, improvableskills, improvedmobs, infernalmobs, infinitetrading, ironchest, ironjetpacks, itemcollectors, jei, konkrete, lootoverhaul, lootr, lttweaker, loottweaker, lostcities, mantle, mtrm, moartinkers, multimob, msic, nocubessrparmory, nocubessrpsurvival, nocubesrptweaks, oresabovediamonds, pdm, performant, placebo, potioncore, potionfingers, progressivebosses, qualitytools, quark, reachfix, reccomplex, additionalstructures, artifacts, bettercombatmod, roguelike, scalinghealth, sereneseasons, setbonus, silentlib, simpledifficulty, somanyenchantments, spark, spartanfire, spartansabovediamonds, spartanshields, spartanweaponry, srmonstress, srparasites, srpdeepseadanger, srpextra, srpmeshi, srpquark, srpr_kravataf, supermartijn642configlib, swparasites, tconstruct, tenshilib, tinkersdisassembler, tinkersjei, liketechnikstinkertweaks, toolbelt, travelersbackpack, xat, uniquebase, uniquee, usefulslime, vehicle, villagenames, weaponmaster_ydm, bauble_wings, wings, jade, daomephsta_loot_shared, llibrary] at CLIENT
[02:38:29] [Server thread/INFO] [FML]: Attempting connection with missing mods [minecraft, mcp, FML, forge, creativecoredummy, ivtoolkit, mixinbooter, obfuscate, securitycraft, supermartijn642corelib, fermiumbooter, adhooks, aiimprovements, anvilpatch, aquaacrobatics, atlaslib, autoreglib, battletowers, baubles, baubleye, bhc, mujmajnkraftsbettersurvival, bettermineshafts, bloodmoon, bookshelf, bountifulbaubles, bowinfinityfix, bstweaker, callablehorses, carryon, champions, clumps, collective, conarm, extendedrenderer, coroutil, configmod, corpse, crafttweaker, crafttweakerjei, creativecore, ctintegration, cucumber, disenchanter, dragondropselytra, dynview, editmobdrops, eplus, fantasticlib, farsight, fastfurnace, fastbench, fltpot, followingvillagers, forgeendertech, forgelin, futuremc, cgm, hammercore, hermitsarsenal, waila, iceandfire, improvableskills, improvedmobs, infernalmobs, infinitetrading, ironchest, ironjetpacks, itemcollectors, jei, konkrete, lootoverhaul, lootr, lttweaker, loottweaker, lostcities, mantle, mtrm, moartinkers, multimob, msic, nocubessrparmory, nocubessrpsurvival, nocubesrptweaks, oresabovediamonds, pdm, performant, placebo, potioncore, potionfingers, progressivebosses, qualitytools, quark, reachfix, reccomplex, additionalstructures, artifacts, bettercombatmod, roguelike, scalinghealth, sereneseasons, setbonus, silentlib, simpledifficulty, somanyenchantments, spark, spartanfire, spartansabovediamonds, spartanshields, spartanweaponry, srmonstress, srparasites, srpdeepseadanger, srpextra, srpmeshi, srpquark, srpr_kravataf, supermartijn642configlib, swparasites, tconstruct, tenshilib, tinkersdisassembler, tinkersjei, liketechnikstinkertweaks, toolbelt, travelersbackpack, xat, uniquebase, uniquee, usefulslime, vehicle, villagenames, weaponmaster_ydm, bauble_wings, wings, jade, daomephsta_loot_shared, llibrary] at SERVER
[02:38:29] [Server thread/INFO] [Quark ASM]: Transforming net.minecraft.util.DamageSource
[02:38:29] [Server thread/INFO] [Quark ASM]: Applying Transformation to method (Names [causePlayerDamage, func_76365_a] Descriptor (Lnet/minecraft/entity/player/EntityPlayer;)Lnet/minecraft/util/DamageSource;)
[02:38:29] [Server thread/INFO] [Quark ASM]: Located Method, patching...
[02:38:29] [Server thread/INFO] [Quark ASM]: Patch result: true
[02:38:31] [Server thread/WARN] [FML]: Patcher expecting empty class data file for net.minecraft.block.state.BlockStateContainer$Builder, but received non-empty
[02:38:31] [Server thread/INFO] [Pulsar-tconstruct]: Skipping Pulse chiselIntegration; missing dependency: chisel
[02:38:31] [Server thread/INFO] [Pulsar-tconstruct]: Skipping Pulse chiselsandbitsIntegration; missing dependency: chiselsandbits
[02:38:31] [Server thread/INFO] [Pulsar-tconstruct]: Skipping Pulse craftingtweaksIntegration; missing dependency: craftingtweaks
[02:38:31] [Server thread/INFO] [Pulsar-tconstruct]: Skipping Pulse theoneprobeIntegration; missing dependency: theoneprobe
[02:38:31] [Server thread/INFO] [tconstruct]: Preparing to take over the world
[02:38:32] [Server thread/ERROR] [FML]: The mod carryon is expecting signature fd21553434f4905f2f73ea7838147ac4ea07bd88 for source carryon-1.12.2-1.12.7.23.jar, however there is no signature matching that description
[02:38:32] [Server thread/INFO] [com.farsight.FarsightMod]: Farsight initialized
[02:38:34] [Server thread/INFO] [HammerLib]: Applied @SimplyRegister to com.zeitheron.hammercore.internal.init.BlocksHC, which belongs to hammercore (HammerLib)
[02:38:34] [Server thread/INFO] [HammerLib]: Applied @SimplyRegister to com.zeitheron.hammercore.internal.init.ItemsHC, which belongs to hammercore (HammerLib)
[02:38:34] [Server thread/INFO] [HammerLib]: Applied @SimplyRegister to org.zeith.hammerlib.core.init.SourceTypesHL, which belongs to hammercore (HammerLib)
[02:38:34] [Server thread/INFO] [de.keksuccino.konkrete.Konkrete]: [KONKRETE] Successfully initialized!
[02:38:34] [Server thread/INFO] [de.keksuccino.konkrete.Konkrete]: [KONKRETE] Server-side libs ready to use!
[02:38:36] [Server thread/WARN] [mixin]: Mixin apply for mod unknown-owner failed mixins.nocubesrptweaks.mods.json:nocubessrparmory.MixinEntityParasiteBase from owner unknown-owner -> com.dhanantry.scapeandrunparasites.entity.ai.misc.EntityParasiteBase: org.spongepowered.asm.mixin.injection.throwables.InvalidInjectionException Invalid descriptor on mixins.nocubesrptweaks.mods.json:nocubessrparmory.MixinEntityParasiteBase from owner unknown-owner->@Inject::nocubesrptweaks$Inject$attackEntityAsMobMinimum1(Lnet/minecraft/entity/EntityLivingBase;Lorg/spongepowered/asm/mixin/injection/callback/CallbackInfoReturnable;)V! Expected (Lnet/minecraft/entity/EntityLivingBase;FLorg/spongepowered/asm/mixin/injection/callback/CallbackInfoReturnable;)V but found (Lnet/minecraft/entity/EntityLivingBase;Lorg/spongepowered/asm/mixin/injection/callback/CallbackInfoReturnable;)V [ -> Inject -> mixins.nocubesrptweaks.mods.json:nocubessrparmory.MixinEntityParasiteBase from owner unknown-owner->@Inject::nocubesrptweaks$Inject$attackEntityAsMobMinimum1(Lnet/minecraft/entity/EntityLivingBase;Lorg/spongepowered/asm/mixin/injection/callback/CallbackInfoReturnable;)V]
org.spongepowered.asm.mixin.injection.throwables.InvalidInjectionException: Invalid descriptor on mixins.nocubesrptweaks.mods.json:nocubessrparmory.MixinEntityParasiteBase from owner unknown-owner->@Inject::nocubesrptweaks$Inject$attackEntityAsMobMinimum1(Lnet/minecraft/entity/EntityLivingBase;Lorg/spongepowered/asm/mixin/injection/callback/CallbackInfoReturnable;)V! Expected (Lnet/minecraft/entity/EntityLivingBase;FLorg/spongepowered/asm/mixin/injection/callback/CallbackInfoReturnable;)V but found (Lnet/minecraft/entity/EntityLivingBase;Lorg/spongepowered/asm/mixin/injection/callback/CallbackInfoReturnable;)V [ -> Inject -> mixins.nocubesrptweaks.mods.json:nocubessrparmory.MixinEntityParasiteBase from owner unknown-owner->@Inject::nocubesrptweaks$Inject$attackEntityAsMobMinimum1(Lnet/minecraft/entity/EntityLivingBase;Lorg/spongepowered/asm/mixin/injection/callback/CallbackInfoReturnable;)V]
	at org.spongepowered.asm.mixin.injection.callback.CallbackInjector.inject(CallbackInjector.java:559) ~[!mixinbooter-10.7.jar:?]
	at org.spongepowered.asm.mixin.injection.callback.CallbackInjector.inject(CallbackInjector.java:489) ~[!mixinbooter-10.7.jar:?]
	at org.spongepowered.asm.mixin.injection.code.Injector.inject(Injector.java:284) ~[!mixinbooter-10.7.jar:?]
	at org.spongepowered.asm.mixin.injection.struct.InjectionInfo.inject(InjectionInfo.java:508) ~[!mixinbooter-10.7.jar:?]
	at org.spongepowered.asm.mixin.transformer.MixinTargetContext.applyInjections(MixinTargetContext.java:1483) ~[!mixinbooter-10.7.jar:?]
	at org.spongepowered.asm.mixin.transformer.MixinApplicatorStandard.applyInjections(MixinApplicatorStandard.java:752) ~[!mixinbooter-10.7.jar:?]
	at org.spongepowered.asm.mixin.transformer.MixinApplicatorStandard.applyMixin(MixinApplicatorStandard.java:330) ~[!mixinbooter-10.7.jar:?]
	at org.spongepowered.asm.mixin.transformer.MixinApplicatorStandard.apply(MixinApplicatorStandard.java:246) ~[!mixinbooter-10.7.jar:?]
	at org.spongepowered.asm.mixin.transformer.TargetClassContext.apply(TargetClassContext.java:437) ~[!mixinbooter-10.7.jar:?]
	at org.spongepowered.asm.mixin.transformer.TargetClassContext.applyMixins(TargetClassContext.java:418) ~[!mixinbooter-10.7.jar:?]
	at org.spongepowered.asm.mixin.transformer.MixinProcessor.applyMixins(MixinProcessor.java:377) [!mixinbooter-10.7.jar:?]
	at org.spongepowered.asm.mixin.transformer.MixinTransformer.transformClass(MixinTransformer.java:240) [!mixinbooter-10.7.jar:?]
	at org.spongepowered.asm.mixin.transformer.MixinTransformer.transformClassBytes(MixinTransformer.java:208) [!mixinbooter-10.7.jar:?]
	at org.spongepowered.asm.mixin.transformer.Proxy.transform(Proxy.java:71) [!mixinbooter-10.7.jar:?]
	at net.minecraft.launchwrapper.LaunchClassLoader.runTransformers(LaunchClassLoader.java:279) [launchwrapper-1.12.jar:?]
	at net.minecraft.launchwrapper.LaunchClassLoader.findClass(LaunchClassLoader.java:176) [launchwrapper-1.12.jar:?]
	at java.lang.ClassLoader.loadClass(ClassLoader.java:418) [?:1.8.0_482]
	at java.lang.ClassLoader.loadClass(ClassLoader.java:351) [?:1.8.0_482]
	at java.lang.Class.getDeclaredMethods0(Native Method) ~[?:1.8.0_482]
	at java.lang.Class.privateGetDeclaredMethods(Class.java:2701) [?:1.8.0_482]
	at java.lang.Class.getDeclaredMethod(Class.java:2128) [?:1.8.0_482]
	at net.minecraftforge.fml.common.eventhandler.EventBus.register(EventBus.java:93) [EventBus.class:?]
	at net.minecraftforge.fml.common.AutomaticEventSubscriber.inject(AutomaticEventSubscriber.java:82) [AutomaticEventSubscriber.class:?]
	at net.minecraftforge.fml.common.FMLModContainer.constructMod(FMLModContainer.java:612) [FMLModContainer.class:?]
	at sun.reflect.GeneratedMethodAccessor15.invoke(Unknown Source) ~[?:?]
	at sun.reflect.DelegatingMethodAccessorImpl.invoke(DelegatingMethodAccessorImpl.java:43) ~[?:1.8.0_482]
	at java.lang.reflect.Method.invoke(Method.java:498) ~[?:1.8.0_482]
	at com.google.common.eventbus.Subscriber.invokeSubscriberMethod(Subscriber.java:91) [minecraft_server.1.12.2.jar:?]
	at com.google.common.eventbus.Subscriber$SynchronizedSubscriber.invokeSubscriberMethod(Subscriber.java:150) [minecraft_server.1.12.2.jar:?]
	at com.google.common.eventbus.Subscriber$1.run(Subscriber.java:76) [minecraft_server.1.12.2.jar:?]
	at com.google.common.util.concurrent.MoreExecutors$DirectExecutor.execute(MoreExecutors.java:399) [minecraft_server.1.12.2.jar:?]
	at com.google.common.eventbus.Subscriber.dispatchEvent(Subscriber.java:71) [minecraft_server.1.12.2.jar:?]
	at com.google.common.eventbus.Dispatcher$PerThreadQueuedDispatcher.dispatch(Dispatcher.java:116) [minecraft_server.1.12.2.jar:?]
	at com.google.common.eventbus.EventBus.post(EventBus.java:217) [minecraft_server.1.12.2.jar:?]
	at net.minecraftforge.fml.common.LoadController.sendEventToModContainer(LoadController.java:219) [LoadController.class:?]
	at net.minecraftforge.fml.common.LoadController.propogateStateMessage(LoadController.java:197) [LoadController.class:?]
	at sun.reflect.NativeMethodAccessorImpl.invoke0(Native Method) ~[?:1.8.0_482]
	at sun.reflect.NativeMethodAccessorImpl.invoke(NativeMethodAccessorImpl.java:62) ~[?:1.8.0_482]
	at sun.reflect.DelegatingMethodAccessorImpl.invoke(DelegatingMethodAccessorImpl.java:43) ~[?:1.8.0_482]
	at java.lang.reflect.Method.invoke(Method.java:498) ~[?:1.8.0_482]
	at com.google.common.eventbus.Subscriber.invokeSubscriberMethod(Subscriber.java:91) [minecraft_server.1.12.2.jar:?]
	at com.google.common.eventbus.Subscriber$SynchronizedSubscriber.invokeSubscriberMethod(Subscriber.java:150) [minecraft_server.1.12.2.jar:?]
	at com.google.common.eventbus.Subscriber$1.run(Subscriber.java:76) [minecraft_server.1.12.2.jar:?]
	at com.google.common.util.concurrent.MoreExecutors$DirectExecutor.execute(MoreExecutors.java:399) [minecraft_server.1.12.2.jar:?]
	at com.google.common.eventbus.Subscriber.dispatchEvent(Subscriber.java:71) [minecraft_server.1.12.2.jar:?]
	at com.google.common.eventbus.Dispatcher$PerThreadQueuedDispatcher.dispatch(Dispatcher.java:116) [minecraft_server.1.12.2.jar:?]
	at com.google.common.eventbus.EventBus.post(EventBus.java:217) [minecraft_server.1.12.2.jar:?]
	at net.minecraftforge.fml.common.LoadController.distributeStateMessage(LoadController.java:136) [LoadController.class:?]
	at net.minecraftforge.fml.common.Loader.loadMods(Loader.java:595) [Loader.class:?]
	at net.minecraftforge.fml.server.FMLServerHandler.beginServerLoading(FMLServerHandler.java:98) [FMLServerHandler.class:?]
	at net.minecraftforge.fml.common.FMLCommonHandler.onServerStart(FMLCommonHandler.java:333) [FMLCommonHandler.class:?]
	at net.minecraft.server.dedicated.DedicatedServer.func_71197_b(DedicatedServer.java:125) [nz.class:?]
	at net.minecraft.server.MinecraftServer.run(MinecraftServer.java:486) [MinecraftServer.class:?]
	at java.lang.Thread.run(Thread.java:750) [?:1.8.0_482]
[02:38:36] [Server thread/ERROR] [FML]: The mod weaponmaster_ydm appears to have an invalid event annotation EventHandler. This annotation can only apply to methods with recognized event arguments - it will not be called
[02:38:36] [Server thread/INFO] [HammerLib]: Creating new Forge Registries.
[02:38:36] [Server thread/INFO] [FML]: Processing ObjectHolder annotations
[02:38:37] [Server thread/INFO] [FML]: Found 2014 ObjectHolder annotations
[02:38:37] [Server thread/INFO] [FML]: Identifying ItemStackHolder annotations
[02:38:37] [Server thread/INFO] [FML]: Found 1 ItemStackHolder annotations
[02:38:37] [Server thread/INFO] [FML]: Configured a dormant chunk cache size of 0
[02:38:37] [Forge Version Check/INFO] [forge.VersionCheck]: [crafttweaker] Starting version check at https://updates.blamejared.com/get?n=crafttweaker&gv=1.12.2
[02:38:37] [Server thread/INFO] [Obfuscate]: Successfully injected SyncedPlayerData capability
[02:38:38] [Forge Version Check/INFO] [forge.VersionCheck]: [crafttweaker] Found status: BETA Target: null
[02:38:38] [Forge Version Check/INFO] [forge.VersionCheck]: [disenchanter] Starting version check at https://raw.githubusercontent.com/Impelon/Disenchanter/meta/versions.json
[02:38:38] [Forge Version Check/INFO] [forge.VersionCheck]: [disenchanter] Found status: UP_TO_DATE Target: null
[02:38:38] [Forge Version Check/INFO] [forge.VersionCheck]: [improvableskills] Starting version check at http://dccg.herokuapp.com/api/fmluc/252902
[02:38:38] [Forge Version Check/INFO] [forge.VersionCheck]: [forge] Starting version check at http://files.minecraftforge.net/maven/net/minecraftforge/forge/promotions_slim.json
[02:38:38] [Forge Version Check/INFO] [forge.VersionCheck]: [forge] Found status: OUTDATED Target: 14.23.5.2864
[02:38:38] [Forge Version Check/INFO] [forge.VersionCheck]: [corpse] Starting version check at https://maxhenkel.de/update/corpse.json
[02:38:39] [Server thread/INFO] [Quark]: 'Greener grass' is forcefully disabled as it's incompatible with the following loaded mods: [sereneseasons]
[02:38:39] [Forge Version Check/INFO] [forge.VersionCheck]: [corpse] Found status: UP_TO_DATE Target: null
[02:38:39] [Forge Version Check/INFO] [forge.VersionCheck]: [llibrary] Starting version check at https://gist.githubusercontent.com/Gegy/a6639456aeb8edd92cbf7cbfcf9d65d9/raw/llibrary_updates.json
[02:38:39] [Forge Version Check/INFO] [forge.VersionCheck]: [llibrary] Found status: UP_TO_DATE Target: null
[02:38:39] [Forge Version Check/INFO] [forge.VersionCheck]: [bhc] Starting version check at https://raw.githubusercontent.com/EmoKiba/Baubley-Heart-Canisters/master/versions.json
[02:38:39] [Forge Version Check/INFO] [forge.VersionCheck]: [hammercore] Starting version check at https://api.modrinth.com/updates/PlkSuVtM/forge_updates.json
[02:38:39] [Forge Version Check/INFO] [forge.VersionCheck]: [hammercore] Found status: UP_TO_DATE Target: null
[02:38:39] [Forge Version Check/INFO] [forge.VersionCheck]: [xat] Starting version check at https://raw.githubusercontent.com/XzeroAir/Trinkets-1.12.2/master/update.json
[02:38:39] [Forge Version Check/INFO] [forge.VersionCheck]: [securitycraft] Starting version check at https://www.github.com/Geforce132/SecurityCraft/raw/master/Updates/Forge.json
[02:38:39] [Server thread/INFO] [Quark]: Module vanity is enabled
[02:38:39] [Server thread/INFO] [Quark]: Module misc is enabled
[02:38:39] [Server thread/INFO] [Quark]: Module client is enabled
[02:38:39] [Server thread/INFO] [Quark]: Module world is enabled
[02:38:39] [Server thread/INFO] [Quark]: Module decoration is enabled
[02:38:39] [Server thread/INFO] [Quark]: Module tweaks is enabled
[02:38:39] [Server thread/INFO] [Quark]: Module building is enabled
[02:38:39] [Server thread/INFO] [Quark]: Module automation is enabled
[02:38:39] [Server thread/INFO] [Quark]: Module management is enabled
[02:38:39] [Server thread/INFO] [Quark]: Module experimental is enabled
[02:38:39] [Forge Version Check/INFO] [forge.VersionCheck]: [securitycraft] Found status: UP_TO_DATE Target: null
[02:38:39] [Forge Version Check/INFO] [forge.VersionCheck]: [simpledifficulty] Starting version check at https://raw.githubusercontent.com/Charles445/SimpleDifficulty/master/modupdatechecker.json
[02:38:39] [Forge Version Check/INFO] [forge.VersionCheck]: [simpledifficulty] Found status: UP_TO_DATE Target: null
[02:38:39] [Forge Version Check/INFO] [forge.VersionCheck]: [carryon] Starting version check at https://gist.githubusercontent.com/Tschipp/dccadee7c90d7a34e6e76a35d9d6fa2e/raw/
[02:38:40] [Forge Version Check/INFO] [forge.VersionCheck]: [travelersbackpack] Starting version check at https://gist.githubusercontent.com/Tiviacz1337/906937677aa472285dff9d6c2a189d5e/raw
[02:38:40] [Forge Version Check/INFO] [forge.VersionCheck]: [travelersbackpack] Found status: AHEAD Target: null
[02:38:41] [Server thread/INFO] [bhc]: Pre-Initialization finished.
[02:38:41] [Server thread/INFO] [Ice And Fire]: A raven flies from the north to the sea
[02:38:41] [Server thread/INFO] [Ice And Fire]: A dragon whispers her name in the east
[02:38:42] [Server thread/INFO] [BowInfinityFix]: Fix Registered!
[02:38:42] [Server thread/INFO] [bstweaker]: BSTweaker PreInit
[02:38:42] [Server thread/INFO] [bstweaker]: Config dir: /workspaces/laughing-goggles/servidor_minecraft/config/bstweaker
[02:38:42] [Server thread/INFO] [bstweaker]: Assets dir: /workspaces/laughing-goggles/servidor_minecraft/assets/mujmajnkraftsbettersurvival
[02:38:42] [Server thread/INFO] [bstweaker]: Resource injection completed (using DynamicResourcePack only)
[02:38:42] [Server thread/WARN] [FML]: Potentially Dangerous alternative prefix `minecraft` for name `furnace`, expected `fastfurnace`. This could be a intended override, but in most cases indicates a broken mod.
[02:38:42] [Server thread/WARN] [net.minecraft.network.datasync.EntityDataManager]: defineId called for: class net.minecraft.entity.player.EntityPlayer from class com.mrcrayfish.guns.event.CommonEvents
[02:38:42] [Server thread/WARN] [net.minecraft.network.datasync.EntityDataManager]: defineId called for: class net.minecraft.entity.player.EntityPlayer from class com.mrcrayfish.guns.event.CommonEvents
[02:38:42] [Server thread/INFO] [HammerLib]: Added "org.zeith.improvableskills.cfg.ConfigsIS" to HammerLib Simple Configs.
[02:38:42] [Server thread/INFO] [HammerLib]: Added "com.zeitheron.hammercore.cfg.HammerCoreConfigs" to HammerLib Simple Configs.
[02:38:42] [Server thread/INFO] [HammerLib]: Added "com.zeitheron.hammercore.specials.Zeitheron.ZeitheronGlobEvents@1a3cf589" to MCF Event Bus.
[02:38:42] [Server thread/INFO] [HammerLib]: Added "com.zeitheron.hammercore.world.gen.WorldRetroGen@70316525" to MCF Event Bus.
[02:38:42] [Server thread/INFO] [HammerLib]: Added "org.zeith.improvableskills.SkillEvents@48333252" to MCF Event Bus.
[02:38:42] [Server thread/INFO] [HammerLib]: Added "com.zeitheron.hammercore.HammerCore@666666" to MCF Event Bus.
[02:38:42] [Server thread/INFO] [HammerLib]: Added 4 object to MCF Event Bus.
[02:38:43] [Server thread/INFO] [Daomephsta Loot Shared]: Successfully installed custom network checker for loottweaker
[02:38:43] [Server thread/WARN] [FML]: Potentially Dangerous alternative prefix `tconstruct` for name `endermagnetic`, expected `moartinkers`. This could be a intended override, but in most cases indicates a broken mod.
[02:38:43] [Server thread/WARN] [FML]: Potentially Dangerous alternative prefix `tconstruct` for name `enderference`, expected `moartinkers`. This could be a intended override, but in most cases indicates a broken mod.
[02:38:43] [Server thread/WARN] [FML]: Potentially Dangerous alternative prefix `tconstruct` for name `insatiable`, expected `moartinkers`. This could be a intended override, but in most cases indicates a broken mod.
[02:38:43] [Server thread/WARN] [FML]: Potentially Dangerous alternative prefix `tconstruct` for name `magnetic`, expected `moartinkers`. This could be a intended override, but in most cases indicates a broken mod.
[02:38:43] [Server thread/WARN] [FML]: Potentially Dangerous alternative prefix `tconstruct` for name `momentum`, expected `moartinkers`. This could be a intended override, but in most cases indicates a broken mod.
[02:38:43] [Server thread/WARN] [FML]: Potentially Dangerous alternative prefix `tconstruct` for name `dot`, expected `moartinkers`. This could be a intended override, but in most cases indicates a broken mod.
[02:38:43] [Server thread/WARN] [FML]: Potentially Dangerous alternative prefix `tconstruct` for name `splinter`, expected `moartinkers`. This could be a intended override, but in most cases indicates a broken mod.
[02:38:43] [Server thread/INFO] [Quark ASM]: Transforming net.minecraft.world.WorldServer
[02:38:43] [Server thread/INFO] [Quark ASM]: Applying Transformation to method (Names [areAllPlayersAsleep, func_73056_e] Descriptor ()Z)
[02:38:43] [Server thread/INFO] [Quark ASM]: Located Method, patching...
[02:38:43] [Server thread/INFO] [Quark ASM]: Patch result: true
[02:38:43] [Server thread/INFO] [Quark ASM]: Applying Transformation to method (Names [wakeAllPlayers, func_73053_d] Descriptor ()V)
[02:38:43] [Server thread/INFO] [Quark ASM]: Located Method, patching...
[02:38:43] [Server thread/INFO] [Quark ASM]: Patch result: true
[02:38:43] [Server thread/ERROR] [reccomplex]: Failed finding key (separated by ':') in '''
[02:38:44] [Server thread/WARN] [FML]: Potentially Dangerous alternative prefix `minecraft` for name `rcstructuregenerator`, expected `reccomplex`. This could be a intended override, but in most cases indicates a broken mod.
[02:38:44] [Server thread/WARN] [FML]: Potentially Dangerous alternative prefix `minecraft` for name `rcmazegenerator`, expected `reccomplex`. This could be a intended override, but in most cases indicates a broken mod.
[02:38:44] [Server thread/WARN] [FML]: Potentially Dangerous alternative prefix `minecraft` for name `rcspawncommand`, expected `reccomplex`. This could be a intended override, but in most cases indicates a broken mod.
[02:38:44] [Server thread/WARN] [FML]: Potentially Dangerous alternative prefix `minecraft` for name `rcspawnscript`, expected `reccomplex`. This could be a intended override, but in most cases indicates a broken mod.
[02:38:44] [Server thread/INFO] [STDOUT]: [xxrexraptorxx.additionalstructures.proxy.CommonProxy:preInit:34]: Mystcraft not found - integration not active
[02:38:44] [Server thread/INFO] [Scaling Health]: Trying to change max health cap to 2048
[02:38:44] [Server thread/INFO] [Scaling Health]: Config successfully loaded!
[02:38:44] [Server thread/WARN] [FML]: Potentially Dangerous alternative prefix `minecraft` for name `season_sensor`, expected `sereneseasons`. This could be a intended override, but in most cases indicates a broken mod.
[02:38:44] [Server thread/INFO] [SimpleDifficulty]: Extra Items Initialization
[02:38:44] [Server thread/INFO] [XAT]: Setting Up Races
[02:38:44] [Server thread/INFO] [XAT]: Setting Up Blocks
[02:38:44] [Server thread/INFO] [XAT]: Instantiating Flowers
[02:38:44] [Server thread/INFO] [XAT]: Instantiating Placeables
[02:38:44] [Server thread/INFO] [XAT]: Setting Up Items
[02:38:44] [Server thread/INFO] [XAT]: Setting Up Capabilities
[02:38:44] [Server thread/INFO] [XAT]: Setting Up Networking
[02:38:44] [Server thread/INFO] [XAT]: Pre-init
[02:38:45] [Server thread/INFO] [Spartan Weaponry]: Starting up Spartan Weaponry!
[02:38:45] [Server thread/INFO] [Spartan Weaponry]: API: Loaded internal method handler. API functionality should work now!
[02:38:45] [Server thread/INFO] [Spartan Weaponry]: Defined config version: 2.0 - Loaded config version: 2.0
[02:38:45] [Server thread/INFO] [spartansabovediamonds]: Initiating SAD
[02:38:45] [Server thread/INFO] [Spartan Shields]: Starting up Spartan Shields!
[02:38:45] [Server thread/INFO] [srparasites]: [MOD COMPATIBILITY] Checked for 2 mods that may be in the list that need patches or alternative code
[02:38:45] [Server thread/INFO] [travelersbackpack]: Registered the class com.tiviacz.travelersbackpack.fluids.effects.EffectWater as a FluidEffect for water with the ID 0
[02:38:45] [Server thread/INFO] [travelersbackpack]: Registered the class com.tiviacz.travelersbackpack.fluids.effects.EffectLava as a FluidEffect for lava with the ID 1
[02:38:45] [Server thread/INFO] [travelersbackpack]: Registered the class com.tiviacz.travelersbackpack.fluids.effects.EffectMilk as a FluidEffect for milk with the ID 2
[02:38:45] [Server thread/INFO] [travelersbackpack]: Registered the class com.tiviacz.travelersbackpack.fluids.effects.EffectPotion as a FluidEffect for potion with the ID 3
[02:38:45] [Server thread/INFO] [travelersbackpack]: Starting the Integration Handler.
[02:38:45] [Server thread/INFO] [travelersbackpack]: Didn't find any possible mod integration(s)!
[02:38:48] [Server thread/INFO] [Village Names]: Registered new Village generator
[02:38:48] [Server thread/INFO] [STDOUT]: [com.minecraftserverzone.weaponmaster.setup.configs.ConfigHelper:initConfig:50]: weaponmaster_ydm config path = /workspaces/laughing-goggles/servidor_minecraft/config/weaponmaster_ydm.cfg
[02:38:48] [Server thread/INFO] [STDOUT]: [com.minecraftserverzone.weaponmaster.setup.configs.ConfigHelper:initConfig:51]: Config file exists = true
[02:38:48] [Server thread/WARN] [FML]: Potentially Dangerous alternative prefix `minecraft` for name `tconstruct.table`, expected `tconstruct`. This could be a intended override, but in most cases indicates a broken mod.
[02:38:48] [Server thread/WARN] [FML]: Potentially Dangerous alternative prefix `minecraft` for name `tconstruct.craftingstation`, expected `tconstruct`. This could be a intended override, but in most cases indicates a broken mod.
[02:38:48] [Server thread/WARN] [FML]: Potentially Dangerous alternative prefix `minecraft` for name `tconstruct.stenciltable`, expected `tconstruct`. This could be a intended override, but in most cases indicates a broken mod.
[02:38:48] [Server thread/WARN] [FML]: Potentially Dangerous alternative prefix `minecraft` for name `tconstruct.partbuilder`, expected `tconstruct`. This could be a intended override, but in most cases indicates a broken mod.
[02:38:48] [Server thread/WARN] [FML]: Potentially Dangerous alternative prefix `minecraft` for name `tconstruct.patternchest`, expected `tconstruct`. This could be a intended override, but in most cases indicates a broken mod.
[02:38:48] [Server thread/WARN] [FML]: Potentially Dangerous alternative prefix `minecraft` for name `tconstruct.partchest`, expected `tconstruct`. This could be a intended override, but in most cases indicates a broken mod.
[02:38:48] [Server thread/WARN] [FML]: Potentially Dangerous alternative prefix `minecraft` for name `tconstruct.toolstation`, expected `tconstruct`. This could be a intended override, but in most cases indicates a broken mod.
[02:38:48] [Server thread/WARN] [FML]: Potentially Dangerous alternative prefix `minecraft` for name `tconstruct.toolforge`, expected `tconstruct`. This could be a intended override, but in most cases indicates a broken mod.
[02:38:48] [Server thread/WARN] [FML]: Potentially Dangerous alternative prefix `minecraft` for name `tconstruct.smeltery_controller`, expected `tconstruct`. This could be a intended override, but in most cases indicates a broken mod.
[02:38:48] [Server thread/WARN] [FML]: Potentially Dangerous alternative prefix `minecraft` for name `tconstruct.smeltery_component`, expected `tconstruct`. This could be a intended override, but in most cases indicates a broken mod.
[02:38:48] [Server thread/WARN] [FML]: Potentially Dangerous alternative prefix `minecraft` for name `tconstruct.tank`, expected `tconstruct`. This could be a intended override, but in most cases indicates a broken mod.
[02:38:48] [Server thread/WARN] [FML]: Potentially Dangerous alternative prefix `minecraft` for name `tconstruct.faucet`, expected `tconstruct`. This could be a intended override, but in most cases indicates a broken mod.
[02:38:48] [Server thread/WARN] [FML]: Potentially Dangerous alternative prefix `minecraft` for name `tconstruct.channel`, expected `tconstruct`. This could be a intended override, but in most cases indicates a broken mod.
[02:38:48] [Server thread/WARN] [FML]: Potentially Dangerous alternative prefix `minecraft` for name `tconstruct.casting_table`, expected `tconstruct`. This could be a intended override, but in most cases indicates a broken mod.
[02:38:48] [Server thread/WARN] [FML]: Potentially Dangerous alternative prefix `minecraft` for name `tconstruct.casting_basin`, expected `tconstruct`. This could be a intended override, but in most cases indicates a broken mod.
[02:38:48] [Server thread/WARN] [FML]: Potentially Dangerous alternative prefix `minecraft` for name `tconstruct.smeltery_drain`, expected `tconstruct`. This could be a intended override, but in most cases indicates a broken mod.
[02:38:48] [Server thread/WARN] [FML]: Potentially Dangerous alternative prefix `minecraft` for name `tconstruct.seared_furnace`, expected `tconstruct`. This could be a intended override, but in most cases indicates a broken mod.
[02:38:48] [Server thread/WARN] [FML]: Potentially Dangerous alternative prefix `minecraft` for name `tconstruct.tinker_tank`, expected `tconstruct`. This could be a intended override, but in most cases indicates a broken mod.
[02:38:48] [Server thread/WARN] [FML]: Potentially Dangerous alternative prefix `minecraft` for name `tconstruct.item_rack`, expected `tconstruct`. This could be a intended override, but in most cases indicates a broken mod.
[02:38:48] [Server thread/WARN] [FML]: Potentially Dangerous alternative prefix `minecraft` for name `tconstruct.drying_rack`, expected `tconstruct`. This could be a intended override, but in most cases indicates a broken mod.
[02:38:48] [Server thread/WARN] [FML]: Potentially Dangerous alternative prefix `minecraft` for name `tconstruct.wooden_hopper`, expected `tconstruct`. This could be a intended override, but in most cases indicates a broken mod.
[02:38:48] [Server thread/WARN] [FML]: Potentially Dangerous alternative prefix `minecraft` for name `tconstruct.slime_channel`, expected `tconstruct`. This could be a intended override, but in most cases indicates a broken mod.
[02:38:48] [Server thread/WARN] [FML]: Potentially Dangerous alternative prefix `minecraft` for name `lectern`, expected `iceandfire`. This could be a intended override, but in most cases indicates a broken mod.
[02:38:48] [Server thread/WARN] [FML]: Potentially Dangerous alternative prefix `minecraft` for name `podium`, expected `iceandfire`. This could be a intended override, but in most cases indicates a broken mod.
[02:38:48] [Server thread/WARN] [FML]: Potentially Dangerous alternative prefix `minecraft` for name `egginice`, expected `iceandfire`. This could be a intended override, but in most cases indicates a broken mod.
[02:38:48] [Server thread/WARN] [FML]: Potentially Dangerous alternative prefix `minecraft` for name `pixie_house`, expected `iceandfire`. This could be a intended override, but in most cases indicates a broken mod.
[02:38:48] [Server thread/WARN] [FML]: Potentially Dangerous alternative prefix `minecraft` for name `jar`, expected `iceandfire`. This could be a intended override, but in most cases indicates a broken mod.
[02:38:48] [Server thread/WARN] [FML]: Potentially Dangerous alternative prefix `minecraft` for name `dread_spawner`, expected `iceandfire`. This could be a intended override, but in most cases indicates a broken mod.
[02:38:48] [Server thread/WARN] [FML]: Potentially Dangerous alternative prefix `minecraft` for name `monster_spawner`, expected `iceandfire`. This could be a intended override, but in most cases indicates a broken mod.
[02:38:48] [Server thread/WARN] [FML]: Potentially Dangerous alternative prefix `minecraft` for name `eplus.advanced.table`, expected `eplus`. This could be a intended override, but in most cases indicates a broken mod.
[02:38:48] [Server thread/WARN] [FML]: Potentially Dangerous alternative prefix `minecraft` for name `eplus.decorative.book`, expected `eplus`. This could be a intended override, but in most cases indicates a broken mod.
[02:38:49] [Server thread/WARN] [FML]: Potentially Dangerous alternative prefix `minecraft` for name `ironchest.iron`, expected `ironchest`. This could be a intended override, but in most cases indicates a broken mod.
[02:38:49] [Server thread/WARN] [FML]: Potentially Dangerous alternative prefix `minecraft` for name `ironchest.gold`, expected `ironchest`. This could be a intended override, but in most cases indicates a broken mod.
[02:38:49] [Server thread/WARN] [FML]: Potentially Dangerous alternative prefix `minecraft` for name `ironchest.diamond`, expected `ironchest`. This could be a intended override, but in most cases indicates a broken mod.
[02:38:49] [Server thread/WARN] [FML]: Potentially Dangerous alternative prefix `minecraft` for name `ironchest.copper`, expected `ironchest`. This could be a intended override, but in most cases indicates a broken mod.
[02:38:49] [Server thread/WARN] [FML]: Potentially Dangerous alternative prefix `minecraft` for name `ironchest.silver`, expected `ironchest`. This could be a intended override, but in most cases indicates a broken mod.
[02:38:49] [Server thread/WARN] [FML]: Potentially Dangerous alternative prefix `minecraft` for name `ironchest.crystal`, expected `ironchest`. This could be a intended override, but in most cases indicates a broken mod.
[02:38:49] [Server thread/WARN] [FML]: Potentially Dangerous alternative prefix `minecraft` for name `ironchest.obsidian`, expected `ironchest`. This could be a intended override, but in most cases indicates a broken mod.
[02:38:49] [Server thread/WARN] [FML]: Potentially Dangerous alternative prefix `minecraft` for name `ironchest.dirtchest9000`, expected `ironchest`. This could be a intended override, but in most cases indicates a broken mod.
[02:38:49] [Server thread/WARN] [FML]: Potentially Dangerous alternative prefix `minecraft` for name `ironshulkerbox.iron`, expected `ironchest`. This could be a intended override, but in most cases indicates a broken mod.
[02:38:49] [Server thread/WARN] [FML]: Potentially Dangerous alternative prefix `minecraft` for name `ironshulkerbox.gold`, expected `ironchest`. This could be a intended override, but in most cases indicates a broken mod.
[02:38:49] [Server thread/WARN] [FML]: Potentially Dangerous alternative prefix `minecraft` for name `ironshulkerbox.diamond`, expected `ironchest`. This could be a intended override, but in most cases indicates a broken mod.
[02:38:49] [Server thread/WARN] [FML]: Potentially Dangerous alternative prefix `minecraft` for name `ironshulkerbox.copper`, expected `ironchest`. This could be a intended override, but in most cases indicates a broken mod.
[02:38:49] [Server thread/WARN] [FML]: Potentially Dangerous alternative prefix `minecraft` for name `ironshulkerbox.silver`, expected `ironchest`. This could be a intended override, but in most cases indicates a broken mod.
[02:38:49] [Server thread/WARN] [FML]: Potentially Dangerous alternative prefix `minecraft` for name `ironshulkerbox.crystal`, expected `ironchest`. This could be a intended override, but in most cases indicates a broken mod.
[02:38:49] [Server thread/WARN] [FML]: Potentially Dangerous alternative prefix `minecraft` for name `ironshulkerbox.obsidian`, expected `ironchest`. This could be a intended override, but in most cases indicates a broken mod.
[02:38:49] [Server thread/INFO] [XAT]: Registering Flower Blocks
[02:38:49] [Server thread/INFO] [XAT]: Registering Placeable Blocks
[02:38:49] [Server thread/WARN] [FML]: Potentially Dangerous alternative prefix `srparasites` for name `itemmobspawner_ug`, expected `srpextra`. This could be a intended override, but in most cases indicates a broken mod.
[02:38:49] [Server thread/WARN] [FML]: Potentially Dangerous alternative prefix `srparasites` for name `itemmobspawner_infchicken`, expected `srpextra`. This could be a intended override, but in most cases indicates a broken mod.
[02:38:49] [Server thread/WARN] [FML]: Potentially Dangerous alternative prefix `srparasites` for name `itemmobspawner_infhumanhusk`, expected `srpextra`. This could be a intended override, but in most cases indicates a broken mod.
[02:38:49] [Server thread/WARN] [FML]: Potentially Dangerous alternative prefix `srparasites` for name `itemmobspawner_infhumanhuskhead`, expected `srpextra`. This could be a intended override, but in most cases indicates a broken mod.
[02:38:49] [Server thread/WARN] [FML]: Potentially Dangerous alternative prefix `srparasites` for name `itemmobspawner_infwitch`, expected `srpextra`. This could be a intended override, but in most cases indicates a broken mod.
[02:38:49] [Server thread/WARN] [FML]: Potentially Dangerous alternative prefix `srparasites` for name `itemmobspawner_infwitchhead`, expected `srpextra`. This could be a intended override, but in most cases indicates a broken mod.
[02:38:49] [Server thread/WARN] [FML]: Potentially Dangerous alternative prefix `srparasites` for name `itemmobspawner_infvindicator`, expected `srpextra`. This could be a intended override, but in most cases indicates a broken mod.
[02:38:49] [Server thread/WARN] [FML]: Potentially Dangerous alternative prefix `srparasites` for name `itemmobspawner_infvindicatorhead`, expected `srpextra`. This could be a intended override, but in most cases indicates a broken mod.
[02:38:49] [Server thread/WARN] [FML]: Potentially Dangerous alternative prefix `srparasites` for name `itemmobspawner_infevoker`, expected `srpextra`. This could be a intended override, but in most cases indicates a broken mod.
[02:38:49] [Server thread/WARN] [FML]: Potentially Dangerous alternative prefix `srparasites` for name `itemmobspawner_infocelot`, expected `srpextra`. This could be a intended override, but in most cases indicates a broken mod.
[02:38:49] [Server thread/WARN] [FML]: Potentially Dangerous alternative prefix `srparasites` for name `itemmobspawner_infocelothead`, expected `srpextra`. This could be a intended override, but in most cases indicates a broken mod.
[02:38:49] [Server thread/WARN] [FML]: Potentially Dangerous alternative prefix `srparasites` for name `itemmobspawner_hicreeper`, expected `srpextra`. This could be a intended override, but in most cases indicates a broken mod.
[02:38:49] [Server thread/WARN] [FML]: Potentially Dangerous alternative prefix `srparasites` for name `itemmobspawner_hicreeperhead`, expected `srpextra`. This could be a intended override, but in most cases indicates a broken mod.
[02:38:49] [Server thread/WARN] [FML]: Potentially Dangerous alternative prefix `srparasites` for name `itemmobspawner_hiskeleton_srpe`, expected `srpextra`. This could be a intended override, but in most cases indicates a broken mod.
[02:38:49] [Server thread/WARN] [FML]: Potentially Dangerous alternative prefix `srparasites` for name `itemmobspawner_hiskeletonhead`, expected `srpextra`. This could be a intended override, but in most cases indicates a broken mod.
[02:38:49] [Server thread/WARN] [FML]: Potentially Dangerous alternative prefix `srparasites` for name `itemmobspawner_hiskeletonstray`, expected `srpextra`. This could be a intended override, but in most cases indicates a broken mod.
[02:38:49] [Server thread/WARN] [FML]: Potentially Dangerous alternative prefix `srparasites` for name `itemmobspawner_hiskeletonstrayhead`, expected `srpextra`. This could be a intended override, but in most cases indicates a broken mod.
[02:38:49] [Server thread/WARN] [FML]: Potentially Dangerous alternative prefix `srparasites` for name `itemmobspawner_ferocelot`, expected `srpextra`. This could be a intended override, but in most cases indicates a broken mod.
[02:38:49] [Server thread/WARN] [FML]: Potentially Dangerous alternative prefix `srparasites` for name `itemmobspawner_ferplayer`, expected `srpextra`. This could be a intended override, but in most cases indicates a broken mod.
[02:38:49] [Server thread/WARN] [FML]: Potentially Dangerous alternative prefix `srparasites` for name `itemmobspawner_ferwitch`, expected `srpextra`. This could be a intended override, but in most cases indicates a broken mod.
[02:38:49] [Server thread/WARN] [FML]: Potentially Dangerous alternative prefix `srparasites` for name `itemmobspawner_miku`, expected `srpextra`. This could be a intended override, but in most cases indicates a broken mod.
[02:38:49] [Server thread/WARN] [FML]: Potentially Dangerous alternative prefix `srparasites` for name `itemmobspawner_skera`, expected `srpextra`. This could be a intended override, but in most cases indicates a broken mod.
[02:38:49] [Server thread/WARN] [FML]: Potentially Dangerous alternative prefix `srparasites` for name `itemmobspawner_ikiadapted_srpe`, expected `srpextra`. This could be a intended override, but in most cases indicates a broken mod.
[02:38:49] [Server thread/WARN] [FML]: Potentially Dangerous alternative prefix `srparasites` for name `itemmobspawner_wymoadapted_srpe`, expected `srpextra`. This could be a intended override, but in most cases indicates a broken mod.
[02:38:49] [Server thread/WARN] [FML]: Potentially Dangerous alternative prefix `srparasites` for name `itemmobspawner_tendrilwymo`, expected `srpextra`. This could be a intended override, but in most cases indicates a broken mod.
[02:38:49] [Server thread/WARN] [FML]: Potentially Dangerous alternative prefix `srparasites` for name `itemmobspawner_mikuadapted`, expected `srpextra`. This could be a intended override, but in most cases indicates a broken mod.
[02:38:49] [Server thread/WARN] [FML]: Potentially Dangerous alternative prefix `srparasites` for name `itemmobspawner_tendrilmiku`, expected `srpextra`. This could be a intended override, but in most cases indicates a broken mod.
[02:38:49] [Server thread/WARN] [FML]: Potentially Dangerous alternative prefix `srparasites` for name `itemmobspawner_skeraadapted`, expected `srpextra`. This could be a intended override, but in most cases indicates a broken mod.
[02:38:49] [Server thread/WARN] [FML]: Potentially Dangerous alternative prefix `srparasites` for name `itemmobspawner_fog`, expected `srpextra`. This could be a intended override, but in most cases indicates a broken mod.
[02:38:49] [Server thread/WARN] [FML]: Potentially Dangerous alternative prefix `srparasites` for name `itemmobspawner_leshaqua`, expected `srpextra`. This could be a intended override, but in most cases indicates a broken mod.
[02:38:49] [Server thread/WARN] [FML]: Potentially Dangerous alternative prefix `srparasites` for name `itemmobspawner_remainaqua`, expected `srpextra`. This could be a intended override, but in most cases indicates a broken mod.
[02:38:49] [Server thread/WARN] [FML]: Potentially Dangerous alternative prefix `srparasites` for name `itemmobspawner_remainaqua_pri`, expected `srpextra`. This could be a intended override, but in most cases indicates a broken mod.
[02:38:49] [Server thread/WARN] [FML]: Potentially Dangerous alternative prefix `srparasites` for name `itemmobspawner_remainaqua_ada`, expected `srpextra`. This could be a intended override, but in most cases indicates a broken mod.
[02:38:49] [Server thread/WARN] [FML]: Potentially Dangerous alternative prefix `srparasites` for name `itemmobspawner_remainaqua_pure`, expected `srpextra`. This could be a intended override, but in most cases indicates a broken mod.
[02:38:49] [Server thread/WARN] [FML]: Potentially Dangerous alternative prefix `srparasites` for name `itemmobspawner_goreaqua`, expected `srpextra`. This could be a intended override, but in most cases indicates a broken mod.
[02:38:49] [Server thread/WARN] [FML]: Potentially Dangerous alternative prefix `srparasites` for name `itemmobspawner_goreaqua_pri`, expected `srpextra`. This could be a intended override, but in most cases indicates a broken mod.
[02:38:49] [Server thread/WARN] [FML]: Potentially Dangerous alternative prefix `srparasites` for name `itemmobspawner_goreaqua_ada`, expected `srpextra`. This could be a intended override, but in most cases indicates a broken mod.
[02:38:49] [Server thread/WARN] [FML]: Potentially Dangerous alternative prefix `srparasites` for name `itemmobspawner_goreaqua_pure`, expected `srpextra`. This could be a intended override, but in most cases indicates a broken mod.
[02:38:49] [Server thread/WARN] [FML]: Potentially Dangerous alternative prefix `srparasites` for name `itemmobspawner_flogii`, expected `srpextra`. This could be a intended override, but in most cases indicates a broken mod.
[02:38:49] [Server thread/WARN] [FML]: Potentially Dangerous alternative prefix `srparasites` for name `itemmobspawner_infdolphin`, expected `srpdeepseadanger`. This could be a intended override, but in most cases indicates a broken mod.
[02:38:49] [Server thread/WARN] [FML]: Potentially Dangerous alternative prefix `srparasites` for name `itemmobspawner_infdolphinhead`, expected `srpdeepseadanger`. This could be a intended override, but in most cases indicates a broken mod.
[02:38:49] [Server thread/WARN] [FML]: Potentially Dangerous alternative prefix `srparasites` for name `itemmobspawner_infdrowned`, expected `srpdeepseadanger`. This could be a intended override, but in most cases indicates a broken mod.
[02:38:49] [Server thread/WARN] [FML]: Potentially Dangerous alternative prefix `srparasites` for name `itemmobspawner_inffish`, expected `srpdeepseadanger`. This could be a intended override, but in most cases indicates a broken mod.
[02:38:49] [Server thread/WARN] [FML]: Potentially Dangerous alternative prefix `srparasites` for name `itemmobspawner_ferdolphin`, expected `srpdeepseadanger`. This could be a intended override, but in most cases indicates a broken mod.
[02:38:49] [Server thread/WARN] [FML]: Potentially Dangerous alternative prefix `srparasites` for name `itemmobspawner_ferfish`, expected `srpdeepseadanger`. This could be a intended override, but in most cases indicates a broken mod.
[02:38:49] [Server thread/WARN] [FML]: Potentially Dangerous alternative prefix `srparasites` for name `itemmobspawner_higuardian`, expected `srpdeepseadanger`. This could be a intended override, but in most cases indicates a broken mod.
[02:38:49] [Server thread/WARN] [FML]: Potentially Dangerous alternative prefix `srparasites` for name `itemmobspawner_hielderguardian`, expected `srpdeepseadanger`. This could be a intended override, but in most cases indicates a broken mod.
[02:38:49] [Server thread/WARN] [FML]: Potentially Dangerous alternative prefix `srparasites` for name `itemmobspawner_horgo`, expected `srpdeepseadanger`. This could be a intended override, but in most cases indicates a broken mod.
[02:38:49] [Server thread/WARN] [FML]: Potentially Dangerous alternative prefix `srparasites` for name `itemmobspawner_jomoi`, expected `srpdeepseadanger`. This could be a intended override, but in most cases indicates a broken mod.
[02:38:49] [Server thread/WARN] [FML]: Potentially Dangerous alternative prefix `srparasites` for name `itemmobspawner_horgoadapted`, expected `srpdeepseadanger`. This could be a intended override, but in most cases indicates a broken mod.
[02:38:49] [Server thread/WARN] [FML]: Potentially Dangerous alternative prefix `srparasites` for name `itemmobspawner_tendrilhorgo`, expected `srpdeepseadanger`. This could be a intended override, but in most cases indicates a broken mod.
[02:38:49] [Server thread/WARN] [FML]: Potentially Dangerous alternative prefix `srparasites` for name `itemmobspawner_lumadapted_srpe`, expected `srpdeepseadanger`. This could be a intended override, but in most cases indicates a broken mod.
[02:38:49] [Server thread/WARN] [FML]: Potentially Dangerous alternative prefix `srparasites` for name `itemmobspawner_ryba`, expected `srpdeepseadanger`. This could be a intended override, but in most cases indicates a broken mod.
[02:38:49] [Server thread/WARN] [FML]: Potentially Dangerous alternative prefix `srparasites` for name `itemmobspawner_rekin`, expected `srpdeepseadanger`. This could be a intended override, but in most cases indicates a broken mod.
[02:38:49] [Server thread/WARN] [FML]: Potentially Dangerous alternative prefix `srparasites` for name `itemmobspawner_oso`, expected `srpdeepseadanger`. This could be a intended override, but in most cases indicates a broken mod.
[02:38:49] [Server thread/WARN] [FML]: Potentially Dangerous alternative prefix `srparasites` for name `itemmobspawner_foho`, expected `srpdeepseadanger`. This could be a intended override, but in most cases indicates a broken mod.
[02:38:49] [Server thread/WARN] [FML]: Potentially Dangerous alternative prefix `srparasites` for name `itemmobspawner_sethol`, expected `srpdeepseadanger`. This could be a intended override, but in most cases indicates a broken mod.
[02:38:49] [Server thread/WARN] [FML]: Potentially Dangerous alternative prefix `srparasites` for name `itemmobspawner_kobi`, expected `srpdeepseadanger`. This could be a intended override, but in most cases indicates a broken mod.
[02:38:49] [Server thread/WARN] [FML]: Potentially Dangerous alternative prefix `srparasites` for name `itemmobspawner_veru`, expected `srpdeepseadanger`. This could be a intended override, but in most cases indicates a broken mod.
[02:38:49] [Server thread/WARN] [FML]: Potentially Dangerous alternative prefix `srparasites` for name `itemmobspawner_verusii`, expected `srpdeepseadanger`. This could be a intended override, but in most cases indicates a broken mod.
[02:38:49] [Server thread/WARN] [FML]: Potentially Dangerous alternative prefix `srparasites` for name `itemmobspawner_verusiii`, expected `srpdeepseadanger`. This could be a intended override, but in most cases indicates a broken mod.
[02:38:49] [Server thread/WARN] [FML]: Potentially Dangerous alternative prefix `srparasites` for name `itemmobspawner_verusiv`, expected `srpdeepseadanger`. This could be a intended override, but in most cases indicates a broken mod.
[02:38:49] [Server thread/WARN] [FML]: Potentially Dangerous alternative prefix `srparasites` for name `itemmobspawner_irol`, expected `srpdeepseadanger`. This could be a intended override, but in most cases indicates a broken mod.
[02:38:49] [Server thread/WARN] [FML]: Potentially Dangerous alternative prefix `minecraft` for name `furnace`, expected `fastfurnace`. This could be a intended override, but in most cases indicates a broken mod.
[02:38:49] [Server thread/WARN] [FML]: Potentially Dangerous alternative prefix `minecraft` for name `lit_furnace`, expected `fastfurnace`. This could be a intended override, but in most cases indicates a broken mod.
[02:38:49] [Server thread/WARN] [FML]: Potentially Dangerous alternative prefix `minecraft` for name `crafting_table`, expected `fastbench`. This could be a intended override, but in most cases indicates a broken mod.
[02:38:49] [Server thread/WARN] [FML]: Potentially Dangerous alternative prefix `minecraft` for name `crafting_table`, expected `fastbench`. This could be a intended override, but in most cases indicates a broken mod.
[02:38:50] [Server thread/INFO] [FML]: Applying holder lookups
[02:38:50] [Server thread/INFO] [FML]: Holder lookups applied
[02:38:50] [Server thread/INFO] [bhc]: Registering Items to the OreDictionary...
[02:38:50] [Server thread/INFO] [SimpleDifficulty]: Registering Items
[02:38:50] [Server thread/INFO] [XAT]: Registering Crafting
[02:38:50] [Server thread/INFO] [XAT]: Registering Foods
[02:38:50] [Server thread/INFO] [XAT]: Registering Misc
[02:38:50] [Server thread/INFO] [XAT]: Registering Baubles
[02:38:50] [Server thread/INFO] [Spartan Weaponry]: Registering 10 modded material based weapons
[02:38:50] [Server thread/INFO] [Spartan Weaponry]: Adding weapons for materials: Copper, Tin, Bronze, Steel, Silver, Invar, Platinum, Electrum, Nickel, Lead
[02:38:50] [Server thread/INFO] [Spartan Weaponry]: Items Registered!
[02:38:50] [Server thread/INFO] [Spartan Shields]: Items Registered!
[02:38:50] [Server thread/WARN] [FML]: Potentially Dangerous alternative prefix `srparasites` for name `itemmobspawner_hiskeletonpirate`, expected `srpquark`. This could be a intended override, but in most cases indicates a broken mod.
[02:38:50] [Server thread/WARN] [FML]: Potentially Dangerous alternative prefix `srparasites` for name `itemmobspawner_hiskeletonashen`, expected `srpquark`. This could be a intended override, but in most cases indicates a broken mod.
[02:38:50] [Server thread/WARN] [FML]: Potentially Dangerous alternative prefix `srparasites` for name `itemmobspawner_infdweller`, expected `srpquark`. This could be a intended override, but in most cases indicates a broken mod.
[02:38:50] [Server thread/WARN] [FML]: Potentially Dangerous alternative prefix `srparasites` for name `itemmobspawner_infarchaeologist`, expected `srpquark`. This could be a intended override, but in most cases indicates a broken mod.
[02:38:50] [Server thread/WARN] [FML]: Potentially Dangerous alternative prefix `srparasites` for name `itemmobspawner_infstoneling`, expected `srpquark`. This could be a intended override, but in most cases indicates a broken mod.
[02:38:50] [Server thread/WARN] [FML]: Potentially Dangerous alternative prefix `srparasites` for name `itemmobspawner_infcrab`, expected `srpquark`. This could be a intended override, but in most cases indicates a broken mod.
[02:38:50] [Server thread/WARN] [FML]: Potentially Dangerous alternative prefix `srparasites` for name `itemmobspawner_inffrog`, expected `srpquark`. This could be a intended override, but in most cases indicates a broken mod.
[02:38:50] [Server thread/INFO] [STDOUT]: [com.mujmajnkraft.bettersurvival.init.ModItems:handler$zff000$bstweaker$injectCustomWeaponsAtHead:526]: [BSTweaker] Mixin triggered - registerItems HEAD
[02:38:50] [Server thread/INFO] [STDOUT]: [com.mujmajnkraft.bettersurvival.init.ModItems:handler$zff000$bstweaker$injectCustomWeapons:533]: [BSTweaker] Attempting to inject custom weapons...
[02:38:50] [Server thread/INFO] [STDOUT]: [com.mujmajnkraft.bstweaker.util.TweakerWeaponInjector:loadMaterial:239]: [BSTweaker] Registered material: EMERALDEXAMPLE
[02:38:50] [Server thread/INFO] [bstweaker]: Resource injection completed (using DynamicResourcePack only)
[02:38:50] [Server thread/INFO] [STDOUT]: [com.mujmajnkraft.bstweaker.util.TweakerWeaponInjector:createWeapon:388]: [BSTweaker] Created weapon: mujmajnkraftsbettersurvival:itememeraldexampledagger (type=dagger, material=EMERALDEXAMPLE, texture=emeraldexampledagger, translationKey=emeraldexampledagger)
[02:38:50] [Server thread/INFO] [STDOUT]: [com.mujmajnkraft.bstweaker.util.TweakerWeaponInjector:createWeapons:189]: [BSTweaker] Found scripts by id: emeraldexampledagger
[02:38:50] [Server thread/INFO] [STDOUT]: [com.mujmajnkraft.bstweaker.util.TweakerWeaponInjector:createWeapon:388]: [BSTweaker] Created weapon: mujmajnkraftsbettersurvival:itememeraldexamplehammer (type=hammer, material=EMERALDEXAMPLE, texture=emeraldexamplehammer, translationKey=emeraldexamplehammer)
[02:38:50] [Server thread/INFO] [STDOUT]: [com.mujmajnkraft.bstweaker.util.TweakerWeaponInjector:createWeapons:189]: [BSTweaker] Found scripts by id: emeraldexamplehammer
[02:38:50] [Server thread/INFO] [STDOUT]: [com.mujmajnkraft.bstweaker.util.TweakerWeaponInjector:createWeapon:388]: [BSTweaker] Created weapon: mujmajnkraftsbettersurvival:itememeraldexamplespear (type=spear, material=EMERALDEXAMPLE, texture=emeraldexamplespear, translationKey=emeraldexamplespear)
[02:38:50] [Server thread/INFO] [STDOUT]: [com.mujmajnkraft.bstweaker.util.TweakerWeaponInjector:createWeapons:189]: [BSTweaker] Found scripts by id: emeraldexamplespear
[02:38:50] [Server thread/INFO] [STDOUT]: [com.mujmajnkraft.bstweaker.util.TweakerWeaponInjector:createWeapon:388]: [BSTweaker] Created weapon: mujmajnkraftsbettersurvival:itememeraldexamplebattleaxe (type=battleaxe, material=EMERALDEXAMPLE, texture=emeraldexamplebattleaxe, translationKey=emeraldexamplebattleaxe)
[02:38:50] [Server thread/INFO] [STDOUT]: [com.mujmajnkraft.bstweaker.util.TweakerWeaponInjector:createWeapons:189]: [BSTweaker] Found scripts by id: emeraldexamplebattleaxe
[02:38:50] [Server thread/INFO] [STDOUT]: [com.mujmajnkraft.bstweaker.util.TweakerWeaponInjector:createWeapon:388]: [BSTweaker] Created weapon: mujmajnkraftsbettersurvival:itememeraldexamplenunchaku (type=nunchaku, material=EMERALDEXAMPLE, texture=emeraldexamplenunchaku, translationKey=emeraldexamplenunchaku)
[02:38:50] [Server thread/INFO] [STDOUT]: [com.mujmajnkraft.bstweaker.util.TweakerWeaponInjector:createWeapons:189]: [BSTweaker] Found scripts by id: emeraldexamplenunchaku
[02:38:50] [Server thread/INFO] [STDOUT]: [com.mujmajnkraft.bstweaker.util.TweakerWeaponInjector:createWeapons:208]: [BSTweaker] Created 5 custom weapons
[02:38:50] [Server thread/INFO] [STDOUT]: [com.mujmajnkraft.bettersurvival.init.ModItems:handler$zff000$bstweaker$injectCustomWeapons:537]: [BSTweaker] Injected 5 custom weapons into BetterSurvival items list
[02:38:50] [Server thread/WARN] [FML]: Potentially Dangerous alternative prefix `minecraft` for name `furnace`, expected `fastfurnace`. This could be a intended override, but in most cases indicates a broken mod.
[02:38:51] [Server thread/WARN] [FML]: Potentially Dangerous alternative prefix `srparasites` for name `coth`, expected `srpmeshi`. This could be a intended override, but in most cases indicates a broken mod.
[02:38:51] [Server thread/WARN] [FML]: Potentially Dangerous alternative prefix `srparasites` for name `dod_smoke_trail`, expected `srpmeshi`. This could be a intended override, but in most cases indicates a broken mod.
[02:38:51] [Server thread/WARN] [FML]: Potentially Dangerous alternative prefix `srparasites` for name `thornshade_thorns`, expected `srpmeshi`. This could be a intended override, but in most cases indicates a broken mod.
[02:38:51] [Server thread/WARN] [FML]: Potentially Dangerous alternative prefix `srparasites` for name `fear`, expected `srpmeshi`. This could be a intended override, but in most cases indicates a broken mod.
[02:38:51] [Server thread/WARN] [FML]: Potentially Dangerous alternative prefix `srparasites` for name `antimall`, expected `srpmeshi`. This could be a intended override, but in most cases indicates a broken mod.
[02:38:51] [Server thread/WARN] [FML]: Potentially Dangerous alternative prefix `srparasites` for name `bleed`, expected `srpmeshi`. This could be a intended override, but in most cases indicates a broken mod.
[02:38:51] [Server thread/WARN] [FML]: Potentially Dangerous alternative prefix `srparasites` for name `corrosive`, expected `srpmeshi`. This could be a intended override, but in most cases indicates a broken mod.
[02:38:51] [Server thread/WARN] [FML]: Potentially Dangerous alternative prefix `srparasites` for name `viral`, expected `srpmeshi`. This could be a intended override, but in most cases indicates a broken mod.
[02:38:51] [Server thread/WARN] [FML]: Potentially Dangerous alternative prefix `srparasites` for name `vomit`, expected `srpmeshi`. This could be a intended override, but in most cases indicates a broken mod.
[02:38:51] [Server thread/WARN] [FML]: Potentially Dangerous alternative prefix `srparasites` for name `rage`, expected `srpmeshi`. This could be a intended override, but in most cases indicates a broken mod.
[02:38:51] [Server thread/WARN] [FML]: Potentially Dangerous alternative prefix `srparasites` for name `repel`, expected `srpmeshi`. This could be a intended override, but in most cases indicates a broken mod.
[02:38:51] [Server thread/WARN] [FML]: Potentially Dangerous alternative prefix `srparasites` for name `senses`, expected `srpmeshi`. This could be a intended override, but in most cases indicates a broken mod.
[02:38:51] [Server thread/WARN] [FML]: Potentially Dangerous alternative prefix `srparasites` for name `prey`, expected `srpmeshi`. This could be a intended override, but in most cases indicates a broken mod.
[02:38:51] [Server thread/WARN] [FML]: Potentially Dangerous alternative prefix `srparasites` for name `debar`, expected `srpmeshi`. This could be a intended override, but in most cases indicates a broken mod.
[02:38:51] [Server thread/WARN] [FML]: Potentially Dangerous alternative prefix `srparasites` for name `needler`, expected `srpmeshi`. This could be a intended override, but in most cases indicates a broken mod.
[02:38:51] [Server thread/WARN] [FML]: Potentially Dangerous alternative prefix `srparasites` for name `foster`, expected `srpmeshi`. This could be a intended override, but in most cases indicates a broken mod.
[02:38:51] [Server thread/WARN] [FML]: Potentially Dangerous alternative prefix `srparasites` for name `link`, expected `srpmeshi`. This could be a intended override, but in most cases indicates a broken mod.
[02:38:51] [Server thread/WARN] [FML]: Potentially Dangerous alternative prefix `srparasites` for name `pivot`, expected `srpmeshi`. This could be a intended override, but in most cases indicates a broken mod.
[02:38:51] [Server thread/WARN] [FML]: Potentially Dangerous alternative prefix `srparasites` for name `jugg`, expected `srpmeshi`. This could be a intended override, but in most cases indicates a broken mod.
[02:38:51] [Server thread/WARN] [FML]: Potentially Dangerous alternative prefix `srparasites` for name `parate`, expected `srpmeshi`. This could be a intended override, but in most cases indicates a broken mod.
[02:38:51] [Server thread/WARN] [FML]: Potentially Dangerous alternative prefix `srparasites` for name `primitive`, expected `srpmeshi`. This could be a intended override, but in most cases indicates a broken mod.
[02:38:51] [Server thread/WARN] [FML]: Potentially Dangerous alternative prefix `srparasites` for name `adapted`, expected `srpmeshi`. This could be a intended override, but in most cases indicates a broken mod.
[02:38:51] [Server thread/WARN] [FML]: Potentially Dangerous alternative prefix `srparasites` for name `pure`, expected `srpmeshi`. This could be a intended override, but in most cases indicates a broken mod.
[02:38:51] [Server thread/WARN] [FML]: Potentially Dangerous alternative prefix `srparasites` for name `crude`, expected `srpmeshi`. This could be a intended override, but in most cases indicates a broken mod.
[02:38:51] [Server thread/WARN] [FML]: Potentially Dangerous alternative prefix `srparasites` for name `feral`, expected `srpmeshi`. This could be a intended override, but in most cases indicates a broken mod.
[02:38:51] [Server thread/WARN] [FML]: Potentially Dangerous alternative prefix `srparasites` for name `nexus`, expected `srpmeshi`. This could be a intended override, but in most cases indicates a broken mod.
[02:38:51] [Server thread/WARN] [FML]: Potentially Dangerous alternative prefix `srparasites` for name `spotted`, expected `srpmeshi`. This could be a intended override, but in most cases indicates a broken mod.
[02:38:51] [Server thread/WARN] [FML]: Potentially Dangerous alternative prefix `srparasites` for name `braining`, expected `srpmeshi`. This could be a intended override, but in most cases indicates a broken mod.
[02:38:51] [Server thread/WARN] [FML]: Potentially Dangerous alternative prefix `srparasites` for name `novision`, expected `srpmeshi`. This could be a intended override, but in most cases indicates a broken mod.
[02:38:51] [Server thread/WARN] [FML]: Potentially Dangerous alternative prefix `srparasites` for name `indeaf`, expected `srpmeshi`. This could be a intended override, but in most cases indicates a broken mod.
[02:38:51] [Server thread/WARN] [FML]: Potentially Dangerous alternative prefix `srparasites` for name `overheating`, expected `srpmeshi`. This could be a intended override, but in most cases indicates a broken mod.
[02:38:51] [Server thread/WARN] [FML]: Potentially Dangerous alternative prefix `srparasites` for name `conta`, expected `srpmeshi`. This could be a intended override, but in most cases indicates a broken mod.
[02:38:51] [Server thread/WARN] [FML]: Potentially Dangerous alternative prefix `srparasites` for name `muscleout`, expected `srpmeshi`. This could be a intended override, but in most cases indicates a broken mod.
[02:38:51] [Server thread/WARN] [FML]: Potentially Dangerous alternative prefix `srparasites` for name `effectpos`, expected `srpmeshi`. This could be a intended override, but in most cases indicates a broken mod.
[02:38:51] [Server thread/WARN] [FML]: Potentially Dangerous alternative prefix `srparasites` for name `effectneg`, expected `srpmeshi`. This could be a intended override, but in most cases indicates a broken mod.
[02:38:51] [Server thread/WARN] [FML]: Potentially Dangerous alternative prefix `srparasites` for name `the_sign`, expected `srpmeshi`. This could be a intended override, but in most cases indicates a broken mod.
[02:38:51] [Server thread/WARN] [FML]: Potentially Dangerous alternative prefix `srparasites` for name `coth`, expected `srpmeshi`. This could be a intended override, but in most cases indicates a broken mod.
[02:38:51] [Server thread/WARN] [FML]: Potentially Dangerous alternative prefix `srparasites` for name `fear`, expected `srpmeshi`. This could be a intended override, but in most cases indicates a broken mod.
[02:38:51] [Server thread/WARN] [FML]: Potentially Dangerous alternative prefix `srparasites` for name `res`, expected `srpmeshi`. This could be a intended override, but in most cases indicates a broken mod.
[02:38:51] [Server thread/WARN] [FML]: Potentially Dangerous alternative prefix `srparasites` for name `corro`, expected `srpmeshi`. This could be a intended override, but in most cases indicates a broken mod.
[02:38:51] [Server thread/WARN] [FML]: Potentially Dangerous alternative prefix `srparasites` for name `vira`, expected `srpmeshi`. This could be a intended override, but in most cases indicates a broken mod.
[02:38:51] [Server thread/WARN] [FML]: Potentially Dangerous alternative prefix `srparasites` for name `vomit`, expected `srpmeshi`. This could be a intended override, but in most cases indicates a broken mod.
[02:38:51] [Server thread/WARN] [FML]: Potentially Dangerous alternative prefix `srparasites` for name `rage`, expected `srpmeshi`. This could be a intended override, but in most cases indicates a broken mod.
[02:38:51] [Server thread/WARN] [FML]: Potentially Dangerous alternative prefix `srparasites` for name `repel`, expected `srpmeshi`. This could be a intended override, but in most cases indicates a broken mod.
[02:38:51] [Server thread/WARN] [FML]: Potentially Dangerous alternative prefix `srparasites` for name `senses`, expected `srpmeshi`. This could be a intended override, but in most cases indicates a broken mod.
[02:38:51] [Server thread/WARN] [FML]: Potentially Dangerous alternative prefix `srparasites` for name `debar`, expected `srpmeshi`. This could be a intended override, but in most cases indicates a broken mod.
[02:38:51] [Server thread/WARN] [FML]: Potentially Dangerous alternative prefix `srparasites` for name `foster`, expected `srpmeshi`. This could be a intended override, but in most cases indicates a broken mod.
[02:38:51] [Server thread/WARN] [FML]: Potentially Dangerous alternative prefix `srparasites` for name `link`, expected `srpmeshi`. This could be a intended override, but in most cases indicates a broken mod.
[02:38:51] [Server thread/WARN] [FML]: Potentially Dangerous alternative prefix `srparasites` for name `pivot`, expected `srpmeshi`. This could be a intended override, but in most cases indicates a broken mod.
[02:38:51] [Server thread/WARN] [FML]: Potentially Dangerous alternative prefix `srparasites` for name `jugg`, expected `srpmeshi`. This could be a intended override, but in most cases indicates a broken mod.
[02:38:51] [Server thread/WARN] [FML]: Potentially Dangerous alternative prefix `srparasites` for name `parate`, expected `srpmeshi`. This could be a intended override, but in most cases indicates a broken mod.
[02:38:51] [Server thread/WARN] [FML]: Potentially Dangerous alternative prefix `srparasites` for name `primitive`, expected `srpmeshi`. This could be a intended override, but in most cases indicates a broken mod.
[02:38:51] [Server thread/WARN] [FML]: Potentially Dangerous alternative prefix `srparasites` for name `adapted`, expected `srpmeshi`. This could be a intended override, but in most cases indicates a broken mod.
[02:38:51] [Server thread/WARN] [FML]: Potentially Dangerous alternative prefix `srparasites` for name `pure`, expected `srpmeshi`. This could be a intended override, but in most cases indicates a broken mod.
[02:38:51] [Server thread/WARN] [FML]: Potentially Dangerous alternative prefix `srparasites` for name `crude`, expected `srpmeshi`. This could be a intended override, but in most cases indicates a broken mod.
[02:38:51] [Server thread/WARN] [FML]: Potentially Dangerous alternative prefix `srparasites` for name `feral`, expected `srpmeshi`. This could be a intended override, but in most cases indicates a broken mod.
[02:38:51] [Server thread/WARN] [FML]: Potentially Dangerous alternative prefix `srparasites` for name `nexus`, expected `srpmeshi`. This could be a intended override, but in most cases indicates a broken mod.
[02:38:51] [Server thread/WARN] [FML]: Potentially Dangerous alternative prefix `srparasites` for name `spotted`, expected `srpmeshi`. This could be a intended override, but in most cases indicates a broken mod.
[02:38:51] [Server thread/WARN] [FML]: Potentially Dangerous alternative prefix `srparasites` for name `braining`, expected `srpmeshi`. This could be a intended override, but in most cases indicates a broken mod.
[02:38:51] [Server thread/WARN] [FML]: Potentially Dangerous alternative prefix `srparasites` for name `novision`, expected `srpmeshi`. This could be a intended override, but in most cases indicates a broken mod.
[02:38:51] [Server thread/WARN] [FML]: Potentially Dangerous alternative prefix `srparasites` for name `the_sign`, expected `srpmeshi`. This could be a intended override, but in most cases indicates a broken mod.
[02:38:51] [Server thread/WARN] [FML]: Potentially Dangerous alternative prefix `srparasites` for name `indeaf`, expected `srpmeshi`. This could be a intended override, but in most cases indicates a broken mod.
[02:38:51] [Server thread/WARN] [FML]: Potentially Dangerous alternative prefix `srparasites` for name `overheating`, expected `srpmeshi`. This could be a intended override, but in most cases indicates a broken mod.
[02:38:51] [Server thread/WARN] [FML]: Potentially Dangerous alternative prefix `srparasites` for name `conta`, expected `srpmeshi`. This could be a intended override, but in most cases indicates a broken mod.
[02:38:51] [Server thread/WARN] [FML]: Potentially Dangerous alternative prefix `srparasites` for name `muscleout`, expected `srpmeshi`. This could be a intended override, but in most cases indicates a broken mod.
[02:38:51] [Server thread/WARN] [FML]: Potentially Dangerous alternative prefix `srparasites` for name `effectpos`, expected `srpmeshi`. This could be a intended override, but in most cases indicates a broken mod.
[02:38:51] [Server thread/WARN] [FML]: Potentially Dangerous alternative prefix `srparasites` for name `effectneg`, expected `srpmeshi`. This could be a intended override, but in most cases indicates a broken mod.
[02:38:51] [Server thread/WARN] [FML]: Potentially Dangerous alternative prefix `srparasites` for name `thornshade_thorns`, expected `srpmeshi`. This could be a intended override, but in most cases indicates a broken mod.
[02:38:51] [Server thread/INFO] [srpmeshi]: All items have been registered.
[02:38:51] [Server thread/INFO] [FML]: Applying holder lookups
[02:38:51] [Server thread/INFO] [FML]: Holder lookups applied
[02:38:51] [Server thread/INFO] [improvableskills]: RegistryEvent.Register<PlayerAbilityBase>
[02:38:51] [Server thread/INFO] [improvableskills]: RegistryEvent.Register<PlayerSkillBase>
[02:38:51] [Server thread/INFO] [improvableskills]: Checking state for improvableskills:accelerated_furnace: true
[02:38:51] [Server thread/INFO] [improvableskills]:   -Registering
[02:38:51] [Server thread/INFO] [improvableskills]: Checking state for improvableskills:leaper: true
[02:38:51] [Server thread/INFO] [improvableskills]:   -Registering
[02:38:51] [Server thread/INFO] [improvableskills]: Checking state for improvableskills:ladder_king: true
[02:38:51] [Server thread/INFO] [improvableskills]:   -Registering
[02:38:51] [Server thread/INFO] [improvableskills]: Checking state for improvableskills:soft_landing: true
[02:38:51] [Server thread/INFO] [improvableskills]:   -Registering
[02:38:51] [Server thread/INFO] [improvableskills]: Checking state for improvableskills:attack_speed: true
[02:38:51] [Server thread/INFO] [improvableskills]:   -Registering
[02:38:51] [Server thread/INFO] [improvableskills]: Checking state for improvableskills:mining: true
[02:38:51] [Server thread/INFO] [improvableskills]:   -Registering
[02:38:51] [Server thread/INFO] [improvableskills]: Checking state for improvableskills:digging: true
[02:38:51] [Server thread/INFO] [improvableskills]:   -Registering
[02:38:51] [Server thread/INFO] [improvableskills]: Checking state for improvableskills:cutting: true
[02:38:51] [Server thread/INFO] [improvableskills]:   -Registering
[02:38:51] [Server thread/INFO] [improvableskills]: Checking state for improvableskills:obsidian_skin: true
[02:38:51] [Server thread/INFO] [improvableskills]:   -Registering
[02:38:51] [Server thread/INFO] [improvableskills]: Checking state for improvableskills:luck_of_the_sea: true
[02:38:51] [Server thread/INFO] [improvableskills]:   -Registering
[02:38:51] [Server thread/INFO] [improvableskills]: Checking state for improvableskills:health: true
[02:38:51] [Server thread/INFO] [improvableskills]:   -Registering
[02:38:51] [Server thread/INFO] [improvableskills]: Checking state for improvableskills:growth: true
[02:38:51] [Server thread/INFO] [improvableskills]:   -Registering
[02:38:51] [Server thread/INFO] [improvableskills]: Checking state for improvableskills:alchemist: true
[02:38:51] [Server thread/INFO] [improvableskills]:   -Registering
[02:38:51] [Server thread/INFO] [improvableskills]: Checking state for improvableskills:generic_protection: true
[02:38:51] [Server thread/INFO] [improvableskills]:   -Registering
[02:38:51] [Server thread/INFO] [improvableskills]: Checking state for improvableskills:treasure_sands: true
[02:38:51] [Server thread/INFO] [improvableskills]:   -Registering
[02:38:51] [Server thread/INFO] [improvableskills]: Checking state for improvableskills:atkdmg_melee: true
[02:38:51] [Server thread/INFO] [improvableskills]:   -Registering
[02:38:51] [Server thread/INFO] [improvableskills]: Checking state for improvableskills:atkdmg_ranged: true
[02:38:51] [Server thread/INFO] [improvableskills]:   -Registering
[02:38:51] [Server thread/INFO] [improvableskills]: Checking state for improvableskills:pvp: true
[02:38:51] [Server thread/INFO] [improvableskills]:   -Registering
[02:38:51] [Server thread/INFO] [improvableskills]: Checking state for improvableskills:enchanter: true
[02:38:51] [Server thread/INFO] [improvableskills]:   -Registering
[02:38:51] [Server thread/INFO] [improvableskills]: Checking state for improvableskills:ender_manipulator: true
[02:38:51] [Server thread/INFO] [improvableskills]:   -Registering
[02:38:51] [Server thread/INFO] [improvableskills]: Checking state for improvableskills:xp+: true
[02:38:51] [Server thread/INFO] [improvableskills]:   -Registering
[02:38:51] [Server thread/INFO] [Spartan Weaponry]: Registering Enchantments!
[02:38:51] [Server thread/INFO] [Spartan Weaponry]: Registering entities!
[02:38:52] [Server thread/WARN] [FML]: Potentially Dangerous alternative prefix `srparasites` for name `mite`, expected `srpextra`. This could be a intended override, but in most cases indicates a broken mod.
[02:38:52] [Server thread/WARN] [FML]: Potentially Dangerous alternative prefix `srparasites` for name `sim_witch`, expected `srpextra`. This could be a intended override, but in most cases indicates a broken mod.
[02:38:52] [Server thread/WARN] [FML]: Potentially Dangerous alternative prefix `srparasites` for name `sim_witchhead`, expected `srpextra`. This could be a intended override, but in most cases indicates a broken mod.
[02:38:52] [Server thread/WARN] [FML]: Potentially Dangerous alternative prefix `srparasites` for name `sim_vindicator`, expected `srpextra`. This could be a intended override, but in most cases indicates a broken mod.
[02:38:52] [Server thread/WARN] [FML]: Potentially Dangerous alternative prefix `srparasites` for name `sim_vindicatorhead`, expected `srpextra`. This could be a intended override, but in most cases indicates a broken mod.
[02:38:52] [Server thread/WARN] [FML]: Potentially Dangerous alternative prefix `srparasites` for name `sim_evoker`, expected `srpextra`. This could be a intended override, but in most cases indicates a broken mod.
[02:38:52] [Server thread/WARN] [FML]: Potentially Dangerous alternative prefix `srparasites` for name `sim_ocelot`, expected `srpextra`. This could be a intended override, but in most cases indicates a broken mod.
[02:38:52] [Server thread/WARN] [FML]: Potentially Dangerous alternative prefix `srparasites` for name `sim_ocelothead`, expected `srpextra`. This could be a intended override, but in most cases indicates a broken mod.
[02:38:52] [Server thread/WARN] [FML]: Potentially Dangerous alternative prefix `srparasites` for name `sim_humanhusk`, expected `srpextra`. This could be a intended override, but in most cases indicates a broken mod.
[02:38:52] [Server thread/WARN] [FML]: Potentially Dangerous alternative prefix `srparasites` for name `sim_humanhuskhead`, expected `srpextra`. This could be a intended override, but in most cases indicates a broken mod.
[02:38:52] [Server thread/WARN] [FML]: Potentially Dangerous alternative prefix `srparasites` for name `hi_creeper`, expected `srpextra`. This could be a intended override, but in most cases indicates a broken mod.
[02:38:52] [Server thread/WARN] [FML]: Potentially Dangerous alternative prefix `srparasites` for name `hi_creeperhead`, expected `srpextra`. This could be a intended override, but in most cases indicates a broken mod.
[02:38:52] [Server thread/WARN] [FML]: Potentially Dangerous alternative prefix `srparasites` for name `hi_skeleton_srpe`, expected `srpextra`. This could be a intended override, but in most cases indicates a broken mod.
[02:38:52] [Server thread/WARN] [FML]: Potentially Dangerous alternative prefix `srparasites` for name `hi_skeletonstray`, expected `srpextra`. This could be a intended override, but in most cases indicates a broken mod.
[02:38:52] [Server thread/WARN] [FML]: Potentially Dangerous alternative prefix `srparasites` for name `hi_skeletonhead`, expected `srpextra`. This could be a intended override, but in most cases indicates a broken mod.
[02:38:52] [Server thread/WARN] [FML]: Potentially Dangerous alternative prefix `srparasites` for name `fer_ocelot`, expected `srpextra`. This could be a intended override, but in most cases indicates a broken mod.
[02:38:52] [Server thread/WARN] [FML]: Potentially Dangerous alternative prefix `srparasites` for name `fer_adventurer`, expected `srpextra`. This could be a intended override, but in most cases indicates a broken mod.
[02:38:52] [Server thread/WARN] [FML]: Potentially Dangerous alternative prefix `srparasites` for name `wendigo`, expected `srpextra`. This could be a intended override, but in most cases indicates a broken mod.
[02:38:52] [Server thread/WARN] [FML]: Potentially Dangerous alternative prefix `srparasites` for name `swimming_flesh`, expected `srpextra`. This could be a intended override, but in most cases indicates a broken mod.
[02:38:52] [Server thread/WARN] [FML]: Potentially Dangerous alternative prefix `srparasites` for name `pri_stalker`, expected `srpextra`. This could be a intended override, but in most cases indicates a broken mod.
[02:38:52] [Server thread/WARN] [FML]: Potentially Dangerous alternative prefix `srparasites` for name `ada_vermin_srpe`, expected `srpextra`. This could be a intended override, but in most cases indicates a broken mod.
[02:38:52] [Server thread/WARN] [FML]: Potentially Dangerous alternative prefix `srparasites` for name `ada_tozoon_srpe`, expected `srpextra`. This could be a intended override, but in most cases indicates a broken mod.
[02:38:52] [Server thread/WARN] [FML]: Potentially Dangerous alternative prefix `srparasites` for name `ada_stalker`, expected `srpextra`. This could be a intended override, but in most cases indicates a broken mod.
[02:38:52] [Server thread/WARN] [FML]: Potentially Dangerous alternative prefix `srparasites` for name `tendril_stalker`, expected `srpextra`. This could be a intended override, but in most cases indicates a broken mod.
[02:38:52] [Server thread/WARN] [FML]: Potentially Dangerous alternative prefix `srparasites` for name `tendril_tozoon`, expected `srpextra`. This could be a intended override, but in most cases indicates a broken mod.
[02:38:52] [Server thread/WARN] [FML]: Potentially Dangerous alternative prefix `srparasites` for name `remain_aqua`, expected `srpextra`. This could be a intended override, but in most cases indicates a broken mod.
[02:38:52] [Server thread/WARN] [FML]: Potentially Dangerous alternative prefix `srparasites` for name `gore_aqua`, expected `srpextra`. This could be a intended override, but in most cases indicates a broken mod.
[02:38:52] [Server thread/WARN] [FML]: Potentially Dangerous alternative prefix `srparasites` for name `parasite_fangs`, expected `srpextra`. This could be a intended override, but in most cases indicates a broken mod.
[02:38:52] [Server thread/WARN] [FML]: Potentially Dangerous alternative prefix `srparasites` for name `swimmer`, expected `srpdeepseadanger`. This could be a intended override, but in most cases indicates a broken mod.
[02:38:52] [Server thread/WARN] [FML]: Potentially Dangerous alternative prefix `srparasites` for name `leecher`, expected `srpdeepseadanger`. This could be a intended override, but in most cases indicates a broken mod.
[02:38:52] [Server thread/WARN] [FML]: Potentially Dangerous alternative prefix `srparasites` for name `plankton`, expected `srpdeepseadanger`. This could be a intended override, but in most cases indicates a broken mod.
[02:38:52] [Server thread/WARN] [FML]: Potentially Dangerous alternative prefix `srparasites` for name `carrier_sea`, expected `srpdeepseadanger`. This could be a intended override, but in most cases indicates a broken mod.
[02:38:52] [Server thread/WARN] [FML]: Potentially Dangerous alternative prefix `srparasites` for name `bomber_mini`, expected `srpdeepseadanger`. This could be a intended override, but in most cases indicates a broken mod.
[02:38:52] [Server thread/WARN] [FML]: Potentially Dangerous alternative prefix `srparasites` for name `sim_drowned`, expected `srpdeepseadanger`. This could be a intended override, but in most cases indicates a broken mod.
[02:38:52] [Server thread/WARN] [FML]: Potentially Dangerous alternative prefix `srparasites` for name `sim_dolphin`, expected `srpdeepseadanger`. This could be a intended override, but in most cases indicates a broken mod.
[02:38:52] [Server thread/WARN] [FML]: Potentially Dangerous alternative prefix `srparasites` for name `fer_dolphin`, expected `srpdeepseadanger`. This could be a intended override, but in most cases indicates a broken mod.
[02:38:52] [Server thread/WARN] [FML]: Potentially Dangerous alternative prefix `srparasites` for name `sim_dolphin_head`, expected `srpdeepseadanger`. This could be a intended override, but in most cases indicates a broken mod.
[02:38:52] [Server thread/WARN] [FML]: Potentially Dangerous alternative prefix `srparasites` for name `sim_fish`, expected `srpdeepseadanger`. This could be a intended override, but in most cases indicates a broken mod.
[02:38:52] [Server thread/WARN] [FML]: Potentially Dangerous alternative prefix `srparasites` for name `fer_fish`, expected `srpdeepseadanger`. This could be a intended override, but in most cases indicates a broken mod.
[02:38:52] [Server thread/WARN] [FML]: Potentially Dangerous alternative prefix `srparasites` for name `hi_guardian`, expected `srpdeepseadanger`. This could be a intended override, but in most cases indicates a broken mod.
[02:38:52] [Server thread/WARN] [FML]: Potentially Dangerous alternative prefix `srparasites` for name `hi_elder_guardian`, expected `srpdeepseadanger`. This could be a intended override, but in most cases indicates a broken mod.
[02:38:52] [Server thread/WARN] [FML]: Potentially Dangerous alternative prefix `srparasites` for name `pri_hammerhead`, expected `srpdeepseadanger`. This could be a intended override, but in most cases indicates a broken mod.
[02:38:52] [Server thread/WARN] [FML]: Potentially Dangerous alternative prefix `srparasites` for name `ada_hammerhead`, expected `srpdeepseadanger`. This could be a intended override, but in most cases indicates a broken mod.
[02:38:52] [Server thread/WARN] [FML]: Potentially Dangerous alternative prefix `srparasites` for name `ada_devourer_srpe`, expected `srpdeepseadanger`. This could be a intended override, but in most cases indicates a broken mod.
[02:38:52] [Server thread/WARN] [FML]: Potentially Dangerous alternative prefix `srparasites` for name `tendril_hammerhead`, expected `srpdeepseadanger`. This could be a intended override, but in most cases indicates a broken mod.
[02:38:52] [Server thread/WARN] [FML]: Potentially Dangerous alternative prefix `srparasites` for name `sprouter_si`, expected `srpdeepseadanger`. This could be a intended override, but in most cases indicates a broken mod.
[02:38:52] [Server thread/WARN] [FML]: Potentially Dangerous alternative prefix `srparasites` for name `supporter`, expected `srpdeepseadanger`. This could be a intended override, but in most cases indicates a broken mod.
[02:38:52] [Server thread/WARN] [FML]: Potentially Dangerous alternative prefix `srparasites` for name `hi_skeletonpirate`, expected `srpquark`. This could be a intended override, but in most cases indicates a broken mod.
[02:38:52] [Server thread/WARN] [FML]: Potentially Dangerous alternative prefix `srparasites` for name `hi_skeletonashen`, expected `srpquark`. This could be a intended override, but in most cases indicates a broken mod.
[02:38:52] [Server thread/WARN] [FML]: Potentially Dangerous alternative prefix `srparasites` for name `sim_dweller`, expected `srpquark`. This could be a intended override, but in most cases indicates a broken mod.
[02:38:52] [Server thread/WARN] [FML]: Potentially Dangerous alternative prefix `srparasites` for name `sim_archaeologist`, expected `srpquark`. This could be a intended override, but in most cases indicates a broken mod.
[02:38:52] [Server thread/WARN] [FML]: Potentially Dangerous alternative prefix `srparasites` for name `sim_stoneling`, expected `srpquark`. This could be a intended override, but in most cases indicates a broken mod.
[02:38:52] [Server thread/WARN] [FML]: Potentially Dangerous alternative prefix `srparasites` for name `sim_crab`, expected `srpquark`. This could be a intended override, but in most cases indicates a broken mod.
[02:38:52] [Server thread/WARN] [FML]: Potentially Dangerous alternative prefix `srparasites` for name `sim_frog`, expected `srpquark`. This could be a intended override, but in most cases indicates a broken mod.
[02:38:52] [Server thread/WARN] [FML]: Potentially Dangerous alternative prefix `minecraft` for name `saturation`, expected `potioncore`. This could be a intended override, but in most cases indicates a broken mod.
[02:38:52] [Server thread/INFO] [XAT]: Registering Potions
[02:38:52] [Server thread/INFO] [XAT]: Generating Potions
[02:38:52] [Server thread/INFO] [XAT]: Finished Generating Potions
[02:38:52] [Server thread/INFO] [improvableskills]: RegistryEvent.Register<SoundEvent>
[02:38:52] [Server thread/INFO] [FML]: Applying holder lookups
[02:38:52] [Server thread/INFO] [FML]: Holder lookups applied
[02:38:52] [Server thread/INFO] [FML]: Applying holder lookups
[02:38:52] [Server thread/INFO] [FML]: Holder lookups applied
[02:38:52] [Server thread/INFO] [FML]: Injecting itemstacks
[02:38:52] [Server thread/INFO] [FML]: Itemstack injection complete
[02:38:52] [Server thread/INFO] [net.minecraft.server.dedicated.DedicatedServer]: Loading properties
[02:38:52] [Server thread/INFO] [net.minecraft.server.dedicated.DedicatedServer]: Default game type: SURVIVAL
[02:38:52] [Server thread/INFO] [net.minecraft.server.dedicated.DedicatedServer]: Generating keypair
[02:38:52] [Server thread/INFO] [net.minecraft.server.dedicated.DedicatedServer]: Starting Minecraft server on *:25565
[02:38:52] [Server thread/INFO] [net.minecraft.network.NetworkSystem]: Using epoll channel type
[02:38:52] [Server thread/WARN] [net.minecraft.server.dedicated.DedicatedServer]: **** SERVER IS RUNNING IN OFFLINE/INSECURE MODE!
[02:38:52] [Server thread/WARN] [net.minecraft.server.dedicated.DedicatedServer]: The server will make no attempt to authenticate usernames. Beware.
[02:38:52] [Server thread/WARN] [net.minecraft.server.dedicated.DedicatedServer]: While this makes the game possible to play without internet access, it also opens up the ability for hackers to connect with any username they choose.
[02:38:52] [Server thread/WARN] [net.minecraft.server.dedicated.DedicatedServer]: To change this, set "online-mode" to "true" in the server.properties file.
[02:38:52] [Server thread/INFO] [ASMUtil]: Transforming class net/minecraft/server/management/PlayerInteractionManager
[02:38:52] [Server thread/INFO] [ASMUtil]: Transforming method net/minecraft/server/management/PlayerInteractionManager.func_73076_a(Lnet/minecraft/world/GameType;)V
[02:38:52] [Server thread/ERROR] [FML]: Parsing error loading recipe nocubessrparmory:recipe_vanilla_arrows
com.google.gson.JsonSyntaxException: Unknown item 'srparasites:strange_bone'
	at net.minecraftforge.common.crafting.CraftingHelper.getItemStackBasic(CraftingHelper.java:262) ~[CraftingHelper.class:?]
	at net.minecraftforge.common.crafting.CraftingHelper.lambda$init$16(CraftingHelper.java:544) ~[CraftingHelper.class:?]
	at net.minecraftforge.common.crafting.CraftingHelper.getIngredient(CraftingHelper.java:204) ~[CraftingHelper.class:?]
	at net.minecraftforge.common.crafting.CraftingHelper.lambda$getIngredient$0(CraftingHelper.java:152) ~[CraftingHelper.class:?]
	at java.lang.Iterable.forEach(Iterable.java:75) ~[?:1.8.0_482]
	at net.minecraftforge.common.crafting.CraftingHelper.getIngredient(CraftingHelper.java:150) ~[CraftingHelper.class:?]
	at net.minecraftforge.common.crafting.CraftingHelper.lambda$init$14(CraftingHelper.java:481) ~[CraftingHelper.class:?]
	at net.minecraftforge.common.crafting.CraftingHelper.getRecipe(CraftingHelper.java:416) ~[CraftingHelper.class:?]
	at net.minecraftforge.common.crafting.CraftingHelper.lambda$loadRecipes$22(CraftingHelper.java:723) ~[CraftingHelper.class:?]
	at net.minecraftforge.common.crafting.CraftingHelper.findFiles(CraftingHelper.java:833) ~[CraftingHelper.class:?]
	at net.minecraftforge.common.crafting.CraftingHelper.loadRecipes(CraftingHelper.java:688) ~[CraftingHelper.class:?]
	at java.util.ArrayList.forEach(ArrayList.java:1259) [?:1.8.0_482]
	at net.minecraftforge.common.crafting.CraftingHelper.loadRecipes(CraftingHelper.java:633) [CraftingHelper.class:?]
	at net.minecraftforge.fml.common.Loader.initializeMods(Loader.java:747) [Loader.class:?]
	at net.minecraftforge.fml.server.FMLServerHandler.finishServerLoading(FMLServerHandler.java:108) [FMLServerHandler.class:?]
	at net.minecraftforge.fml.common.FMLCommonHandler.onServerStarted(FMLCommonHandler.java:338) [FMLCommonHandler.class:?]
	at net.minecraft.server.dedicated.DedicatedServer.func_71197_b(DedicatedServer.java:219) [nz.class:?]
	at net.minecraft.server.MinecraftServer.run(MinecraftServer.java:486) [MinecraftServer.class:?]
	at java.lang.Thread.run(Thread.java:750) [?:1.8.0_482]
[02:38:52] [Server thread/ERROR] [FML]: Parsing error loading recipe nocubessrparmory:recipe_capsule_fule_eight
com.google.gson.JsonSyntaxException: Unknown item 'nocubessrparmory:capsuleempty'
	at net.minecraftforge.common.crafting.CraftingHelper.getItemStackBasic(CraftingHelper.java:262) ~[CraftingHelper.class:?]
	at net.minecraftforge.common.crafting.CraftingHelper.lambda$init$16(CraftingHelper.java:544) ~[CraftingHelper.class:?]
	at net.minecraftforge.common.crafting.CraftingHelper.getIngredient(CraftingHelper.java:204) ~[CraftingHelper.class:?]
	at net.minecraftforge.common.crafting.CraftingHelper.lambda$init$14(CraftingHelper.java:481) ~[CraftingHelper.class:?]
	at net.minecraftforge.common.crafting.CraftingHelper.getRecipe(CraftingHelper.java:416) ~[CraftingHelper.class:?]
	at net.minecraftforge.common.crafting.CraftingHelper.lambda$loadRecipes$22(CraftingHelper.java:723) ~[CraftingHelper.class:?]
	at net.minecraftforge.common.crafting.CraftingHelper.findFiles(CraftingHelper.java:833) ~[CraftingHelper.class:?]
	at net.minecraftforge.common.crafting.CraftingHelper.loadRecipes(CraftingHelper.java:688) ~[CraftingHelper.class:?]
	at java.util.ArrayList.forEach(ArrayList.java:1259) [?:1.8.0_482]
	at net.minecraftforge.common.crafting.CraftingHelper.loadRecipes(CraftingHelper.java:633) [CraftingHelper.class:?]
	at net.minecraftforge.fml.common.Loader.initializeMods(Loader.java:747) [Loader.class:?]
	at net.minecraftforge.fml.server.FMLServerHandler.finishServerLoading(FMLServerHandler.java:108) [FMLServerHandler.class:?]
	at net.minecraftforge.fml.common.FMLCommonHandler.onServerStarted(FMLCommonHandler.java:338) [FMLCommonHandler.class:?]
	at net.minecraft.server.dedicated.DedicatedServer.func_71197_b(DedicatedServer.java:219) [nz.class:?]
	at net.minecraft.server.MinecraftServer.run(MinecraftServer.java:486) [MinecraftServer.class:?]
	at java.lang.Thread.run(Thread.java:750) [?:1.8.0_482]
[02:38:52] [Server thread/ERROR] [FML]: Parsing error loading recipe nocubessrparmory:recipe_capsule_fuel_two
com.google.gson.JsonSyntaxException: Unknown item 'nocubessrparmory:capsuleempty'
	at net.minecraftforge.common.crafting.CraftingHelper.getItemStackBasic(CraftingHelper.java:262) ~[CraftingHelper.class:?]
	at net.minecraftforge.common.crafting.CraftingHelper.lambda$init$16(CraftingHelper.java:544) ~[CraftingHelper.class:?]
	at net.minecraftforge.common.crafting.CraftingHelper.getIngredient(CraftingHelper.java:204) ~[CraftingHelper.class:?]
	at net.minecraftforge.common.crafting.CraftingHelper.lambda$init$14(CraftingHelper.java:481) ~[CraftingHelper.class:?]
	at net.minecraftforge.common.crafting.CraftingHelper.getRecipe(CraftingHelper.java:416) ~[CraftingHelper.class:?]
	at net.minecraftforge.common.crafting.CraftingHelper.lambda$loadRecipes$22(CraftingHelper.java:723) ~[CraftingHelper.class:?]
	at net.minecraftforge.common.crafting.CraftingHelper.findFiles(CraftingHelper.java:833) ~[CraftingHelper.class:?]
	at net.minecraftforge.common.crafting.CraftingHelper.loadRecipes(CraftingHelper.java:688) ~[CraftingHelper.class:?]
	at java.util.ArrayList.forEach(ArrayList.java:1259) [?:1.8.0_482]
	at net.minecraftforge.common.crafting.CraftingHelper.loadRecipes(CraftingHelper.java:633) [CraftingHelper.class:?]
	at net.minecraftforge.fml.common.Loader.initializeMods(Loader.java:747) [Loader.class:?]
	at net.minecraftforge.fml.server.FMLServerHandler.finishServerLoading(FMLServerHandler.java:108) [FMLServerHandler.class:?]
	at net.minecraftforge.fml.common.FMLCommonHandler.onServerStarted(FMLCommonHandler.java:338) [FMLCommonHandler.class:?]
	at net.minecraft.server.dedicated.DedicatedServer.func_71197_b(DedicatedServer.java:219) [nz.class:?]
	at net.minecraft.server.MinecraftServer.run(MinecraftServer.java:486) [MinecraftServer.class:?]
	at java.lang.Thread.run(Thread.java:750) [?:1.8.0_482]
[02:38:52] [Server thread/ERROR] [FML]: Parsing error loading recipe nocubessrparmory:recipe_capsule_fuel_sixteen
com.google.gson.JsonSyntaxException: Unknown item 'nocubessrparmory:capsuleempty'
	at net.minecraftforge.common.crafting.CraftingHelper.getItemStackBasic(CraftingHelper.java:262) ~[CraftingHelper.class:?]
	at net.minecraftforge.common.crafting.CraftingHelper.lambda$init$16(CraftingHelper.java:544) ~[CraftingHelper.class:?]
	at net.minecraftforge.common.crafting.CraftingHelper.getIngredient(CraftingHelper.java:204) ~[CraftingHelper.class:?]
	at net.minecraftforge.common.crafting.CraftingHelper.lambda$init$14(CraftingHelper.java:481) ~[CraftingHelper.class:?]
	at net.minecraftforge.common.crafting.CraftingHelper.getRecipe(CraftingHelper.java:416) ~[CraftingHelper.class:?]
	at net.minecraftforge.common.crafting.CraftingHelper.lambda$loadRecipes$22(CraftingHelper.java:723) ~[CraftingHelper.class:?]
	at net.minecraftforge.common.crafting.CraftingHelper.findFiles(CraftingHelper.java:833) ~[CraftingHelper.class:?]
	at net.minecraftforge.common.crafting.CraftingHelper.loadRecipes(CraftingHelper.java:688) ~[CraftingHelper.class:?]
	at java.util.ArrayList.forEach(ArrayList.java:1259) [?:1.8.0_482]
	at net.minecraftforge.common.crafting.CraftingHelper.loadRecipes(CraftingHelper.java:633) [CraftingHelper.class:?]
	at net.minecraftforge.fml.common.Loader.initializeMods(Loader.java:747) [Loader.class:?]
	at net.minecraftforge.fml.server.FMLServerHandler.finishServerLoading(FMLServerHandler.java:108) [FMLServerHandler.class:?]
	at net.minecraftforge.fml.common.FMLCommonHandler.onServerStarted(FMLCommonHandler.java:338) [FMLCommonHandler.class:?]
	at net.minecraft.server.dedicated.DedicatedServer.func_71197_b(DedicatedServer.java:219) [nz.class:?]
	at net.minecraft.server.MinecraftServer.run(MinecraftServer.java:486) [MinecraftServer.class:?]
	at java.lang.Thread.run(Thread.java:750) [?:1.8.0_482]
[02:38:52] [Server thread/ERROR] [FML]: Parsing error loading recipe nocubessrparmory:recipe_capsule_fuel_four
com.google.gson.JsonSyntaxException: Unknown item 'nocubessrparmory:capsuleempty'
	at net.minecraftforge.common.crafting.CraftingHelper.getItemStackBasic(CraftingHelper.java:262) ~[CraftingHelper.class:?]
	at net.minecraftforge.common.crafting.CraftingHelper.lambda$init$16(CraftingHelper.java:544) ~[CraftingHelper.class:?]
	at net.minecraftforge.common.crafting.CraftingHelper.getIngredient(CraftingHelper.java:204) ~[CraftingHelper.class:?]
	at net.minecraftforge.common.crafting.CraftingHelper.lambda$init$14(CraftingHelper.java:481) ~[CraftingHelper.class:?]
	at net.minecraftforge.common.crafting.CraftingHelper.getRecipe(CraftingHelper.java:416) ~[CraftingHelper.class:?]
	at net.minecraftforge.common.crafting.CraftingHelper.lambda$loadRecipes$22(CraftingHelper.java:723) ~[CraftingHelper.class:?]
	at net.minecraftforge.common.crafting.CraftingHelper.findFiles(CraftingHelper.java:833) ~[CraftingHelper.class:?]
	at net.minecraftforge.common.crafting.CraftingHelper.loadRecipes(CraftingHelper.java:688) ~[CraftingHelper.class:?]
	at java.util.ArrayList.forEach(ArrayList.java:1259) [?:1.8.0_482]
	at net.minecraftforge.common.crafting.CraftingHelper.loadRecipes(CraftingHelper.java:633) [CraftingHelper.class:?]
	at net.minecraftforge.fml.common.Loader.initializeMods(Loader.java:747) [Loader.class:?]
	at net.minecraftforge.fml.server.FMLServerHandler.finishServerLoading(FMLServerHandler.java:108) [FMLServerHandler.class:?]
	at net.minecraftforge.fml.common.FMLCommonHandler.onServerStarted(FMLCommonHandler.java:338) [FMLCommonHandler.class:?]
	at net.minecraft.server.dedicated.DedicatedServer.func_71197_b(DedicatedServer.java:219) [nz.class:?]
	at net.minecraft.server.MinecraftServer.run(MinecraftServer.java:486) [MinecraftServer.class:?]
	at java.lang.Thread.run(Thread.java:750) [?:1.8.0_482]
[02:38:52] [Server thread/ERROR] [FML]: Parsing error loading recipe nocubessrparmory:recipe_capsule_empty
com.google.gson.JsonSyntaxException: Unknown item 'nocubessrparmory:capsuleempty'
	at net.minecraftforge.common.crafting.CraftingHelper.getItemStack(CraftingHelper.java:214) ~[CraftingHelper.class:?]
	at net.minecraftforge.common.crafting.CraftingHelper.lambda$init$14(CraftingHelper.java:523) ~[CraftingHelper.class:?]
	at net.minecraftforge.common.crafting.CraftingHelper.getRecipe(CraftingHelper.java:416) ~[CraftingHelper.class:?]
	at net.minecraftforge.common.crafting.CraftingHelper.lambda$loadRecipes$22(CraftingHelper.java:723) ~[CraftingHelper.class:?]
	at net.minecraftforge.common.crafting.CraftingHelper.findFiles(CraftingHelper.java:833) ~[CraftingHelper.class:?]
	at net.minecraftforge.common.crafting.CraftingHelper.loadRecipes(CraftingHelper.java:688) ~[CraftingHelper.class:?]
	at java.util.ArrayList.forEach(ArrayList.java:1259) [?:1.8.0_482]
	at net.minecraftforge.common.crafting.CraftingHelper.loadRecipes(CraftingHelper.java:633) [CraftingHelper.class:?]
	at net.minecraftforge.fml.common.Loader.initializeMods(Loader.java:747) [Loader.class:?]
	at net.minecraftforge.fml.server.FMLServerHandler.finishServerLoading(FMLServerHandler.java:108) [FMLServerHandler.class:?]
	at net.minecraftforge.fml.common.FMLCommonHandler.onServerStarted(FMLCommonHandler.java:338) [FMLCommonHandler.class:?]
	at net.minecraft.server.dedicated.DedicatedServer.func_71197_b(DedicatedServer.java:219) [nz.class:?]
	at net.minecraft.server.MinecraftServer.run(MinecraftServer.java:486) [MinecraftServer.class:?]
	at java.lang.Thread.run(Thread.java:750) [?:1.8.0_482]
[02:38:52] [Server thread/ERROR] [FML]: Parsing error loading recipe nocubessrpsurvival:recipe_parasitic_bone_block
com.google.gson.JsonSyntaxException: Key defines symbols that aren't used in pattern: [2, 5, 6, 7, 8]
	at net.minecraftforge.common.crafting.CraftingHelper.lambda$init$14(CraftingHelper.java:521) ~[CraftingHelper.class:?]
	at net.minecraftforge.common.crafting.CraftingHelper.getRecipe(CraftingHelper.java:416) ~[CraftingHelper.class:?]
	at net.minecraftforge.common.crafting.CraftingHelper.lambda$loadRecipes$22(CraftingHelper.java:723) ~[CraftingHelper.class:?]
	at net.minecraftforge.common.crafting.CraftingHelper.findFiles(CraftingHelper.java:833) ~[CraftingHelper.class:?]
	at net.minecraftforge.common.crafting.CraftingHelper.loadRecipes(CraftingHelper.java:688) ~[CraftingHelper.class:?]
	at java.util.ArrayList.forEach(ArrayList.java:1259) [?:1.8.0_482]
	at net.minecraftforge.common.crafting.CraftingHelper.loadRecipes(CraftingHelper.java:633) [CraftingHelper.class:?]
	at net.minecraftforge.fml.common.Loader.initializeMods(Loader.java:747) [Loader.class:?]
	at net.minecraftforge.fml.server.FMLServerHandler.finishServerLoading(FMLServerHandler.java:108) [FMLServerHandler.class:?]
	at net.minecraftforge.fml.common.FMLCommonHandler.onServerStarted(FMLCommonHandler.java:338) [FMLCommonHandler.class:?]
	at net.minecraft.server.dedicated.DedicatedServer.func_71197_b(DedicatedServer.java:219) [nz.class:?]
	at net.minecraft.server.MinecraftServer.run(MinecraftServer.java:486) [MinecraftServer.class:?]
	at java.lang.Thread.run(Thread.java:750) [?:1.8.0_482]
[02:38:52] [Server thread/ERROR] [FML]: Parsing error loading recipe nocubessrpsurvival:recipe_concentrated_bone_slab
com.google.gson.JsonSyntaxException: Unknown item 'srparasites:parasiterubble_slabhalf'
	at net.minecraftforge.common.crafting.CraftingHelper.getItemStack(CraftingHelper.java:214) ~[CraftingHelper.class:?]
	at net.minecraftforge.common.crafting.CraftingHelper.lambda$init$14(CraftingHelper.java:523) ~[CraftingHelper.class:?]
	at net.minecraftforge.common.crafting.CraftingHelper.getRecipe(CraftingHelper.java:416) ~[CraftingHelper.class:?]
	at net.minecraftforge.common.crafting.CraftingHelper.lambda$loadRecipes$22(CraftingHelper.java:723) ~[CraftingHelper.class:?]
	at net.minecraftforge.common.crafting.CraftingHelper.findFiles(CraftingHelper.java:833) ~[CraftingHelper.class:?]
	at net.minecraftforge.common.crafting.CraftingHelper.loadRecipes(CraftingHelper.java:688) ~[CraftingHelper.class:?]
	at java.util.ArrayList.forEach(ArrayList.java:1259) [?:1.8.0_482]
	at net.minecraftforge.common.crafting.CraftingHelper.loadRecipes(CraftingHelper.java:633) [CraftingHelper.class:?]
	at net.minecraftforge.fml.common.Loader.initializeMods(Loader.java:747) [Loader.class:?]
	at net.minecraftforge.fml.server.FMLServerHandler.finishServerLoading(FMLServerHandler.java:108) [FMLServerHandler.class:?]
	at net.minecraftforge.fml.common.FMLCommonHandler.onServerStarted(FMLCommonHandler.java:338) [FMLCommonHandler.class:?]
	at net.minecraft.server.dedicated.DedicatedServer.func_71197_b(DedicatedServer.java:219) [nz.class:?]
	at net.minecraft.server.MinecraftServer.run(MinecraftServer.java:486) [MinecraftServer.class:?]
	at java.lang.Thread.run(Thread.java:750) [?:1.8.0_482]
[02:38:53] [Server thread/WARN] [FML]: Potentially Dangerous alternative prefix `minecraft` for name `slime`, expected `tconstruct`. This could be a intended override, but in most cases indicates a broken mod.
[02:38:53] [Server thread/WARN] [FML]: Potentially Dangerous alternative prefix `minecraft` for name `nether_brick_fence`, expected `futuremc`. This could be a intended override, but in most cases indicates a broken mod.
[02:38:53] [Server thread/INFO] [improvableskills]: RegistryEvent.Register<IRecipe>
[02:38:53] [Server thread/INFO] [Spartan Weaponry]: Registering recipes for Tipped Bolts!
[02:38:53] [Server thread/INFO] [Spartan Weaponry]: Recipes added!
[02:38:53] [Server thread/INFO] [Spartan Shields]: Recipes added!
[02:38:53] [Server thread/INFO] [STDOUT]: [stanhebben.zenscript.parser.expression.ParsedExpressionFunction:compile:34]: Known predicted function type: ZenTypeNative: crafttweaker.events.IEventHandler
[02:38:53] [Server thread/INFO] [STDOUT]: [stanhebben.zenscript.parser.expression.ParsedExpressionFunction:compile:34]: Known predicted function type: ZenTypeNative: crafttweaker.events.IEventHandler
[02:38:53] [Server thread/INFO] [STDOUT]: [stanhebben.zenscript.parser.expression.ParsedExpressionFunction:compile:34]: Known predicted function type: ZenTypeNative: crafttweaker.events.IEventHandler
[02:38:53] [Server thread/INFO] [STDOUT]: [stanhebben.zenscript.parser.expression.ParsedExpressionFunction:compile:34]: Known predicted function type: ZenTypeNative: crafttweaker.events.IEventHandler
[02:38:53] [Server thread/INFO] [STDOUT]: [stanhebben.zenscript.parser.expression.ParsedExpressionFunction:compile:34]: Known predicted function type: ZenTypeNative: crafttweaker.events.IEventHandler
[02:38:54] [Server thread/INFO] [STDOUT]: [stanhebben.zenscript.parser.expression.ParsedExpressionFunction:compile:34]: Known predicted function type: ZenTypeNative: crafttweaker.events.IEventHandler
[02:38:54] [Server thread/INFO] [STDOUT]: [stanhebben.zenscript.parser.expression.ParsedExpressionFunction:compile:34]: Known predicted function type: ZenTypeNative: crafttweaker.recipes.IRecipeFunction
[02:38:54] [Server thread/INFO] [STDOUT]: [stanhebben.zenscript.parser.expression.ParsedExpressionFunction:compile:34]: Known predicted function type: ZenTypeNative: crafttweaker.recipes.IRecipeFunction
[02:38:54] [Server thread/INFO] [STDOUT]: [stanhebben.zenscript.parser.expression.ParsedExpressionFunction:compile:34]: Known predicted function type: ZenTypeNative: crafttweaker.recipes.IRecipeFunction
[02:38:54] [Server thread/INFO] [STDOUT]: [stanhebben.zenscript.parser.expression.ParsedExpressionFunction:compile:34]: Known predicted function type: ZenTypeNative: crafttweaker.recipes.IRecipeFunction
[02:38:54] [Server thread/INFO] [STDOUT]: [stanhebben.zenscript.parser.expression.ParsedExpressionFunction:compile:34]: Known predicted function type: ZenTypeNative: crafttweaker.recipes.IRecipeFunction
[02:38:54] [Server thread/INFO] [STDOUT]: [stanhebben.zenscript.parser.expression.ParsedExpressionFunction:compile:34]: Known predicted function type: ZenTypeNative: crafttweaker.recipes.IRecipeFunction
[02:38:54] [Server thread/INFO] [STDOUT]: [stanhebben.zenscript.parser.expression.ParsedExpressionFunction:compile:34]: Known predicted function type: ZenTypeNative: crafttweaker.recipes.IRecipeFunction
[02:38:54] [Server thread/INFO] [FML]: Applying holder lookups
[02:38:54] [Server thread/INFO] [FML]: Holder lookups applied
[02:38:54] [Server thread/INFO] [bhc]: Initialization finished.
[02:38:54] [Server thread/INFO] [Ice And Fire]: The watcher waits on the northern wall
[02:38:54] [Server thread/INFO] [Ice And Fire]: A daughter picks up a warrior's sword
[02:38:54] [Server thread/INFO] [bstweaker]: BSTweaker Init
[02:38:54] [Server thread/ERROR] [CarryOn]: Block Parsing Error. Invalid Name: quark:custom_chest
[02:38:54] [Server thread/ERROR] [CarryOn]: tschipp.carryon.common.helper.StringParser.getBlock(StringParser.java:34)
[02:38:54] [Server thread/ERROR] [CarryOn]: tschipp.carryon.common.handler.ModelOverridesHandler.parseOverride(ModelOverridesHandler.java:132)
[02:38:54] [Server thread/ERROR] [CarryOn]: tschipp.carryon.common.handler.ModelOverridesHandler.initOverrides(ModelOverridesHandler.java:40)
[02:38:54] [Server thread/ERROR] [CarryOn]: tschipp.carryon.common.handler.RegistrationHandler.regOverrideList(RegistrationHandler.java:64)
[02:38:54] [Server thread/ERROR] [CarryOn]: tschipp.carryon.common.CommonProxy.init(CommonProxy.java:54)
[02:38:54] [Server thread/ERROR] [CarryOn]: tschipp.carryon.CarryOn.init(CarryOn.java:59)
[02:38:54] [Server thread/ERROR] [CarryOn]: sun.reflect.NativeMethodAccessorImpl.invoke0(Native Method)
[02:38:54] [Server thread/ERROR] [CarryOn]: sun.reflect.NativeMethodAccessorImpl.invoke(NativeMethodAccessorImpl.java:62)
[02:38:54] [Server thread/ERROR] [CarryOn]: sun.reflect.DelegatingMethodAccessorImpl.invoke(DelegatingMethodAccessorImpl.java:43)
[02:38:54] [Server thread/ERROR] [CarryOn]: java.lang.reflect.Method.invoke(Method.java:498)
[02:38:54] [Server thread/ERROR] [CarryOn]: net.minecraftforge.fml.common.FMLModContainer.handleModStateEvent(FMLModContainer.java:637)
[02:38:54] [Server thread/ERROR] [CarryOn]: 31 more...
[02:38:54] [Server thread/INFO] [CarryOn]: 
[02:38:54] [Server thread/ERROR] [CarryOn]: Block Parsing Error. Invalid Name: quark:custom_chest
[02:38:54] [Server thread/ERROR] [CarryOn]: tschipp.carryon.common.helper.StringParser.getBlock(StringParser.java:34)
[02:38:54] [Server thread/ERROR] [CarryOn]: tschipp.carryon.common.handler.ModelOverridesHandler.parseOverride(ModelOverridesHandler.java:132)
[02:38:54] [Server thread/ERROR] [CarryOn]: tschipp.carryon.common.handler.ModelOverridesHandler.initOverrides(ModelOverridesHandler.java:40)
[02:38:54] [Server thread/ERROR] [CarryOn]: tschipp.carryon.common.handler.RegistrationHandler.regOverrideList(RegistrationHandler.java:64)
[02:38:54] [Server thread/ERROR] [CarryOn]: tschipp.carryon.common.CommonProxy.init(CommonProxy.java:54)
[02:38:54] [Server thread/ERROR] [CarryOn]: tschipp.carryon.CarryOn.init(CarryOn.java:59)
[02:38:54] [Server thread/ERROR] [CarryOn]: sun.reflect.NativeMethodAccessorImpl.invoke0(Native Method)
[02:38:54] [Server thread/ERROR] [CarryOn]: sun.reflect.NativeMethodAccessorImpl.invoke(NativeMethodAccessorImpl.java:62)
[02:38:54] [Server thread/ERROR] [CarryOn]: sun.reflect.DelegatingMethodAccessorImpl.invoke(DelegatingMethodAccessorImpl.java:43)
[02:38:54] [Server thread/ERROR] [CarryOn]: java.lang.reflect.Method.invoke(Method.java:498)
[02:38:54] [Server thread/ERROR] [CarryOn]: net.minecraftforge.fml.common.FMLModContainer.handleModStateEvent(FMLModContainer.java:637)
[02:38:54] [Server thread/ERROR] [CarryOn]: 31 more...
[02:38:54] [Server thread/INFO] [CarryOn]: 
[02:38:54] [Server thread/ERROR] [CarryOn]: Block Parsing Error. Invalid Name: quark:custom_chest
[02:38:54] [Server thread/ERROR] [CarryOn]: tschipp.carryon.common.helper.StringParser.getBlock(StringParser.java:34)
[02:38:54] [Server thread/ERROR] [CarryOn]: tschipp.carryon.common.handler.ModelOverridesHandler.parseOverride(ModelOverridesHandler.java:132)
[02:38:54] [Server thread/ERROR] [CarryOn]: tschipp.carryon.common.handler.ModelOverridesHandler.initOverrides(ModelOverridesHandler.java:40)
[02:38:54] [Server thread/ERROR] [CarryOn]: tschipp.carryon.common.handler.RegistrationHandler.regOverrideList(RegistrationHandler.java:64)
[02:38:54] [Server thread/ERROR] [CarryOn]: tschipp.carryon.common.CommonProxy.init(CommonProxy.java:54)
[02:38:54] [Server thread/ERROR] [CarryOn]: tschipp.carryon.CarryOn.init(CarryOn.java:59)
[02:38:54] [Server thread/ERROR] [CarryOn]: sun.reflect.NativeMethodAccessorImpl.invoke0(Native Method)
[02:38:54] [Server thread/ERROR] [CarryOn]: sun.reflect.NativeMethodAccessorImpl.invoke(NativeMethodAccessorImpl.java:62)
[02:38:54] [Server thread/ERROR] [CarryOn]: sun.reflect.DelegatingMethodAccessorImpl.invoke(DelegatingMethodAccessorImpl.java:43)
[02:38:54] [Server thread/ERROR] [CarryOn]: java.lang.reflect.Method.invoke(Method.java:498)
[02:38:54] [Server thread/ERROR] [CarryOn]: net.minecraftforge.fml.common.FMLModContainer.handleModStateEvent(FMLModContainer.java:637)
[02:38:54] [Server thread/ERROR] [CarryOn]: 31 more...
[02:38:54] [Server thread/INFO] [CarryOn]: 
[02:38:54] [Server thread/ERROR] [CarryOn]: Block Parsing Error. Invalid Name: quark:custom_chest
[02:38:54] [Server thread/ERROR] [CarryOn]: tschipp.carryon.common.helper.StringParser.getBlock(StringParser.java:34)
[02:38:54] [Server thread/ERROR] [CarryOn]: tschipp.carryon.common.handler.ModelOverridesHandler.parseOverride(ModelOverridesHandler.java:132)
[02:38:54] [Server thread/ERROR] [CarryOn]: tschipp.carryon.common.handler.ModelOverridesHandler.initOverrides(ModelOverridesHandler.java:40)
[02:38:54] [Server thread/ERROR] [CarryOn]: tschipp.carryon.common.handler.RegistrationHandler.regOverrideList(RegistrationHandler.java:64)
[02:38:54] [Server thread/ERROR] [CarryOn]: tschipp.carryon.common.CommonProxy.init(CommonProxy.java:54)
[02:38:54] [Server thread/ERROR] [CarryOn]: tschipp.carryon.CarryOn.init(CarryOn.java:59)
[02:38:54] [Server thread/ERROR] [CarryOn]: sun.reflect.NativeMethodAccessorImpl.invoke0(Native Method)
[02:38:54] [Server thread/ERROR] [CarryOn]: sun.reflect.NativeMethodAccessorImpl.invoke(NativeMethodAccessorImpl.java:62)
[02:38:54] [Server thread/ERROR] [CarryOn]: sun.reflect.DelegatingMethodAccessorImpl.invoke(DelegatingMethodAccessorImpl.java:43)
[02:38:54] [Server thread/ERROR] [CarryOn]: java.lang.reflect.Method.invoke(Method.java:498)
[02:38:54] [Server thread/ERROR] [CarryOn]: net.minecraftforge.fml.common.FMLModContainer.handleModStateEvent(FMLModContainer.java:637)
[02:38:54] [Server thread/ERROR] [CarryOn]: 31 more...
[02:38:54] [Server thread/INFO] [CarryOn]: 
[02:38:54] [Server thread/ERROR] [CarryOn]: Block Parsing Error. Invalid Name: quark:custom_chest
[02:38:54] [Server thread/ERROR] [CarryOn]: tschipp.carryon.common.helper.StringParser.getBlock(StringParser.java:34)
[02:38:54] [Server thread/ERROR] [CarryOn]: tschipp.carryon.common.handler.ModelOverridesHandler.parseOverride(ModelOverridesHandler.java:132)
[02:38:54] [Server thread/ERROR] [CarryOn]: tschipp.carryon.common.handler.ModelOverridesHandler.initOverrides(ModelOverridesHandler.java:40)
[02:38:54] [Server thread/ERROR] [CarryOn]: tschipp.carryon.common.handler.RegistrationHandler.regOverrideList(RegistrationHandler.java:64)
[02:38:54] [Server thread/ERROR] [CarryOn]: tschipp.carryon.common.CommonProxy.init(CommonProxy.java:54)
[02:38:54] [Server thread/ERROR] [CarryOn]: tschipp.carryon.CarryOn.init(CarryOn.java:59)
[02:38:54] [Server thread/ERROR] [CarryOn]: sun.reflect.NativeMethodAccessorImpl.invoke0(Native Method)
[02:38:54] [Server thread/ERROR] [CarryOn]: sun.reflect.NativeMethodAccessorImpl.invoke(NativeMethodAccessorImpl.java:62)
[02:38:54] [Server thread/ERROR] [CarryOn]: sun.reflect.DelegatingMethodAccessorImpl.invoke(DelegatingMethodAccessorImpl.java:43)
[02:38:54] [Server thread/ERROR] [CarryOn]: java.lang.reflect.Method.invoke(Method.java:498)
[02:38:54] [Server thread/ERROR] [CarryOn]: net.minecraftforge.fml.common.FMLModContainer.handleModStateEvent(FMLModContainer.java:637)
[02:38:54] [Server thread/ERROR] [CarryOn]: 31 more...
[02:38:54] [Server thread/INFO] [CarryOn]: 
[02:38:54] [Server thread/ERROR] [CarryOn]: Block Parsing Error. Invalid Name: quark:custom_chest_trap
[02:38:54] [Server thread/ERROR] [CarryOn]: tschipp.carryon.common.helper.StringParser.getBlock(StringParser.java:34)
[02:38:54] [Server thread/ERROR] [CarryOn]: tschipp.carryon.common.handler.ModelOverridesHandler.parseOverride(ModelOverridesHandler.java:132)
[02:38:54] [Server thread/ERROR] [CarryOn]: tschipp.carryon.common.handler.ModelOverridesHandler.initOverrides(ModelOverridesHandler.java:40)
[02:38:54] [Server thread/ERROR] [CarryOn]: tschipp.carryon.common.handler.RegistrationHandler.regOverrideList(RegistrationHandler.java:64)
[02:38:54] [Server thread/ERROR] [CarryOn]: tschipp.carryon.common.CommonProxy.init(CommonProxy.java:54)
[02:38:54] [Server thread/ERROR] [CarryOn]: tschipp.carryon.CarryOn.init(CarryOn.java:59)
[02:38:54] [Server thread/ERROR] [CarryOn]: sun.reflect.NativeMethodAccessorImpl.invoke0(Native Method)
[02:38:54] [Server thread/ERROR] [CarryOn]: sun.reflect.NativeMethodAccessorImpl.invoke(NativeMethodAccessorImpl.java:62)
[02:38:54] [Server thread/ERROR] [CarryOn]: sun.reflect.DelegatingMethodAccessorImpl.invoke(DelegatingMethodAccessorImpl.java:43)
[02:38:54] [Server thread/ERROR] [CarryOn]: java.lang.reflect.Method.invoke(Method.java:498)
[02:38:54] [Server thread/ERROR] [CarryOn]: net.minecraftforge.fml.common.FMLModContainer.handleModStateEvent(FMLModContainer.java:637)
[02:38:54] [Server thread/ERROR] [CarryOn]: 31 more...
[02:38:54] [Server thread/INFO] [CarryOn]: 
[02:38:54] [Server thread/ERROR] [CarryOn]: Block Parsing Error. Invalid Name: quark:custom_chest_trap
[02:38:54] [Server thread/ERROR] [CarryOn]: tschipp.carryon.common.helper.StringParser.getBlock(StringParser.java:34)
[02:38:54] [Server thread/ERROR] [CarryOn]: tschipp.carryon.common.handler.ModelOverridesHandler.parseOverride(ModelOverridesHandler.java:132)
[02:38:54] [Server thread/ERROR] [CarryOn]: tschipp.carryon.common.handler.ModelOverridesHandler.initOverrides(ModelOverridesHandler.java:40)
[02:38:54] [Server thread/ERROR] [CarryOn]: tschipp.carryon.common.handler.RegistrationHandler.regOverrideList(RegistrationHandler.java:64)
[02:38:54] [Server thread/ERROR] [CarryOn]: tschipp.carryon.common.CommonProxy.init(CommonProxy.java:54)
[02:38:54] [Server thread/ERROR] [CarryOn]: tschipp.carryon.CarryOn.init(CarryOn.java:59)
[02:38:54] [Server thread/ERROR] [CarryOn]: sun.reflect.NativeMethodAccessorImpl.invoke0(Native Method)
[02:38:54] [Server thread/ERROR] [CarryOn]: sun.reflect.NativeMethodAccessorImpl.invoke(NativeMethodAccessorImpl.java:62)
[02:38:54] [Server thread/ERROR] [CarryOn]: sun.reflect.DelegatingMethodAccessorImpl.invoke(DelegatingMethodAccessorImpl.java:43)
[02:38:54] [Server thread/ERROR] [CarryOn]: java.lang.reflect.Method.invoke(Method.java:498)
[02:38:54] [Server thread/ERROR] [CarryOn]: net.minecraftforge.fml.common.FMLModContainer.handleModStateEvent(FMLModContainer.java:637)
[02:38:54] [Server thread/ERROR] [CarryOn]: 31 more...
[02:38:54] [Server thread/INFO] [CarryOn]: 
[02:38:54] [Server thread/ERROR] [CarryOn]: Block Parsing Error. Invalid Name: quark:custom_chest_trap
[02:38:54] [Server thread/ERROR] [CarryOn]: tschipp.carryon.common.helper.StringParser.getBlock(StringParser.java:34)
[02:38:54] [Server thread/ERROR] [CarryOn]: tschipp.carryon.common.handler.ModelOverridesHandler.parseOverride(ModelOverridesHandler.java:132)
[02:38:54] [Server thread/ERROR] [CarryOn]: tschipp.carryon.common.handler.ModelOverridesHandler.initOverrides(ModelOverridesHandler.java:40)
[02:38:54] [Server thread/ERROR] [CarryOn]: tschipp.carryon.common.handler.RegistrationHandler.regOverrideList(RegistrationHandler.java:64)
[02:38:54] [Server thread/ERROR] [CarryOn]: tschipp.carryon.common.CommonProxy.init(CommonProxy.java:54)
[02:38:54] [Server thread/ERROR] [CarryOn]: tschipp.carryon.CarryOn.init(CarryOn.java:59)
[02:38:54] [Server thread/ERROR] [CarryOn]: sun.reflect.NativeMethodAccessorImpl.invoke0(Native Method)
[02:38:54] [Server thread/ERROR] [CarryOn]: sun.reflect.NativeMethodAccessorImpl.invoke(NativeMethodAccessorImpl.java:62)
[02:38:54] [Server thread/ERROR] [CarryOn]: sun.reflect.DelegatingMethodAccessorImpl.invoke(DelegatingMethodAccessorImpl.java:43)
[02:38:54] [Server thread/ERROR] [CarryOn]: java.lang.reflect.Method.invoke(Method.java:498)
[02:38:54] [Server thread/ERROR] [CarryOn]: net.minecraftforge.fml.common.FMLModContainer.handleModStateEvent(FMLModContainer.java:637)
[02:38:54] [Server thread/ERROR] [CarryOn]: 31 more...
[02:38:54] [Server thread/INFO] [CarryOn]: 
[02:38:54] [Server thread/ERROR] [CarryOn]: Block Parsing Error. Invalid Name: quark:custom_chest_trap
[02:38:54] [Server thread/ERROR] [CarryOn]: tschipp.carryon.common.helper.StringParser.getBlock(StringParser.java:34)
[02:38:54] [Server thread/ERROR] [CarryOn]: tschipp.carryon.common.handler.ModelOverridesHandler.parseOverride(ModelOverridesHandler.java:132)
[02:38:54] [Server thread/ERROR] [CarryOn]: tschipp.carryon.common.handler.ModelOverridesHandler.initOverrides(ModelOverridesHandler.java:40)
[02:38:54] [Server thread/ERROR] [CarryOn]: tschipp.carryon.common.handler.RegistrationHandler.regOverrideList(RegistrationHandler.java:64)
[02:38:54] [Server thread/ERROR] [CarryOn]: tschipp.carryon.common.CommonProxy.init(CommonProxy.java:54)
[02:38:54] [Server thread/ERROR] [CarryOn]: tschipp.carryon.CarryOn.init(CarryOn.java:59)
[02:38:54] [Server thread/ERROR] [CarryOn]: sun.reflect.NativeMethodAccessorImpl.invoke0(Native Method)
[02:38:54] [Server thread/ERROR] [CarryOn]: sun.reflect.NativeMethodAccessorImpl.invoke(NativeMethodAccessorImpl.java:62)
[02:38:54] [Server thread/ERROR] [CarryOn]: sun.reflect.DelegatingMethodAccessorImpl.invoke(DelegatingMethodAccessorImpl.java:43)
[02:38:54] [Server thread/ERROR] [CarryOn]: java.lang.reflect.Method.invoke(Method.java:498)
[02:38:54] [Server thread/ERROR] [CarryOn]: net.minecraftforge.fml.common.FMLModContainer.handleModStateEvent(FMLModContainer.java:637)
[02:38:54] [Server thread/ERROR] [CarryOn]: 31 more...
[02:38:54] [Server thread/INFO] [CarryOn]: 
[02:38:54] [Server thread/ERROR] [CarryOn]: Block Parsing Error. Invalid Name: quark:custom_chest_trap
[02:38:54] [Server thread/ERROR] [CarryOn]: tschipp.carryon.common.helper.StringParser.getBlock(StringParser.java:34)
[02:38:54] [Server thread/ERROR] [CarryOn]: tschipp.carryon.common.handler.ModelOverridesHandler.parseOverride(ModelOverridesHandler.java:132)
[02:38:54] [Server thread/ERROR] [CarryOn]: tschipp.carryon.common.handler.ModelOverridesHandler.initOverrides(ModelOverridesHandler.java:40)
[02:38:54] [Server thread/ERROR] [CarryOn]: tschipp.carryon.common.handler.RegistrationHandler.regOverrideList(RegistrationHandler.java:64)
[02:38:54] [Server thread/ERROR] [CarryOn]: tschipp.carryon.common.CommonProxy.init(CommonProxy.java:54)
[02:38:54] [Server thread/ERROR] [CarryOn]: tschipp.carryon.CarryOn.init(CarryOn.java:59)
[02:38:54] [Server thread/ERROR] [CarryOn]: sun.reflect.NativeMethodAccessorImpl.invoke0(Native Method)
[02:38:54] [Server thread/ERROR] [CarryOn]: sun.reflect.NativeMethodAccessorImpl.invoke(NativeMethodAccessorImpl.java:62)
[02:38:54] [Server thread/ERROR] [CarryOn]: sun.reflect.DelegatingMethodAccessorImpl.invoke(DelegatingMethodAccessorImpl.java:43)
[02:38:54] [Server thread/ERROR] [CarryOn]: java.lang.reflect.Method.invoke(Method.java:498)
[02:38:54] [Server thread/ERROR] [CarryOn]: net.minecraftforge.fml.common.FMLModContainer.handleModStateEvent(FMLModContainer.java:637)
[02:38:54] [Server thread/ERROR] [CarryOn]: 31 more...
[02:38:54] [Server thread/INFO] [CarryOn]: 
[02:38:54] [Server thread/INFO] [com.dynamic_view.DynView]: Zooming chunks initiated!
[02:38:55] [Server thread/INFO] [infernalmobs]: InfernalMobsCore load() completed! Modifiers ready: 27, config file at: /workspaces/laughing-goggles/servidor_minecraft/config/infernalmobs.cfg
[02:38:55] [Server thread/INFO] [Spartan Weaponry]: Registering OreDictionary entries
[02:38:55] [Server thread/INFO] [Spartan Weaponry]: Attempting to add new advancement triggers...
[02:38:55] [Server thread/INFO] [Spartan Weaponry]: New advancement triggers added successfully!
[02:38:55] [Server thread/INFO] [STDOUT]: [com.dhanantry.scapeandrunparasites.advancements.DispatcherStage4DetectedAdvancement:register:28]: [SRP][Qlip] listener registered
[02:38:55] [Server thread/INFO] [STDOUT]: [com.dhanantry.scapeandrunparasites.bestiary.net.BestiaryNetwork:register:40]: [SRP][BESTIARY][NET] Registered packets on channel 'srp_bestiary'
[02:38:55] [Server thread/INFO] [FML]: Injecting itemstacks
[02:38:55] [Server thread/INFO] [FML]: Itemstack injection complete
[02:38:56] [Server thread/INFO] [FML]: Ignored smelting recipe with conflicting input: 1xtile.srparasites.infestedore@0 = 1xtile.air@0
[02:38:56] [Server thread/INFO] [FML]: Ignored smelting recipe with conflicting input: 1xtile.srparasites.infestedore@1 = 1xtile.air@0
[02:38:56] [Server thread/INFO] [FML]: Ignored smelting recipe with conflicting input: 1xtile.srparasites.infestedore@2 = 1xtile.air@0
[02:38:56] [Server thread/INFO] [FML]: Ignored smelting recipe with conflicting input: 1xtile.srparasites.infestedore@3 = 1xtile.air@0
[02:38:56] [Server thread/INFO] [FML]: Ignored smelting recipe with conflicting input: 1xtile.srparasites.infestedore@4 = 1xtile.air@0
[02:38:56] [Server thread/INFO] [FML]: Ignored smelting recipe with conflicting input: 1xtile.srparasites.infestedore@5 = 1xtile.air@0
[02:38:56] [Server thread/INFO] [FML]: Ignored smelting recipe with conflicting input: 1xtile.srparasites.infestedore@6 = 1xtile.air@0
[02:38:56] [Server thread/INFO] [STDOUT]: [atomicstryker.battletowers.common.TowerStageItemManager:<init>:72]: Battletowers parsed Item/Block/ChestGenHook com.oblivioussp.spartanweaponry.item.ItemDagger@4e91f061
[02:38:56] [Server thread/INFO] [STDOUT]: [atomicstryker.battletowers.common.TowerStageItemManager:<init>:72]: Battletowers parsed Item/Block/ChestGenHook com.oblivioussp.spartanweaponry.item.ItemLongsword@3595e422
[02:38:56] [Server thread/INFO] [STDOUT]: [atomicstryker.battletowers.common.TowerStageItemManager:<init>:72]: Battletowers parsed Item/Block/ChestGenHook com.oblivioussp.spartanweaponry.item.ItemKatana@31dc758f
[02:38:56] [Server thread/INFO] [STDOUT]: [atomicstryker.battletowers.common.TowerStageItemManager:<init>:72]: Battletowers parsed Item/Block/ChestGenHook com.oblivioussp.spartanweaponry.item.ItemSaber@47f6599
[02:38:56] [Server thread/INFO] [STDOUT]: [atomicstryker.battletowers.common.TowerStageItemManager:<init>:72]: Battletowers parsed Item/Block/ChestGenHook com.oblivioussp.spartanweaponry.item.ItemRapier@705c11da
[02:38:56] [Server thread/INFO] [STDOUT]: [atomicstryker.battletowers.common.TowerStageItemManager:<init>:72]: Battletowers parsed Item/Block/ChestGenHook com.oblivioussp.spartanweaponry.item.ItemGreatsword@2be78cf0
[02:38:56] [Server thread/INFO] [STDOUT]: [atomicstryker.battletowers.common.TowerStageItemManager:<init>:72]: Battletowers parsed Item/Block/ChestGenHook com.oblivioussp.spartanweaponry.item.ItemHammer@25ed43b0
[02:38:56] [Server thread/INFO] [STDOUT]: [atomicstryker.battletowers.common.TowerStageItemManager:<init>:72]: Battletowers parsed Item/Block/ChestGenHook com.oblivioussp.spartanweaponry.item.ItemWarhammer@16f4b1ee
[02:38:56] [Server thread/INFO] [STDOUT]: [atomicstryker.battletowers.common.TowerStageItemManager:<init>:72]: Battletowers parsed Item/Block/ChestGenHook com.oblivioussp.spartanweaponry.item.ItemSpear@b6a6074
[02:38:56] [Server thread/INFO] [STDOUT]: [atomicstryker.battletowers.common.TowerStageItemManager:<init>:72]: Battletowers parsed Item/Block/ChestGenHook com.oblivioussp.spartanweaponry.item.ItemHalberd@5e5aca52
[02:38:56] [Server thread/INFO] [STDOUT]: [atomicstryker.battletowers.common.TowerStageItemManager:<init>:72]: Battletowers parsed Item/Block/ChestGenHook net.minecraft.item.ItemArmor@7a70cf38
[02:38:56] [Server thread/INFO] [STDOUT]: [atomicstryker.battletowers.common.TowerStageItemManager:<init>:72]: Battletowers parsed Item/Block/ChestGenHook net.minecraft.item.ItemArmor@7453fdf5
[02:38:56] [Server thread/INFO] [STDOUT]: [atomicstryker.battletowers.common.TowerStageItemManager:<init>:72]: Battletowers parsed Item/Block/ChestGenHook net.minecraft.item.ItemArmor@42571745
[02:38:56] [Server thread/INFO] [STDOUT]: [atomicstryker.battletowers.common.TowerStageItemManager:<init>:72]: Battletowers parsed Item/Block/ChestGenHook net.minecraft.item.ItemArmor@3e220938
[02:38:56] [Server thread/INFO] [STDOUT]: [atomicstryker.battletowers.common.TowerStageItemManager:<init>:72]: Battletowers parsed Item/Block/ChestGenHook net.minecraft.item.Item@59920243
[02:38:56] [Server thread/INFO] [STDOUT]: [atomicstryker.battletowers.common.TowerStageItemManager:<init>:72]: Battletowers parsed Item/Block/ChestGenHook net.minecraft.item.ItemSeeds@7bd395f7
[02:38:56] [Server thread/INFO] [STDOUT]: [atomicstryker.battletowers.common.TowerStageItemManager:<init>:72]: Battletowers parsed Item/Block/ChestGenHook net.minecraft.item.ItemMultiTexture@d2069cf
[02:38:56] [Server thread/INFO] [STDOUT]: [atomicstryker.battletowers.common.TowerStageItemManager:<init>:72]: Battletowers parsed Item/Block/ChestGenHook net.minecraft.item.ItemBlockSpecial@48afc141
[02:38:56] [Server thread/INFO] [STDOUT]: [atomicstryker.battletowers.common.TowerStageItemManager:<init>:72]: Battletowers parsed Item/Block/ChestGenHook net.minecraft.item.ItemBlock@45ad2fb1
[02:38:56] [Server thread/INFO] [STDOUT]: [atomicstryker.battletowers.common.TowerStageItemManager:<init>:72]: Battletowers parsed Item/Block/ChestGenHook net.minecraft.item.ItemExpBottle@671f1e0a
[02:38:56] [Server thread/INFO] [STDOUT]: [atomicstryker.battletowers.common.TowerStageItemManager:<init>:72]: Battletowers parsed Item/Block/ChestGenHook net.minecraft.item.Item@6804ec4a
[02:38:56] [Server thread/INFO] [STDOUT]: [atomicstryker.battletowers.common.TowerStageItemManager:<init>:72]: Battletowers parsed Item/Block/ChestGenHook com.oblivioussp.spartanweaponry.item.ItemPike@2461444f
[02:38:56] [Server thread/INFO] [STDOUT]: [atomicstryker.battletowers.common.TowerStageItemManager:<init>:72]: Battletowers parsed Item/Block/ChestGenHook com.oblivioussp.spartanweaponry.item.ItemLance@3d8bad4
[02:38:56] [Server thread/INFO] [STDOUT]: [atomicstryker.battletowers.common.TowerStageItemManager:<init>:72]: Battletowers parsed Item/Block/ChestGenHook com.oblivioussp.spartanweaponry.item.ItemLongbow@3dd10e05
[02:38:56] [Server thread/INFO] [STDOUT]: [atomicstryker.battletowers.common.TowerStageItemManager:<init>:72]: Battletowers parsed Item/Block/ChestGenHook com.oblivioussp.spartanweaponry.item.ItemCrossbow@2a32b546
[02:38:56] [Server thread/INFO] [STDOUT]: [atomicstryker.battletowers.common.TowerStageItemManager:<init>:72]: Battletowers parsed Item/Block/ChestGenHook com.oblivioussp.spartanweaponry.item.ItemThrowingKnife@c125ad
[02:38:56] [Server thread/INFO] [STDOUT]: [atomicstryker.battletowers.common.TowerStageItemManager:<init>:72]: Battletowers parsed Item/Block/ChestGenHook com.oblivioussp.spartanweaponry.item.ItemThrowingAxe@307cf9e5
[02:38:56] [Server thread/INFO] [STDOUT]: [atomicstryker.battletowers.common.TowerStageItemManager:<init>:72]: Battletowers parsed Item/Block/ChestGenHook com.oblivioussp.spartanweaponry.item.ItemJavelin@1d8f2488
[02:38:56] [Server thread/INFO] [STDOUT]: [atomicstryker.battletowers.common.TowerStageItemManager:<init>:72]: Battletowers parsed Item/Block/ChestGenHook com.oblivioussp.spartanweaponry.item.ItemBoomerang@5f2c50cd
[02:38:56] [Server thread/INFO] [STDOUT]: [atomicstryker.battletowers.common.TowerStageItemManager:<init>:72]: Battletowers parsed Item/Block/ChestGenHook com.oblivioussp.spartanweaponry.item.ItemBattleaxe@5c0204f4
[02:38:56] [Server thread/INFO] [STDOUT]: [atomicstryker.battletowers.common.TowerStageItemManager:<init>:72]: Battletowers parsed Item/Block/ChestGenHook com.oblivioussp.spartanweaponry.item.ItemMace@7db56ca6
[02:38:56] [Server thread/INFO] [STDOUT]: [atomicstryker.battletowers.common.TowerStageItemManager:<init>:72]: Battletowers parsed Item/Block/ChestGenHook net.minecraft.item.ItemArmor@7a70cf38
[02:38:56] [Server thread/INFO] [STDOUT]: [atomicstryker.battletowers.common.TowerStageItemManager:<init>:72]: Battletowers parsed Item/Block/ChestGenHook net.minecraft.item.ItemArmor@7453fdf5
[02:38:56] [Server thread/INFO] [STDOUT]: [atomicstryker.battletowers.common.TowerStageItemManager:<init>:72]: Battletowers parsed Item/Block/ChestGenHook net.minecraft.item.ItemArmor@42571745
[02:38:56] [Server thread/INFO] [STDOUT]: [atomicstryker.battletowers.common.TowerStageItemManager:<init>:72]: Battletowers parsed Item/Block/ChestGenHook net.minecraft.item.ItemArmor@3e220938
[02:38:56] [Server thread/INFO] [STDOUT]: [atomicstryker.battletowers.common.TowerStageItemManager:<init>:72]: Battletowers parsed Item/Block/ChestGenHook net.minecraft.item.ItemCloth@7e44f0ae
[02:38:56] [Server thread/INFO] [STDOUT]: [atomicstryker.battletowers.common.TowerStageItemManager:<init>:72]: Battletowers parsed Item/Block/ChestGenHook net.minecraft.item.ItemCloth@7e44f0ae
[02:38:56] [Server thread/INFO] [STDOUT]: [atomicstryker.battletowers.common.TowerStageItemManager:<init>:72]: Battletowers parsed Item/Block/ChestGenHook net.minecraft.item.ItemCloth@7e44f0ae
[02:38:56] [Server thread/INFO] [STDOUT]: [atomicstryker.battletowers.common.TowerStageItemManager:<init>:72]: Battletowers parsed Item/Block/ChestGenHook net.minecraft.item.ItemSword@6206f12d
[02:38:56] [Server thread/INFO] [STDOUT]: [atomicstryker.battletowers.common.TowerStageItemManager:<init>:72]: Battletowers parsed Item/Block/ChestGenHook net.minecraft.item.ItemPickaxe@6cfbdf32
[02:38:56] [Server thread/INFO] [STDOUT]: [atomicstryker.battletowers.common.TowerStageItemManager:<init>:72]: Battletowers parsed Item/Block/ChestGenHook net.minecraft.item.ItemAxe@72ec0943
[02:38:56] [Server thread/INFO] [STDOUT]: [atomicstryker.battletowers.common.TowerStageItemManager:<init>:72]: Battletowers parsed Item/Block/ChestGenHook net.minecraft.item.ItemBlock@45ad2fb1
[02:38:56] [Server thread/INFO] [STDOUT]: [atomicstryker.battletowers.common.TowerStageItemManager:<init>:72]: Battletowers parsed Item/Block/ChestGenHook net.minecraft.item.ItemBlock@2ba29fef
[02:38:56] [Server thread/INFO] [STDOUT]: [atomicstryker.battletowers.common.TowerStageItemManager:<init>:72]: Battletowers parsed Item/Block/ChestGenHook net.minecraft.item.ItemBlock@6bf1f6a9
[02:38:56] [Server thread/INFO] [STDOUT]: [atomicstryker.battletowers.common.TowerStageItemManager:<init>:72]: Battletowers parsed Item/Block/ChestGenHook net.minecraft.item.ItemBlock@6bf1f6a9
[02:38:56] [Server thread/INFO] [STDOUT]: [atomicstryker.battletowers.common.TowerStageItemManager:<init>:72]: Battletowers parsed Item/Block/ChestGenHook net.minecraft.item.Item@6804ec4a
[02:38:56] [Server thread/INFO] [STDOUT]: [atomicstryker.battletowers.common.TowerStageItemManager:<init>:72]: Battletowers parsed Item/Block/ChestGenHook com.github.alexthe666.iceandfire.item.ItemCopperArmor@476b539
[02:38:56] [Server thread/INFO] [STDOUT]: [atomicstryker.battletowers.common.TowerStageItemManager:<init>:72]: Battletowers parsed Item/Block/ChestGenHook com.github.alexthe666.iceandfire.item.ItemCopperArmor@61142a75
[02:38:56] [Server thread/INFO] [STDOUT]: [atomicstryker.battletowers.common.TowerStageItemManager:<init>:72]: Battletowers parsed Item/Block/ChestGenHook com.github.alexthe666.iceandfire.item.ItemCopperArmor@1f566f0
[02:38:56] [Server thread/INFO] [STDOUT]: [atomicstryker.battletowers.common.TowerStageItemManager:<init>:72]: Battletowers parsed Item/Block/ChestGenHook com.github.alexthe666.iceandfire.item.ItemCopperArmor@ced230c
[02:38:56] [Server thread/INFO] [STDOUT]: [atomicstryker.battletowers.common.TowerStageItemManager:<init>:72]: Battletowers parsed Item/Block/ChestGenHook com.github.alexthe666.iceandfire.item.ItemModSword@2a0a3b8f
[02:38:56] [Server thread/INFO] [STDOUT]: [atomicstryker.battletowers.common.TowerStageItemManager:<init>:72]: Battletowers parsed Item/Block/ChestGenHook com.github.alexthe666.iceandfire.item.ItemModPickaxe@dc67d47
[02:38:56] [Server thread/INFO] [STDOUT]: [atomicstryker.battletowers.common.TowerStageItemManager:<init>:72]: Battletowers parsed Item/Block/ChestGenHook com.github.alexthe666.iceandfire.item.ItemModAxe@5e340ef2
[02:38:56] [Server thread/INFO] [STDOUT]: [atomicstryker.battletowers.common.TowerStageItemManager:<init>:72]: Battletowers parsed Item/Block/ChestGenHook net.minecraft.item.Item@72ced297
[02:38:56] [Server thread/INFO] [STDOUT]: [atomicstryker.battletowers.common.TowerStageItemManager:<init>:72]: Battletowers parsed Item/Block/ChestGenHook net.minecraft.item.Item@72ced297
[02:38:56] [Server thread/INFO] [STDOUT]: [atomicstryker.battletowers.common.TowerStageItemManager:<init>:72]: Battletowers parsed Item/Block/ChestGenHook net.minecraft.item.ItemBlock@4d2a9d6
[02:38:56] [Server thread/INFO] [STDOUT]: [atomicstryker.battletowers.common.TowerStageItemManager:<init>:72]: Battletowers parsed Item/Block/ChestGenHook net.minecraft.item.ItemBlock@4d2a9d6
[02:38:56] [Server thread/INFO] [STDOUT]: [atomicstryker.battletowers.common.TowerStageItemManager:<init>:72]: Battletowers parsed Item/Block/ChestGenHook net.minecraft.item.Item@637a665a
[02:38:56] [Server thread/INFO] [STDOUT]: [atomicstryker.battletowers.common.TowerStageItemManager:<init>:72]: Battletowers parsed Item/Block/ChestGenHook net.minecraft.item.ItemCoal@3dab4c68
[02:38:56] [Server thread/INFO] [STDOUT]: [atomicstryker.battletowers.common.TowerStageItemManager:<init>:72]: Battletowers parsed Item/Block/ChestGenHook net.minecraft.item.ItemBlockSpecial@6e330ce7
[02:38:56] [Server thread/INFO] [STDOUT]: [atomicstryker.battletowers.common.TowerStageItemManager:<init>:72]: Battletowers parsed Item/Block/ChestGenHook net.minecraft.item.ItemCloth@7e44f0ae
[02:38:56] [Server thread/INFO] [STDOUT]: [atomicstryker.battletowers.common.TowerStageItemManager:<init>:72]: Battletowers parsed Item/Block/ChestGenHook net.minecraft.item.ItemCloth@7e44f0ae
[02:38:56] [Server thread/INFO] [STDOUT]: [atomicstryker.battletowers.common.TowerStageItemManager:<init>:72]: Battletowers parsed Item/Block/ChestGenHook net.minecraft.item.ItemCloth@7e44f0ae
[02:38:56] [Server thread/INFO] [STDOUT]: [atomicstryker.battletowers.common.TowerStageItemManager:<init>:72]: Battletowers parsed Item/Block/ChestGenHook net.minecraft.item.Item@6804ec4a
[02:38:56] [Server thread/INFO] [STDOUT]: [atomicstryker.battletowers.common.TowerStageItemManager:<init>:72]: Battletowers parsed Item/Block/ChestGenHook ChestGenHook:gameplay/fishing/junk:5
[02:38:56] [Server thread/INFO] [STDOUT]: [atomicstryker.battletowers.common.TowerStageItemManager:<init>:72]: Battletowers parsed Item/Block/ChestGenHook net.minecraft.item.Item@7d49699
[02:38:56] [Server thread/INFO] [STDOUT]: [atomicstryker.battletowers.common.TowerStageItemManager:<init>:72]: Battletowers parsed Item/Block/ChestGenHook com.github.alexthe666.iceandfire.item.ItemCopperArmor@476b539
[02:38:56] [Server thread/INFO] [STDOUT]: [atomicstryker.battletowers.common.TowerStageItemManager:<init>:72]: Battletowers parsed Item/Block/ChestGenHook com.github.alexthe666.iceandfire.item.ItemCopperArmor@61142a75
[02:38:56] [Server thread/INFO] [STDOUT]: [atomicstryker.battletowers.common.TowerStageItemManager:<init>:72]: Battletowers parsed Item/Block/ChestGenHook com.github.alexthe666.iceandfire.item.ItemCopperArmor@1f566f0
[02:38:56] [Server thread/INFO] [STDOUT]: [atomicstryker.battletowers.common.TowerStageItemManager:<init>:72]: Battletowers parsed Item/Block/ChestGenHook com.github.alexthe666.iceandfire.item.ItemCopperArmor@ced230c
[02:38:56] [Server thread/INFO] [STDOUT]: [atomicstryker.battletowers.common.TowerStageItemManager:<init>:72]: Battletowers parsed Item/Block/ChestGenHook com.github.alexthe666.iceandfire.item.ItemSilverArmor@19835c3b
[02:38:56] [Server thread/INFO] [STDOUT]: [atomicstryker.battletowers.common.TowerStageItemManager:<init>:72]: Battletowers parsed Item/Block/ChestGenHook com.github.alexthe666.iceandfire.item.ItemSilverArmor@4dce5985
[02:38:56] [Server thread/INFO] [STDOUT]: [atomicstryker.battletowers.common.TowerStageItemManager:<init>:72]: Battletowers parsed Item/Block/ChestGenHook com.github.alexthe666.iceandfire.item.ItemSilverArmor@6b86b47d
[02:38:56] [Server thread/INFO] [STDOUT]: [atomicstryker.battletowers.common.TowerStageItemManager:<init>:72]: Battletowers parsed Item/Block/ChestGenHook com.github.alexthe666.iceandfire.item.ItemSilverArmor@734954b1
[02:38:56] [Server thread/INFO] [STDOUT]: [atomicstryker.battletowers.common.TowerStageItemManager:<init>:72]: Battletowers parsed Item/Block/ChestGenHook net.minecraft.item.Item@7d49699
[02:38:56] [Server thread/INFO] [STDOUT]: [atomicstryker.battletowers.common.TowerStageItemManager:<init>:72]: Battletowers parsed Item/Block/ChestGenHook net.minecraft.item.ItemBlock@11c093dd
[02:38:56] [Server thread/INFO] [STDOUT]: [atomicstryker.battletowers.common.TowerStageItemManager:<init>:72]: Battletowers parsed Item/Block/ChestGenHook net.minecraft.item.ItemBlock@11c093dd
[02:38:56] [Server thread/INFO] [STDOUT]: [atomicstryker.battletowers.common.TowerStageItemManager:<init>:72]: Battletowers parsed Item/Block/ChestGenHook net.minecraft.item.ItemBlock@11c093dd
[02:38:56] [Server thread/INFO] [STDOUT]: [atomicstryker.battletowers.common.TowerStageItemManager:<init>:72]: Battletowers parsed Item/Block/ChestGenHook net.minecraft.item.Item@25757934
[02:38:56] [Server thread/INFO] [STDOUT]: [atomicstryker.battletowers.common.TowerStageItemManager:<init>:72]: Battletowers parsed Item/Block/ChestGenHook net.minecraft.item.ItemFood@1b290d9a
[02:38:56] [Server thread/INFO] [STDOUT]: [atomicstryker.battletowers.common.TowerStageItemManager:<init>:72]: Battletowers parsed Item/Block/ChestGenHook net.minecraft.item.ItemFood@5c3930f9
[02:38:56] [Server thread/INFO] [STDOUT]: [atomicstryker.battletowers.common.TowerStageItemManager:<init>:72]: Battletowers parsed Item/Block/ChestGenHook net.minecraft.item.Item@6804ec4a
[02:38:56] [Server thread/INFO] [STDOUT]: [atomicstryker.battletowers.common.TowerStageItemManager:<init>:72]: Battletowers parsed Item/Block/ChestGenHook ChestGenHook:chests/simple_dungeon:5
[02:38:56] [Server thread/INFO] [STDOUT]: [atomicstryker.battletowers.common.TowerStageItemManager:<init>:72]: Battletowers parsed Item/Block/ChestGenHook gigaherz.toolbelt.belt.ItemToolBelt@3967ad00
[02:38:56] [Server thread/INFO] [STDOUT]: [atomicstryker.battletowers.common.TowerStageItemManager:<init>:72]: Battletowers parsed Item/Block/ChestGenHook gigaherz.toolbelt.shadow.commons.ItemRegistered@27386f40
[02:38:56] [Server thread/INFO] [STDOUT]: [atomicstryker.battletowers.common.TowerStageItemManager:<init>:72]: Battletowers parsed Item/Block/ChestGenHook net.minecraft.item.ItemEmptyMap@3a20785e
[02:38:56] [Server thread/INFO] [STDOUT]: [atomicstryker.battletowers.common.TowerStageItemManager:<init>:72]: Battletowers parsed Item/Block/ChestGenHook com.github.alexthe666.iceandfire.item.ItemSilverArmor@19835c3b
[02:38:56] [Server thread/INFO] [STDOUT]: [atomicstryker.battletowers.common.TowerStageItemManager:<init>:72]: Battletowers parsed Item/Block/ChestGenHook com.github.alexthe666.iceandfire.item.ItemSilverArmor@4dce5985
[02:38:56] [Server thread/INFO] [STDOUT]: [atomicstryker.battletowers.common.TowerStageItemManager:<init>:72]: Battletowers parsed Item/Block/ChestGenHook com.github.alexthe666.iceandfire.item.ItemSilverArmor@6b86b47d
[02:38:56] [Server thread/INFO] [STDOUT]: [atomicstryker.battletowers.common.TowerStageItemManager:<init>:72]: Battletowers parsed Item/Block/ChestGenHook com.github.alexthe666.iceandfire.item.ItemSilverArmor@734954b1
[02:38:56] [Server thread/INFO] [STDOUT]: [atomicstryker.battletowers.common.TowerStageItemManager:<init>:72]: Battletowers parsed Item/Block/ChestGenHook net.minecraft.item.Item@7d49699
[02:38:56] [Server thread/INFO] [STDOUT]: [atomicstryker.battletowers.common.TowerStageItemManager:<init>:72]: Battletowers parsed Item/Block/ChestGenHook net.minecraft.item.ItemClock@59489572
[02:38:56] [Server thread/INFO] [STDOUT]: [atomicstryker.battletowers.common.TowerStageItemManager:<init>:72]: Battletowers parsed Item/Block/ChestGenHook net.minecraft.item.ItemBlock@387a9865
[02:38:56] [Server thread/INFO] [STDOUT]: [atomicstryker.battletowers.common.TowerStageItemManager:<init>:72]: Battletowers parsed Item/Block/ChestGenHook net.minecraft.item.ItemBlock@29f71567
[02:38:56] [Server thread/INFO] [STDOUT]: [atomicstryker.battletowers.common.TowerStageItemManager:<init>:72]: Battletowers parsed Item/Block/ChestGenHook net.minecraft.item.ItemMultiTexture@14f8e7fd
[02:38:56] [Server thread/INFO] [STDOUT]: [atomicstryker.battletowers.common.TowerStageItemManager:<init>:72]: Battletowers parsed Item/Block/ChestGenHook net.minecraft.item.Item@4b5497bf
[02:38:56] [Server thread/INFO] [STDOUT]: [atomicstryker.battletowers.common.TowerStageItemManager:<init>:72]: Battletowers parsed Item/Block/ChestGenHook net.minecraft.item.Item@6804ec4a
[02:38:56] [Server thread/INFO] [STDOUT]: [atomicstryker.battletowers.common.TowerStageItemManager:<init>:72]: Battletowers parsed Item/Block/ChestGenHook ChestGenHook:chests/abandoned_mineshaft:5
[02:38:56] [Server thread/INFO] [STDOUT]: [atomicstryker.battletowers.common.TowerStageItemManager:<init>:72]: Battletowers parsed Item/Block/ChestGenHook gigaherz.toolbelt.belt.ItemToolBelt@3967ad00
[02:38:56] [Server thread/INFO] [STDOUT]: [atomicstryker.battletowers.common.TowerStageItemManager:<init>:72]: Battletowers parsed Item/Block/ChestGenHook gigaherz.toolbelt.shadow.commons.ItemRegistered@27386f40
[02:38:56] [Server thread/INFO] [STDOUT]: [atomicstryker.battletowers.common.TowerStageItemManager:<init>:72]: Battletowers parsed Item/Block/ChestGenHook net.minecraft.item.Item@7d49699
[02:38:56] [Server thread/INFO] [STDOUT]: [atomicstryker.battletowers.common.TowerStageItemManager:<init>:72]: Battletowers parsed Item/Block/ChestGenHook net.minecraft.item.ItemEmptyMap@3a20785e
[02:38:56] [Server thread/INFO] [STDOUT]: [atomicstryker.battletowers.common.TowerStageItemManager:<init>:72]: Battletowers parsed Item/Block/ChestGenHook net.minecraft.item.ItemArmor@7a6fcf93
[02:38:56] [Server thread/INFO] [STDOUT]: [atomicstryker.battletowers.common.TowerStageItemManager:<init>:72]: Battletowers parsed Item/Block/ChestGenHook net.minecraft.item.ItemArmor@129a09d9
[02:38:56] [Server thread/INFO] [STDOUT]: [atomicstryker.battletowers.common.TowerStageItemManager:<init>:72]: Battletowers parsed Item/Block/ChestGenHook net.minecraft.item.ItemArmor@3e3d3cd0
[02:38:56] [Server thread/INFO] [STDOUT]: [atomicstryker.battletowers.common.TowerStageItemManager:<init>:72]: Battletowers parsed Item/Block/ChestGenHook net.minecraft.item.ItemArmor@1123f97e
[02:38:56] [Server thread/INFO] [STDOUT]: [atomicstryker.battletowers.common.TowerStageItemManager:<init>:72]: Battletowers parsed Item/Block/ChestGenHook net.minecraft.item.ItemArmor@7a6fcf93
[02:38:56] [Server thread/INFO] [STDOUT]: [atomicstryker.battletowers.common.TowerStageItemManager:<init>:72]: Battletowers parsed Item/Block/ChestGenHook net.minecraft.item.Item@7d49699
[02:38:56] [Server thread/INFO] [STDOUT]: [atomicstryker.battletowers.common.TowerStageItemManager:<init>:72]: Battletowers parsed Item/Block/ChestGenHook net.minecraft.item.ItemCompass@6b3df144
[02:38:56] [Server thread/INFO] [STDOUT]: [atomicstryker.battletowers.common.TowerStageItemManager:<init>:72]: Battletowers parsed Item/Block/ChestGenHook net.minecraft.item.ItemBlock@7e31164b
[02:38:56] [Server thread/INFO] [STDOUT]: [atomicstryker.battletowers.common.TowerStageItemManager:<init>:72]: Battletowers parsed Item/Block/ChestGenHook net.minecraft.item.ItemBlock@612deab0
[02:38:56] [Server thread/INFO] [STDOUT]: [atomicstryker.battletowers.common.TowerStageItemManager:<init>:72]: Battletowers parsed Item/Block/ChestGenHook net.minecraft.item.ItemSign@4bdf1bbe
[02:38:56] [Server thread/INFO] [STDOUT]: [atomicstryker.battletowers.common.TowerStageItemManager:<init>:72]: Battletowers parsed Item/Block/ChestGenHook net.minecraft.item.ItemFishingRod@e79a675
[02:38:56] [Server thread/INFO] [STDOUT]: [atomicstryker.battletowers.common.TowerStageItemManager:<init>:72]: Battletowers parsed Item/Block/ChestGenHook net.minecraft.item.ItemSeeds@1e22ff5f
[02:38:56] [Server thread/INFO] [STDOUT]: [atomicstryker.battletowers.common.TowerStageItemManager:<init>:72]: Battletowers parsed Item/Block/ChestGenHook net.minecraft.item.ItemSeeds@49592e11
[02:38:56] [Server thread/INFO] [STDOUT]: [atomicstryker.battletowers.common.TowerStageItemManager:<init>:72]: Battletowers parsed Item/Block/ChestGenHook net.minecraft.item.Item@6804ec4a
[02:38:56] [Server thread/INFO] [STDOUT]: [atomicstryker.battletowers.common.TowerStageItemManager:<init>:72]: Battletowers parsed Item/Block/ChestGenHook ChestGenHook:chests/simple_dungeon:5
[02:38:56] [Server thread/INFO] [STDOUT]: [atomicstryker.battletowers.common.TowerStageItemManager:<init>:72]: Battletowers parsed Item/Block/ChestGenHook net.minecraft.item.ItemArmor@7a6fcf93
[02:38:56] [Server thread/INFO] [STDOUT]: [atomicstryker.battletowers.common.TowerStageItemManager:<init>:72]: Battletowers parsed Item/Block/ChestGenHook net.minecraft.item.ItemArmor@129a09d9
[02:38:56] [Server thread/INFO] [STDOUT]: [atomicstryker.battletowers.common.TowerStageItemManager:<init>:72]: Battletowers parsed Item/Block/ChestGenHook net.minecraft.item.ItemArmor@3e3d3cd0
[02:38:56] [Server thread/INFO] [STDOUT]: [atomicstryker.battletowers.common.TowerStageItemManager:<init>:72]: Battletowers parsed Item/Block/ChestGenHook net.minecraft.item.ItemArmor@1123f97e
[02:38:56] [Server thread/INFO] [STDOUT]: [atomicstryker.battletowers.common.TowerStageItemManager:<init>:72]: Battletowers parsed Item/Block/ChestGenHook net.minecraft.item.ItemArmor@7a6fcf93
[02:38:56] [Server thread/INFO] [STDOUT]: [atomicstryker.battletowers.common.TowerStageItemManager:<init>:72]: Battletowers parsed Item/Block/ChestGenHook net.minecraft.item.Item@2c4386a6
[02:38:56] [Server thread/INFO] [STDOUT]: [atomicstryker.battletowers.common.TowerStageItemManager:<init>:72]: Battletowers parsed Item/Block/ChestGenHook net.minecraft.item.Item@2c4386a6
[02:38:56] [Server thread/INFO] [STDOUT]: [atomicstryker.battletowers.common.TowerStageItemManager:<init>:72]: Battletowers parsed Item/Block/ChestGenHook net.minecraft.item.ItemBlock@7e31164b
[02:38:56] [Server thread/INFO] [STDOUT]: [atomicstryker.battletowers.common.TowerStageItemManager:<init>:72]: Battletowers parsed Item/Block/ChestGenHook net.minecraft.item.ItemSword@27b611aa
[02:38:56] [Server thread/INFO] [STDOUT]: [atomicstryker.battletowers.common.TowerStageItemManager:<init>:72]: Battletowers parsed Item/Block/ChestGenHook net.minecraft.item.ItemPickaxe@5c0acdac
[02:38:56] [Server thread/INFO] [STDOUT]: [atomicstryker.battletowers.common.TowerStageItemManager:<init>:72]: Battletowers parsed Item/Block/ChestGenHook net.minecraft.item.ItemAppleGold@428ba520
[02:38:56] [Server thread/INFO] [STDOUT]: [atomicstryker.battletowers.common.TowerStageItemManager:<init>:72]: Battletowers parsed Item/Block/ChestGenHook net.minecraft.item.ItemSword@2c0e24c7
[02:38:56] [Server thread/INFO] [STDOUT]: [atomicstryker.battletowers.common.TowerStageItemManager:<init>:72]: Battletowers parsed Item/Block/ChestGenHook net.minecraft.item.Item@2a178b15
[02:38:56] [Server thread/INFO] [STDOUT]: [atomicstryker.battletowers.common.TowerStageItemManager:<init>:72]: Battletowers parsed Item/Block/ChestGenHook net.minecraft.item.Item@760ff1c
[02:38:56] [Server thread/INFO] [STDOUT]: [atomicstryker.battletowers.common.TowerStageItemManager:<init>:72]: Battletowers parsed Item/Block/ChestGenHook net.minecraft.item.ItemFishFood@49131f57
[02:38:56] [Server thread/INFO] [STDOUT]: [atomicstryker.battletowers.common.TowerStageItemManager:<init>:72]: Battletowers parsed Item/Block/ChestGenHook net.minecraft.item.ItemDye@23796974
[02:38:56] [Server thread/INFO] [STDOUT]: [atomicstryker.battletowers.common.TowerStageItemManager:<init>:72]: Battletowers parsed Item/Block/ChestGenHook net.minecraft.item.Item@47b237ff
[02:38:56] [Server thread/INFO] [STDOUT]: [atomicstryker.battletowers.common.TowerStageItemManager:<init>:72]: Battletowers parsed Item/Block/ChestGenHook ChestGenHook:chests/simple_dungeon:5
[02:38:56] [Server thread/INFO] [STDOUT]: [atomicstryker.battletowers.common.TowerStageItemManager:<init>:72]: Battletowers parsed Item/Block/ChestGenHook baubles.common.items.ItemRing@54cee134
[02:38:56] [Server thread/INFO] [STDOUT]: [atomicstryker.battletowers.common.TowerStageItemManager:<init>:72]: Battletowers parsed Item/Block/ChestGenHook com.tmtravlr.qualitytools.items.ItemEmeraldBauble@3f51bf64
[02:38:56] [Server thread/INFO] [STDOUT]: [atomicstryker.battletowers.common.TowerStageItemManager:<init>:72]: Battletowers parsed Item/Block/ChestGenHook com.tmtravlr.qualitytools.items.ItemEmeraldBauble@68314619
[02:38:56] [Server thread/INFO] [STDOUT]: [atomicstryker.battletowers.common.TowerStageItemManager:<init>:72]: Battletowers parsed Item/Block/ChestGenHook net.minecraft.item.Item@2b27e7c6
[02:38:56] [Server thread/INFO] [STDOUT]: [atomicstryker.battletowers.common.TowerStageItemManager:<init>:72]: Battletowers parsed Item/Block/ChestGenHook net.minecraft.item.Item@2b27e7c6
[02:38:56] [Server thread/INFO] [STDOUT]: [atomicstryker.battletowers.common.TowerStageItemManager:<init>:72]: Battletowers parsed Item/Block/ChestGenHook net.minecraft.item.ItemBlock@72fc0b37
[02:38:56] [Server thread/INFO] [STDOUT]: [atomicstryker.battletowers.common.TowerStageItemManager:<init>:72]: Battletowers parsed Item/Block/ChestGenHook net.minecraft.item.Item@5d767956
[02:38:56] [Server thread/INFO] [STDOUT]: [atomicstryker.battletowers.common.TowerStageItemManager:<init>:72]: Battletowers parsed Item/Block/ChestGenHook net.minecraft.item.ItemBlock@7e31164b
[02:38:56] [Server thread/INFO] [STDOUT]: [atomicstryker.battletowers.common.TowerStageItemManager:<init>:72]: Battletowers parsed Item/Block/ChestGenHook net.minecraft.item.Item@59168cdc
[02:38:56] [Server thread/INFO] [STDOUT]: [atomicstryker.battletowers.common.TowerStageItemManager:<init>:72]: Battletowers parsed Item/Block/ChestGenHook net.minecraft.item.Item@59168cdc
[02:38:56] [Server thread/INFO] [STDOUT]: [atomicstryker.battletowers.common.TowerStageItemManager:<init>:72]: Battletowers parsed Item/Block/ChestGenHook net.minecraft.item.Item@59168cdc
[02:38:56] [Server thread/INFO] [STDOUT]: [atomicstryker.battletowers.common.TowerStageItemManager:<init>:72]: Battletowers parsed Item/Block/ChestGenHook net.minecraft.item.Item@47b237ff
[02:38:56] [Server thread/INFO] [STDOUT]: [atomicstryker.battletowers.common.TowerStageItemManager:<init>:72]: Battletowers parsed Item/Block/ChestGenHook ChestGenHook:chests/simple_dungeon:5
[02:38:56] [Server thread/INFO] [STDOUT]: [atomicstryker.battletowers.common.TowerStageItemManager:<init>:72]: Battletowers parsed Item/Block/ChestGenHook cursedflames.bountifulbaubles.item.ItemSpectralSilt@4bf1d6d9
[02:38:56] [Server thread/INFO] [STDOUT]: [atomicstryker.battletowers.common.TowerStageItemManager:<init>:72]: Battletowers parsed Item/Block/ChestGenHook xzeroair.trinkets.items.base.ItemBase@614b3429
[02:38:56] [Server thread/INFO] [STDOUT]: [atomicstryker.battletowers.common.TowerStageItemManager:<init>:72]: Battletowers parsed Item/Block/ChestGenHook vazkii.potionfingers.ItemRing@ef314ec
[02:38:56] [Server thread/INFO] [STDOUT]: [atomicstryker.battletowers.common.TowerStageItemManager:<init>:72]: Battletowers parsed Item/Block/ChestGenHook net.minecraft.item.Item@410e5a50
[02:38:56] [Server thread/INFO] [STDOUT]: [atomicstryker.battletowers.common.TowerStageItemManager:<init>:76]: Battletowers failed parsing or finding Item/Block :auto_leggings_liner
[02:38:56] [Server thread/INFO] [STDOUT]: [atomicstryker.battletowers.common.TowerStageItemManager:<init>:72]: Battletowers parsed Item/Block/ChestGenHook baubles.common.items.ItemRing@54cee134
[02:38:56] [Server thread/INFO] [STDOUT]: [atomicstryker.battletowers.common.TowerStageItemManager:<init>:72]: Battletowers parsed Item/Block/ChestGenHook com.tmtravlr.qualitytools.items.ItemEmeraldBauble@3f51bf64
[02:38:56] [Server thread/INFO] [STDOUT]: [atomicstryker.battletowers.common.TowerStageItemManager:<init>:72]: Battletowers parsed Item/Block/ChestGenHook com.tmtravlr.qualitytools.items.ItemEmeraldBauble@68314619
[02:38:56] [Server thread/INFO] [STDOUT]: [atomicstryker.battletowers.common.TowerStageItemManager:<init>:72]: Battletowers parsed Item/Block/ChestGenHook net.minecraft.item.Item@56c70faf
[02:38:56] [Server thread/INFO] [STDOUT]: [atomicstryker.battletowers.common.TowerStageItemManager:<init>:72]: Battletowers parsed Item/Block/ChestGenHook net.minecraft.item.Item@56c70faf
[02:38:56] [Server thread/INFO] [STDOUT]: [atomicstryker.battletowers.common.TowerStageItemManager:<init>:72]: Battletowers parsed Item/Block/ChestGenHook net.minecraft.item.ItemBlock@72fc0b37
[02:38:56] [Server thread/INFO] [STDOUT]: [atomicstryker.battletowers.common.TowerStageItemManager:<init>:72]: Battletowers parsed Item/Block/ChestGenHook net.minecraft.item.ItemExpBottle@671f1e0a
[02:38:56] [Server thread/INFO] [STDOUT]: [atomicstryker.battletowers.common.TowerStageItemManager:<init>:72]: Battletowers parsed Item/Block/ChestGenHook net.minecraft.item.Item@2823a822
[02:38:56] [Server thread/INFO] [STDOUT]: [atomicstryker.battletowers.common.TowerStageItemManager:<init>:72]: Battletowers parsed Item/Block/ChestGenHook net.minecraft.item.Item@5d767956
[02:38:56] [Server thread/INFO] [STDOUT]: [atomicstryker.battletowers.common.TowerStageItemManager:<init>:72]: Battletowers parsed Item/Block/ChestGenHook net.minecraft.item.Item@5d767956
[02:38:56] [Server thread/INFO] [STDOUT]: [atomicstryker.battletowers.common.TowerStageItemManager:<init>:72]: Battletowers parsed Item/Block/ChestGenHook net.minecraft.item.ItemArmor@15b4bf9e
[02:38:56] [Server thread/INFO] [STDOUT]: [atomicstryker.battletowers.common.TowerStageItemManager:<init>:72]: Battletowers parsed Item/Block/ChestGenHook net.minecraft.item.ItemArmor@5722b830
[02:38:56] [Server thread/INFO] [STDOUT]: [atomicstryker.battletowers.common.TowerStageItemManager:<init>:72]: Battletowers parsed Item/Block/ChestGenHook net.minecraft.item.ItemArmor@2ec5b8
[02:38:56] [Server thread/INFO] [STDOUT]: [atomicstryker.battletowers.common.TowerStageItemManager:<init>:72]: Battletowers parsed Item/Block/ChestGenHook net.minecraft.item.ItemArmor@ec824ca
[02:38:56] [Server thread/INFO] [STDOUT]: [atomicstryker.battletowers.common.TowerStageItemManager:<init>:72]: Battletowers parsed Item/Block/ChestGenHook net.minecraft.item.ItemBlock@7e31164b
[02:38:56] [Server thread/INFO] [STDOUT]: [atomicstryker.battletowers.common.TowerStageItemManager:<init>:72]: Battletowers parsed Item/Block/ChestGenHook net.minecraft.item.ItemBlock@7e31164b
[02:38:56] [Server thread/INFO] [STDOUT]: [atomicstryker.battletowers.common.TowerStageItemManager:<init>:72]: Battletowers parsed Item/Block/ChestGenHook net.minecraft.item.ItemBlock@7e31164b
[02:38:56] [Server thread/INFO] [STDOUT]: [atomicstryker.battletowers.common.TowerStageItemManager:<init>:72]: Battletowers parsed Item/Block/ChestGenHook net.minecraft.item.ItemEnderPearl@32122ad3
[02:38:56] [Server thread/INFO] [STDOUT]: [atomicstryker.battletowers.common.TowerStageItemManager:<init>:72]: Battletowers parsed Item/Block/ChestGenHook net.minecraft.item.Item@7c39d86f
[02:38:56] [Server thread/INFO] [STDOUT]: [atomicstryker.battletowers.common.TowerStageItemManager:<init>:72]: Battletowers parsed Item/Block/ChestGenHook net.minecraft.item.Item@7c39d86f
[02:38:56] [Server thread/INFO] [STDOUT]: [atomicstryker.battletowers.common.TowerStageItemManager:<init>:72]: Battletowers parsed Item/Block/ChestGenHook net.minecraft.item.ItemBlock@6f21aa2b
[02:38:56] [Server thread/INFO] [STDOUT]: [atomicstryker.battletowers.common.TowerStageItemManager:<init>:72]: Battletowers parsed Item/Block/ChestGenHook net.minecraft.item.ItemBlock@64b6a7fb
[02:38:56] [Server thread/INFO] [STDOUT]: [atomicstryker.battletowers.common.TowerStageItemManager:<init>:72]: Battletowers parsed Item/Block/ChestGenHook net.minecraft.item.ItemBlockSpecial@73210280
[02:38:56] [Server thread/INFO] [STDOUT]: [atomicstryker.battletowers.common.TowerStageItemManager:<init>:72]: Battletowers parsed Item/Block/ChestGenHook net.minecraft.item.Item@47b237ff
[02:38:56] [Server thread/INFO] [STDOUT]: [atomicstryker.battletowers.common.TowerStageItemManager:<init>:72]: Battletowers parsed Item/Block/ChestGenHook ChestGenHook:chests/simple_dungeon:5
[02:38:56] [Server thread/INFO] [STDOUT]: [atomicstryker.battletowers.common.TowerStageItemManager:<init>:72]: Battletowers parsed Item/Block/ChestGenHook cursedflames.bountifulbaubles.item.ItemSpectralSilt@4bf1d6d9
[02:38:56] [Server thread/INFO] [STDOUT]: [atomicstryker.battletowers.common.TowerStageItemManager:<init>:72]: Battletowers parsed Item/Block/ChestGenHook xzeroair.trinkets.items.base.ItemBase@614b3429
[02:38:56] [Server thread/INFO] [STDOUT]: [atomicstryker.battletowers.common.TowerStageItemManager:<init>:72]: Battletowers parsed Item/Block/ChestGenHook vazkii.potionfingers.ItemRing@ef314ec
[02:38:56] [Server thread/INFO] [STDOUT]: [atomicstryker.battletowers.common.TowerStageItemManager:<init>:72]: Battletowers parsed Item/Block/ChestGenHook baubles.common.items.ItemRing@54cee134
[02:38:56] [Server thread/INFO] [STDOUT]: [atomicstryker.battletowers.common.TowerStageItemManager:<init>:72]: Battletowers parsed Item/Block/ChestGenHook com.tmtravlr.qualitytools.items.ItemEmeraldBauble@3f51bf64
[02:38:56] [Server thread/INFO] [STDOUT]: [atomicstryker.battletowers.common.TowerStageItemManager:<init>:72]: Battletowers parsed Item/Block/ChestGenHook com.tmtravlr.qualitytools.items.ItemEmeraldBauble@68314619
[02:38:56] [Server thread/INFO] [STDOUT]: [atomicstryker.battletowers.common.TowerStageItemManager:<init>:72]: Battletowers parsed Item/Block/ChestGenHook net.minecraft.item.ItemSimpleFoiled@6cca0ca9
[02:38:56] [Server thread/INFO] [STDOUT]: [atomicstryker.battletowers.common.TowerStageItemManager:<init>:72]: Battletowers parsed Item/Block/ChestGenHook net.minecraft.item.ItemBlock@72fc0b37
[02:38:56] [Server thread/INFO] [STDOUT]: [atomicstryker.battletowers.common.TowerStageItemManager:<init>:72]: Battletowers parsed Item/Block/ChestGenHook net.minecraft.item.ItemExpBottle@671f1e0a
[02:38:56] [Server thread/INFO] [STDOUT]: [atomicstryker.battletowers.common.TowerStageItemManager:<init>:72]: Battletowers parsed Item/Block/ChestGenHook net.minecraft.item.ItemExpBottle@671f1e0a
[02:38:56] [Server thread/INFO] [STDOUT]: [atomicstryker.battletowers.common.TowerStageItemManager:<init>:72]: Battletowers parsed Item/Block/ChestGenHook net.minecraft.item.Item@2823a822
[02:38:56] [Server thread/INFO] [STDOUT]: [atomicstryker.battletowers.common.TowerStageItemManager:<init>:72]: Battletowers parsed Item/Block/ChestGenHook net.minecraft.item.Item@410e5a50
[02:38:56] [Server thread/INFO] [STDOUT]: [atomicstryker.battletowers.common.TowerStageItemManager:<init>:72]: Battletowers parsed Item/Block/ChestGenHook net.minecraft.item.Item@5d767956
[02:38:56] [Server thread/INFO] [STDOUT]: [atomicstryker.battletowers.common.TowerStageItemManager:<init>:72]: Battletowers parsed Item/Block/ChestGenHook net.minecraft.item.Item@5d767956
[02:38:56] [Server thread/INFO] [STDOUT]: [atomicstryker.battletowers.common.TowerStageItemManager:<init>:72]: Battletowers parsed Item/Block/ChestGenHook net.minecraft.item.Item@5d767956
[02:38:56] [Server thread/INFO] [STDOUT]: [atomicstryker.battletowers.common.TowerStageItemManager:<init>:72]: Battletowers parsed Item/Block/ChestGenHook net.minecraft.item.ItemEnderPearl@32122ad3
[02:38:56] [Server thread/INFO] [STDOUT]: [atomicstryker.battletowers.common.TowerStageItemManager:<init>:72]: Battletowers parsed Item/Block/ChestGenHook net.minecraft.item.Item@58bff50d
[02:38:56] [Server thread/INFO] [STDOUT]: [atomicstryker.battletowers.common.TowerStageItemManager:<init>:72]: Battletowers parsed Item/Block/ChestGenHook net.minecraft.item.Item@58bff50d
[02:38:56] [Server thread/INFO] [STDOUT]: [atomicstryker.battletowers.common.TowerStageItemManager:<init>:72]: Battletowers parsed Item/Block/ChestGenHook net.minecraft.item.Item@58bff50d
[02:38:56] [Server thread/INFO] [STDOUT]: [atomicstryker.battletowers.common.TowerStageItemManager:<init>:72]: Battletowers parsed Item/Block/ChestGenHook net.minecraft.item.ItemBlock@318b3d79
[02:38:56] [Server thread/INFO] [STDOUT]: [atomicstryker.battletowers.common.TowerStageItemManager:<init>:72]: Battletowers parsed Item/Block/ChestGenHook net.minecraft.item.ItemRedstone@2c697c90
[02:38:56] [Server thread/INFO] [STDOUT]: [atomicstryker.battletowers.common.TowerStageItemManager:<init>:72]: Battletowers parsed Item/Block/ChestGenHook net.minecraft.item.Item@6d32e212
[02:38:56] [Server thread/INFO] [STDOUT]: [atomicstryker.battletowers.common.TowerStageItemManager:<init>:72]: Battletowers parsed Item/Block/ChestGenHook ChestGenHook:chests/simple_dungeon:5
[02:38:56] [Server thread/INFO] [tconstruct-TinkerSmeltery]: Started adding oredict melting recipes
[02:38:57] [Server thread/INFO] [tconstruct-TinkerSmeltery]: Oredict melting recipes finished in 851.414406 ms
[02:38:57] [Server thread/INFO] [bhc]: Post-Initialization finished.
[02:38:57] [Server thread/INFO] [Ice And Fire]: A brother bound to a love he must hide
[02:38:57] [Server thread/INFO] [Ice And Fire]: The younger's armor is worn in the mind
[02:38:57] [Server thread/INFO] [Ice And Fire]: A cold iron throne holds a boy barely grown
[02:38:57] [Server thread/INFO] [Ice And Fire]: And now it is known
[02:38:57] [Server thread/INFO] [Ice And Fire]: A claim to the prize, a crown laced in lies
[02:38:57] [Server thread/INFO] [Ice And Fire]: You win or you die
[02:38:57] [Server thread/INFO] [bstweaker]: BSTweaker PostInit - Loaded 5 custom weapons
[02:38:57] [Server thread/ERROR] [champions]: Invalid entity found in mob config! aether_legacy:sun_spirit
[02:38:57] [Server thread/INFO] [Quark ASM]: Transforming net.minecraft.enchantment.EnchantmentHelper
[02:38:57] [Server thread/INFO] [Quark ASM]: Applying Transformation to method (Names [getEnchantments, func_82781_a] Descriptor (Lnet/minecraft/item/ItemStack;)Ljava/util/Map;)
[02:38:57] [Server thread/INFO] [Quark ASM]: Located Method, patching...
[02:38:57] [Server thread/INFO] [Quark ASM]: Located patch target node INVOKEVIRTUAL net/minecraft/item/ItemStack.func_77986_q ()Lnet/minecraft/nbt/NBTTagList;
[02:38:57] [Server thread/INFO] [Quark ASM]: Patch result: true
[02:38:57] [Server thread/ERROR] [improvedmobs]: Error with item names: 
com.flemmli97.improvedmobs.handler.config.EquipmentList$InvalidItemNameException: Invalid item names for following values: [koolantsrpreinforcement:pathogenic_blade, koolantsrpreinforcement:reinforced_stone_spear, koolantsrpreinforcement:sturdy_obsidian_spear, nocubessrpnests:wormtoothknife, nocubessrpnests:wormtoothmachete, toughasnails:jelled_slime_boots, toughasnails:wool_boots, toughasnails:jelled_slime_leggings, toughasnails:wool_leggings, toughasnails:jelled_slime_chestplate, toughasnails:wool_chestplate, toughasnails:jelled_slime_helmet, toughasnails:wool_helmet]
	at com.flemmli97.improvedmobs.handler.config.EquipmentList.initEquip(EquipmentList.java:145) ~[EquipmentList.class:?]
	at com.flemmli97.improvedmobs.handler.config.ConfigHandler.load(ConfigHandler.java:239) [ConfigHandler.class:?]
	at com.flemmli97.improvedmobs.CommonProxy.postInit(CommonProxy.java:44) [CommonProxy.class:?]
	at com.flemmli97.improvedmobs.ImprovedMobs.postInit(ImprovedMobs.java:45) [ImprovedMobs.class:?]
	at sun.reflect.NativeMethodAccessorImpl.invoke0(Native Method) ~[?:1.8.0_482]
	at sun.reflect.NativeMethodAccessorImpl.invoke(NativeMethodAccessorImpl.java:62) ~[?:1.8.0_482]
	at sun.reflect.DelegatingMethodAccessorImpl.invoke(DelegatingMethodAccessorImpl.java:43) ~[?:1.8.0_482]
	at java.lang.reflect.Method.invoke(Method.java:498) ~[?:1.8.0_482]
	at net.minecraftforge.fml.common.FMLModContainer.handleModStateEvent(FMLModContainer.java:637) [FMLModContainer.class:?]
	at sun.reflect.GeneratedMethodAccessor14.invoke(Unknown Source) ~[?:?]
	at sun.reflect.DelegatingMethodAccessorImpl.invoke(DelegatingMethodAccessorImpl.java:43) ~[?:1.8.0_482]
	at java.lang.reflect.Method.invoke(Method.java:498) ~[?:1.8.0_482]
	at com.google.common.eventbus.Subscriber.invokeSubscriberMethod(Subscriber.java:91) [minecraft_server.1.12.2.jar:?]
	at com.google.common.eventbus.Subscriber$SynchronizedSubscriber.invokeSubscriberMethod(Subscriber.java:150) [minecraft_server.1.12.2.jar:?]
	at com.google.common.eventbus.Subscriber$1.run(Subscriber.java:76) [minecraft_server.1.12.2.jar:?]
	at com.google.common.util.concurrent.MoreExecutors$DirectExecutor.execute(MoreExecutors.java:399) [minecraft_server.1.12.2.jar:?]
	at com.google.common.eventbus.Subscriber.dispatchEvent(Subscriber.java:71) [minecraft_server.1.12.2.jar:?]
	at com.google.common.eventbus.Dispatcher$PerThreadQueuedDispatcher.dispatch(Dispatcher.java:116) [minecraft_server.1.12.2.jar:?]
	at com.google.common.eventbus.EventBus.post(EventBus.java:217) [minecraft_server.1.12.2.jar:?]
	at net.minecraftforge.fml.common.LoadController.sendEventToModContainer(LoadController.java:219) [LoadController.class:?]
	at net.minecraftforge.fml.common.LoadController.propogateStateMessage(LoadController.java:197) [LoadController.class:?]
	at sun.reflect.NativeMethodAccessorImpl.invoke0(Native Method) ~[?:1.8.0_482]
	at sun.reflect.NativeMethodAccessorImpl.invoke(NativeMethodAccessorImpl.java:62) ~[?:1.8.0_482]
	at sun.reflect.DelegatingMethodAccessorImpl.invoke(DelegatingMethodAccessorImpl.java:43) ~[?:1.8.0_482]
	at java.lang.reflect.Method.invoke(Method.java:498) ~[?:1.8.0_482]
	at com.google.common.eventbus.Subscriber.invokeSubscriberMethod(Subscriber.java:91) [minecraft_server.1.12.2.jar:?]
	at com.google.common.eventbus.Subscriber$SynchronizedSubscriber.invokeSubscriberMethod(Subscriber.java:150) [minecraft_server.1.12.2.jar:?]
	at com.google.common.eventbus.Subscriber$1.run(Subscriber.java:76) [minecraft_server.1.12.2.jar:?]
	at com.google.common.util.concurrent.MoreExecutors$DirectExecutor.execute(MoreExecutors.java:399) [minecraft_server.1.12.2.jar:?]
	at com.google.common.eventbus.Subscriber.dispatchEvent(Subscriber.java:71) [minecraft_server.1.12.2.jar:?]
	at com.google.common.eventbus.Dispatcher$PerThreadQueuedDispatcher.dispatch(Dispatcher.java:116) [minecraft_server.1.12.2.jar:?]
	at com.google.common.eventbus.EventBus.post(EventBus.java:217) [minecraft_server.1.12.2.jar:?]
	at net.minecraftforge.fml.common.LoadController.distributeStateMessage(LoadController.java:136) [LoadController.class:?]
	at net.minecraftforge.fml.common.Loader.initializeMods(Loader.java:754) [Loader.class:?]
	at net.minecraftforge.fml.server.FMLServerHandler.finishServerLoading(FMLServerHandler.java:108) [FMLServerHandler.class:?]
	at net.minecraftforge.fml.common.FMLCommonHandler.onServerStarted(FMLCommonHandler.java:338) [FMLCommonHandler.class:?]
	at net.minecraft.server.dedicated.DedicatedServer.func_71197_b(DedicatedServer.java:219) [nz.class:?]
	at net.minecraft.server.MinecraftServer.run(MinecraftServer.java:486) [MinecraftServer.class:?]
	at java.lang.Thread.run(Thread.java:750) [?:1.8.0_482]
[02:38:57] [Server thread/INFO] [placebo]: Beginning replacement of all shapeless recipes...
[02:38:57] [Server thread/INFO] [placebo]: Expect log spam from FML!
[02:38:57] [Server thread/WARN] [FML]: Potentially Dangerous alternative prefix `minecraft` for name `yellow_wool`, expected `placebo`. This could be a intended override, but in most cases indicates a broken mod.
[02:38:57] [Server thread/WARN] [FML]: Potentially Dangerous alternative prefix `minecraft` for name `yellow_dye_from_sunflower`, expected `placebo`. This could be a intended override, but in most cases indicates a broken mod.
[02:38:57] [Server thread/WARN] [FML]: Potentially Dangerous alternative prefix `minecraft` for name `yellow_dye_from_dandelion`, expected `placebo`. This could be a intended override, but in most cases indicates a broken mod.
[02:38:57] [Server thread/WARN] [FML]: Potentially Dangerous alternative prefix `minecraft` for name `yellow_concrete_powder`, expected `placebo`. This could be a intended override, but in most cases indicates a broken mod.
[02:38:57] [Server thread/WARN] [FML]: Potentially Dangerous alternative prefix `minecraft` for name `yellow_bed_from_white_bed`, expected `placebo`. This could be a intended override, but in most cases indicates a broken mod.
[02:38:57] [Server thread/WARN] [FML]: Potentially Dangerous alternative prefix `minecraft` for name `writable_book`, expected `placebo`. This could be a intended override, but in most cases indicates a broken mod.
[02:38:57] [Server thread/WARN] [FML]: Potentially Dangerous alternative prefix `minecraft` for name `white_concrete_powder`, expected `placebo`. This could be a intended override, but in most cases indicates a broken mod.
[02:38:57] [Server thread/WARN] [FML]: Potentially Dangerous alternative prefix `minecraft` for name `trapped_chest`, expected `placebo`. This could be a intended override, but in most cases indicates a broken mod.
[02:38:57] [Server thread/WARN] [FML]: Potentially Dangerous alternative prefix `minecraft` for name `red_wool`, expected `placebo`. This could be a intended override, but in most cases indicates a broken mod.
[02:38:57] [Server thread/WARN] [FML]: Potentially Dangerous alternative prefix `minecraft` for name `red_dye_from_tulip`, expected `placebo`. This could be a intended override, but in most cases indicates a broken mod.
[02:38:57] [Server thread/WARN] [FML]: Potentially Dangerous alternative prefix `minecraft` for name `red_dye_from_rose_bush`, expected `placebo`. This could be a intended override, but in most cases indicates a broken mod.
[02:38:57] [Server thread/WARN] [FML]: Potentially Dangerous alternative prefix `minecraft` for name `red_dye_from_poppy`, expected `placebo`. This could be a intended override, but in most cases indicates a broken mod.
[02:38:57] [Server thread/WARN] [FML]: Potentially Dangerous alternative prefix `minecraft` for name `red_dye_from_beetroot`, expected `placebo`. This could be a intended override, but in most cases indicates a broken mod.
[02:38:57] [Server thread/WARN] [FML]: Potentially Dangerous alternative prefix `minecraft` for name `red_concrete_powder`, expected `placebo`. This could be a intended override, but in most cases indicates a broken mod.
[02:38:57] [Server thread/WARN] [FML]: Potentially Dangerous alternative prefix `minecraft` for name `red_bed_from_white_bed`, expected `placebo`. This could be a intended override, but in most cases indicates a broken mod.
[02:38:57] [Server thread/WARN] [FML]: Potentially Dangerous alternative prefix `minecraft` for name `purple_wool`, expected `placebo`. This could be a intended override, but in most cases indicates a broken mod.
[02:38:57] [Server thread/WARN] [FML]: Potentially Dangerous alternative prefix `minecraft` for name `purple_dye`, expected `placebo`. This could be a intended override, but in most cases indicates a broken mod.
[02:38:57] [Server thread/WARN] [FML]: Potentially Dangerous alternative prefix `minecraft` for name `purple_concrete_powder`, expected `placebo`. This could be a intended override, but in most cases indicates a broken mod.
[02:38:57] [Server thread/WARN] [FML]: Potentially Dangerous alternative prefix `minecraft` for name `purple_bed_from_white_bed`, expected `placebo`. This could be a intended override, but in most cases indicates a broken mod.
[02:38:57] [Server thread/WARN] [FML]: Potentially Dangerous alternative prefix `minecraft` for name `pumpkin_pie`, expected `placebo`. This could be a intended override, but in most cases indicates a broken mod.
[02:38:57] [Server thread/WARN] [FML]: Potentially Dangerous alternative prefix `minecraft` for name `pink_wool`, expected `placebo`. This could be a intended override, but in most cases indicates a broken mod.
[02:38:57] [Server thread/WARN] [FML]: Potentially Dangerous alternative prefix `minecraft` for name `pink_dye_from_red_bonemeal`, expected `placebo`. This could be a intended override, but in most cases indicates a broken mod.
[02:38:57] [Server thread/WARN] [FML]: Potentially Dangerous alternative prefix `minecraft` for name `pink_dye_from_pink_tulip`, expected `placebo`. This could be a intended override, but in most cases indicates a broken mod.
[02:38:57] [Server thread/WARN] [FML]: Potentially Dangerous alternative prefix `minecraft` for name `pink_dye_from_peony`, expected `placebo`. This could be a intended override, but in most cases indicates a broken mod.
[02:38:57] [Server thread/WARN] [FML]: Potentially Dangerous alternative prefix `minecraft` for name `pink_concrete_powder`, expected `placebo`. This could be a intended override, but in most cases indicates a broken mod.
[02:38:57] [Server thread/WARN] [FML]: Potentially Dangerous alternative prefix `minecraft` for name `pink_bed_from_white_bed`, expected `placebo`. This could be a intended override, but in most cases indicates a broken mod.
[02:38:57] [Server thread/WARN] [FML]: Potentially Dangerous alternative prefix `minecraft` for name `orange_wool`, expected `placebo`. This could be a intended override, but in most cases indicates a broken mod.
[02:38:57] [Server thread/WARN] [FML]: Potentially Dangerous alternative prefix `minecraft` for name `orange_dye_from_red_yellow`, expected `placebo`. This could be a intended override, but in most cases indicates a broken mod.
[02:38:57] [Server thread/WARN] [FML]: Potentially Dangerous alternative prefix `minecraft` for name `orange_dye_from_orange_tulip`, expected `placebo`. This could be a intended override, but in most cases indicates a broken mod.
[02:38:57] [Server thread/WARN] [FML]: Potentially Dangerous alternative prefix `minecraft` for name `orange_concrete_powder`, expected `placebo`. This could be a intended override, but in most cases indicates a broken mod.
[02:38:57] [Server thread/WARN] [FML]: Potentially Dangerous alternative prefix `minecraft` for name `orange_bed_from_white_bed`, expected `placebo`. This could be a intended override, but in most cases indicates a broken mod.
[02:38:57] [Server thread/WARN] [FML]: Potentially Dangerous alternative prefix `minecraft` for name `mushroom_stew`, expected `placebo`. This could be a intended override, but in most cases indicates a broken mod.
[02:38:57] [Server thread/WARN] [FML]: Potentially Dangerous alternative prefix `minecraft` for name `mossy_stonebrick`, expected `placebo`. This could be a intended override, but in most cases indicates a broken mod.
[02:38:57] [Server thread/WARN] [FML]: Potentially Dangerous alternative prefix `minecraft` for name `mossy_cobblestone`, expected `placebo`. This could be a intended override, but in most cases indicates a broken mod.
[02:38:57] [Server thread/WARN] [FML]: Potentially Dangerous alternative prefix `minecraft` for name `magma_cream`, expected `placebo`. This could be a intended override, but in most cases indicates a broken mod.
[02:38:57] [Server thread/WARN] [FML]: Potentially Dangerous alternative prefix `minecraft` for name `magenta_wool`, expected `placebo`. This could be a intended override, but in most cases indicates a broken mod.
[02:38:57] [Server thread/WARN] [FML]: Potentially Dangerous alternative prefix `minecraft` for name `magenta_dye_from_purple_and_pink`, expected `placebo`. This could be a intended override, but in most cases indicates a broken mod.
[02:38:57] [Server thread/WARN] [FML]: Potentially Dangerous alternative prefix `minecraft` for name `magenta_dye_from_lilac`, expected `placebo`. This could be a intended override, but in most cases indicates a broken mod.
[02:38:57] [Server thread/WARN] [FML]: Potentially Dangerous alternative prefix `minecraft` for name `magenta_dye_from_lapis_red_pink`, expected `placebo`. This could be a intended override, but in most cases indicates a broken mod.
[02:38:57] [Server thread/WARN] [FML]: Potentially Dangerous alternative prefix `minecraft` for name `magenta_dye_from_lapis_ink_bonemeal`, expected `placebo`. This could be a intended override, but in most cases indicates a broken mod.
[02:38:57] [Server thread/WARN] [FML]: Potentially Dangerous alternative prefix `minecraft` for name `magenta_dye_from_allium`, expected `placebo`. This could be a intended override, but in most cases indicates a broken mod.
[02:38:57] [Server thread/WARN] [FML]: Potentially Dangerous alternative prefix `minecraft` for name `magenta_concrete_powder`, expected `placebo`. This could be a intended override, but in most cases indicates a broken mod.
[02:38:57] [Server thread/WARN] [FML]: Potentially Dangerous alternative prefix `minecraft` for name `magenta_bed_from_white_bed`, expected `placebo`. This could be a intended override, but in most cases indicates a broken mod.
[02:38:57] [Server thread/WARN] [FML]: Potentially Dangerous alternative prefix `minecraft` for name `lime_wool`, expected `placebo`. This could be a intended override, but in most cases indicates a broken mod.
[02:38:57] [Server thread/WARN] [FML]: Potentially Dangerous alternative prefix `minecraft` for name `lime_dye`, expected `placebo`. This could be a intended override, but in most cases indicates a broken mod.
[02:38:57] [Server thread/WARN] [FML]: Potentially Dangerous alternative prefix `minecraft` for name `lime_concrete_powder`, expected `placebo`. This could be a intended override, but in most cases indicates a broken mod.
[02:38:57] [Server thread/WARN] [FML]: Potentially Dangerous alternative prefix `minecraft` for name `lime_bed_from_white_bed`, expected `placebo`. This could be a intended override, but in most cases indicates a broken mod.
[02:38:57] [Server thread/WARN] [FML]: Potentially Dangerous alternative prefix `minecraft` for name `light_gray_wool`, expected `placebo`. This could be a intended override, but in most cases indicates a broken mod.
[02:38:57] [Server thread/WARN] [FML]: Potentially Dangerous alternative prefix `minecraft` for name `light_gray_dye_from_white_tulip`, expected `placebo`. This could be a intended override, but in most cases indicates a broken mod.
[02:38:57] [Server thread/WARN] [FML]: Potentially Dangerous alternative prefix `minecraft` for name `light_gray_dye_from_oxeye_daisy`, expected `placebo`. This could be a intended override, but in most cases indicates a broken mod.
[02:38:57] [Server thread/WARN] [FML]: Potentially Dangerous alternative prefix `minecraft` for name `light_gray_dye_from_ink_bonemeal`, expected `placebo`. This could be a intended override, but in most cases indicates a broken mod.
[02:38:57] [Server thread/WARN] [FML]: Potentially Dangerous alternative prefix `minecraft` for name `light_gray_dye_from_gray_bonemeal`, expected `placebo`. This could be a intended override, but in most cases indicates a broken mod.
[02:38:57] [Server thread/WARN] [FML]: Potentially Dangerous alternative prefix `minecraft` for name `light_gray_dye_from_azure_bluet`, expected `placebo`. This could be a intended override, but in most cases indicates a broken mod.
[02:38:57] [Server thread/WARN] [FML]: Potentially Dangerous alternative prefix `minecraft` for name `light_gray_concrete_powder`, expected `placebo`. This could be a intended override, but in most cases indicates a broken mod.
[02:38:57] [Server thread/WARN] [FML]: Potentially Dangerous alternative prefix `minecraft` for name `light_gray_bed_from_white_bed`, expected `placebo`. This could be a intended override, but in most cases indicates a broken mod.
[02:38:57] [Server thread/WARN] [FML]: Potentially Dangerous alternative prefix `minecraft` for name `light_blue_wool`, expected `placebo`. This could be a intended override, but in most cases indicates a broken mod.
[02:38:57] [Server thread/WARN] [FML]: Potentially Dangerous alternative prefix `minecraft` for name `light_blue_dye_from_lapis_bonemeal`, expected `placebo`. This could be a intended override, but in most cases indicates a broken mod.
[02:38:57] [Server thread/WARN] [FML]: Potentially Dangerous alternative prefix `minecraft` for name `light_blue_dye_from_blue_orchid`, expected `placebo`. This could be a intended override, but in most cases indicates a broken mod.
[02:38:57] [Server thread/WARN] [FML]: Potentially Dangerous alternative prefix `minecraft` for name `light_blue_concrete_powder`, expected `placebo`. This could be a intended override, but in most cases indicates a broken mod.
[02:38:57] [Server thread/WARN] [FML]: Potentially Dangerous alternative prefix `minecraft` for name `light_blue_bed_from_white_bed`, expected `placebo`. This could be a intended override, but in most cases indicates a broken mod.
[02:38:57] [Server thread/WARN] [FML]: Potentially Dangerous alternative prefix `minecraft` for name `green_wool`, expected `placebo`. This could be a intended override, but in most cases indicates a broken mod.
[02:38:57] [Server thread/WARN] [FML]: Potentially Dangerous alternative prefix `minecraft` for name `green_concrete_powder`, expected `placebo`. This could be a intended override, but in most cases indicates a broken mod.
[02:38:57] [Server thread/WARN] [FML]: Potentially Dangerous alternative prefix `minecraft` for name `green_bed_from_white_bed`, expected `placebo`. This could be a intended override, but in most cases indicates a broken mod.
[02:38:57] [Server thread/WARN] [FML]: Potentially Dangerous alternative prefix `minecraft` for name `gray_wool`, expected `placebo`. This could be a intended override, but in most cases indicates a broken mod.
[02:38:57] [Server thread/WARN] [FML]: Potentially Dangerous alternative prefix `minecraft` for name `gray_dye`, expected `placebo`. This could be a intended override, but in most cases indicates a broken mod.
[02:38:57] [Server thread/WARN] [FML]: Potentially Dangerous alternative prefix `minecraft` for name `gray_concrete_powder`, expected `placebo`. This could be a intended override, but in most cases indicates a broken mod.
[02:38:57] [Server thread/WARN] [FML]: Potentially Dangerous alternative prefix `minecraft` for name `gray_bed_from_white_bed`, expected `placebo`. This could be a intended override, but in most cases indicates a broken mod.
[02:38:57] [Server thread/WARN] [FML]: Potentially Dangerous alternative prefix `minecraft` for name `granite`, expected `placebo`. This could be a intended override, but in most cases indicates a broken mod.
[02:38:57] [Server thread/WARN] [FML]: Potentially Dangerous alternative prefix `minecraft` for name `flint_and_steel`, expected `placebo`. This could be a intended override, but in most cases indicates a broken mod.
[02:38:57] [Server thread/WARN] [FML]: Potentially Dangerous alternative prefix `minecraft` for name `fire_charge`, expected `placebo`. This could be a intended override, but in most cases indicates a broken mod.
[02:38:57] [Server thread/WARN] [FML]: Potentially Dangerous alternative prefix `minecraft` for name `fermented_spider_eye`, expected `placebo`. This could be a intended override, but in most cases indicates a broken mod.
[02:38:57] [Server thread/WARN] [FML]: Potentially Dangerous alternative prefix `minecraft` for name `ender_eye`, expected `placebo`. This could be a intended override, but in most cases indicates a broken mod.
[02:38:57] [Server thread/WARN] [FML]: Potentially Dangerous alternative prefix `minecraft` for name `cyan_wool`, expected `placebo`. This could be a intended override, but in most cases indicates a broken mod.
[02:38:57] [Server thread/WARN] [FML]: Potentially Dangerous alternative prefix `minecraft` for name `cyan_dye`, expected `placebo`. This could be a intended override, but in most cases indicates a broken mod.
[02:38:57] [Server thread/WARN] [FML]: Potentially Dangerous alternative prefix `minecraft` for name `cyan_concrete_powder`, expected `placebo`. This could be a intended override, but in most cases indicates a broken mod.
[02:38:57] [Server thread/WARN] [FML]: Potentially Dangerous alternative prefix `minecraft` for name `cyan_bed_from_white_bed`, expected `placebo`. This could be a intended override, but in most cases indicates a broken mod.
[02:38:57] [Server thread/WARN] [FML]: Potentially Dangerous alternative prefix `minecraft` for name `brown_wool`, expected `placebo`. This could be a intended override, but in most cases indicates a broken mod.
[02:38:57] [Server thread/WARN] [FML]: Potentially Dangerous alternative prefix `minecraft` for name `brown_concrete_powder`, expected `placebo`. This could be a intended override, but in most cases indicates a broken mod.
[02:38:57] [Server thread/WARN] [FML]: Potentially Dangerous alternative prefix `minecraft` for name `brown_bed_from_white_bed`, expected `placebo`. This could be a intended override, but in most cases indicates a broken mod.
[02:38:57] [Server thread/WARN] [FML]: Potentially Dangerous alternative prefix `minecraft` for name `book`, expected `placebo`. This could be a intended override, but in most cases indicates a broken mod.
[02:38:57] [Server thread/WARN] [FML]: Potentially Dangerous alternative prefix `minecraft` for name `bone_meal_from_bone`, expected `placebo`. This could be a intended override, but in most cases indicates a broken mod.
[02:38:57] [Server thread/WARN] [FML]: Potentially Dangerous alternative prefix `minecraft` for name `bone_meal_from_block`, expected `placebo`. This could be a intended override, but in most cases indicates a broken mod.
[02:38:57] [Server thread/WARN] [FML]: Potentially Dangerous alternative prefix `minecraft` for name `blue_wool`, expected `placebo`. This could be a intended override, but in most cases indicates a broken mod.
[02:38:57] [Server thread/WARN] [FML]: Potentially Dangerous alternative prefix `minecraft` for name `blue_concrete_powder`, expected `placebo`. This could be a intended override, but in most cases indicates a broken mod.
[02:38:57] [Server thread/WARN] [FML]: Potentially Dangerous alternative prefix `minecraft` for name `blue_bed_from_white_bed`, expected `placebo`. This could be a intended override, but in most cases indicates a broken mod.
[02:38:57] [Server thread/WARN] [FML]: Potentially Dangerous alternative prefix `minecraft` for name `blaze_powder`, expected `placebo`. This could be a intended override, but in most cases indicates a broken mod.
[02:38:57] [Server thread/WARN] [FML]: Potentially Dangerous alternative prefix `minecraft` for name `black_wool`, expected `placebo`. This could be a intended override, but in most cases indicates a broken mod.
[02:38:57] [Server thread/WARN] [FML]: Potentially Dangerous alternative prefix `minecraft` for name `black_concrete_powder`, expected `placebo`. This could be a intended override, but in most cases indicates a broken mod.
[02:38:57] [Server thread/WARN] [FML]: Potentially Dangerous alternative prefix `minecraft` for name `black_bed_from_white_bed`, expected `placebo`. This could be a intended override, but in most cases indicates a broken mod.
[02:38:57] [Server thread/WARN] [FML]: Potentially Dangerous alternative prefix `minecraft` for name `andesite`, expected `placebo`. This could be a intended override, but in most cases indicates a broken mod.
[02:38:57] [Server thread/WARN] [FML]: Potentially Dangerous alternative prefix `securitycraft` for name `universal_owner_changer`, expected `placebo`. This could be a intended override, but in most cases indicates a broken mod.
[02:38:57] [Server thread/WARN] [FML]: Potentially Dangerous alternative prefix `securitycraft` for name `stone_mine`, expected `placebo`. This could be a intended override, but in most cases indicates a broken mod.
[02:38:57] [Server thread/WARN] [FML]: Potentially Dangerous alternative prefix `securitycraft` for name `secret_sign`, expected `placebo`. This could be a intended override, but in most cases indicates a broken mod.
[02:38:57] [Server thread/WARN] [FML]: Potentially Dangerous alternative prefix `securitycraft` for name `sc_manual`, expected `placebo`. This could be a intended override, but in most cases indicates a broken mod.
[02:38:57] [Server thread/WARN] [FML]: Potentially Dangerous alternative prefix `securitycraft` for name `scanner_trapdoor`, expected `placebo`. This could be a intended override, but in most cases indicates a broken mod.
[02:38:57] [Server thread/WARN] [FML]: Potentially Dangerous alternative prefix `securitycraft` for name `scanner_door_item`, expected `placebo`. This could be a intended override, but in most cases indicates a broken mod.
[02:38:57] [Server thread/WARN] [FML]: Potentially Dangerous alternative prefix `securitycraft` for name `sand_mine`, expected `placebo`. This could be a intended override, but in most cases indicates a broken mod.
[02:38:57] [Server thread/WARN] [FML]: Potentially Dangerous alternative prefix `securitycraft` for name `reinforced_yellow_wool`, expected `placebo`. This could be a intended override, but in most cases indicates a broken mod.
[02:38:57] [Server thread/WARN] [FML]: Potentially Dangerous alternative prefix `securitycraft` for name `reinforced_spruce_planks`, expected `placebo`. This could be a intended override, but in most cases indicates a broken mod.
[02:38:57] [Server thread/WARN] [FML]: Potentially Dangerous alternative prefix `securitycraft` for name `reinforced_red_wool`, expected `placebo`. This could be a intended override, but in most cases indicates a broken mod.
[02:38:57] [Server thread/WARN] [FML]: Potentially Dangerous alternative prefix `securitycraft` for name `reinforced_purple_wool`, expected `placebo`. This could be a intended override, but in most cases indicates a broken mod.
[02:38:57] [Server thread/WARN] [FML]: Potentially Dangerous alternative prefix `securitycraft` for name `reinforced_pink_wool`, expected `placebo`. This could be a intended override, but in most cases indicates a broken mod.
[02:38:57] [Server thread/WARN] [FML]: Potentially Dangerous alternative prefix `securitycraft` for name `reinforced_orange_wool`, expected `placebo`. This could be a intended override, but in most cases indicates a broken mod.
[02:38:57] [Server thread/WARN] [FML]: Potentially Dangerous alternative prefix `securitycraft` for name `reinforced_oak_planks`, expected `placebo`. This could be a intended override, but in most cases indicates a broken mod.
[02:38:57] [Server thread/WARN] [FML]: Potentially Dangerous alternative prefix `securitycraft` for name `reinforced_mossy_stone_bricks`, expected `placebo`. This could be a intended override, but in most cases indicates a broken mod.
[02:38:57] [Server thread/WARN] [FML]: Potentially Dangerous alternative prefix `securitycraft` for name `reinforced_mossy_cobblestone`, expected `placebo`. This could be a intended override, but in most cases indicates a broken mod.
[02:38:57] [Server thread/WARN] [FML]: Potentially Dangerous alternative prefix `securitycraft` for name `reinforced_magenta_wool`, expected `placebo`. This could be a intended override, but in most cases indicates a broken mod.
[02:38:57] [Server thread/WARN] [FML]: Potentially Dangerous alternative prefix `securitycraft` for name `reinforced_lime_wool`, expected `placebo`. This could be a intended override, but in most cases indicates a broken mod.
[02:38:57] [Server thread/WARN] [FML]: Potentially Dangerous alternative prefix `securitycraft` for name `reinforced_light_gray_wool`, expected `placebo`. This could be a intended override, but in most cases indicates a broken mod.
[02:38:57] [Server thread/WARN] [FML]: Potentially Dangerous alternative prefix `securitycraft` for name `reinforced_light_blue_wool`, expected `placebo`. This could be a intended override, but in most cases indicates a broken mod.
[02:38:57] [Server thread/WARN] [FML]: Potentially Dangerous alternative prefix `securitycraft` for name `reinforced_jungle_planks`, expected `placebo`. This could be a intended override, but in most cases indicates a broken mod.
[02:38:57] [Server thread/WARN] [FML]: Potentially Dangerous alternative prefix `securitycraft` for name `reinforced_green_wool`, expected `placebo`. This could be a intended override, but in most cases indicates a broken mod.
[02:38:57] [Server thread/WARN] [FML]: Potentially Dangerous alternative prefix `securitycraft` for name `reinforced_gray_wool`, expected `placebo`. This could be a intended override, but in most cases indicates a broken mod.
[02:38:57] [Server thread/WARN] [FML]: Potentially Dangerous alternative prefix `securitycraft` for name `reinforced_granite`, expected `placebo`. This could be a intended override, but in most cases indicates a broken mod.
[02:38:57] [Server thread/WARN] [FML]: Potentially Dangerous alternative prefix `securitycraft` for name `reinforced_dark_oak_planks`, expected `placebo`. This could be a intended override, but in most cases indicates a broken mod.
[02:38:57] [Server thread/WARN] [FML]: Potentially Dangerous alternative prefix `securitycraft` for name `reinforced_cyan_wool`, expected `placebo`. This could be a intended override, but in most cases indicates a broken mod.
[02:38:57] [Server thread/WARN] [FML]: Potentially Dangerous alternative prefix `securitycraft` for name `reinforced_crystal_quartz`, expected `placebo`. This could be a intended override, but in most cases indicates a broken mod.
[02:38:57] [Server thread/WARN] [FML]: Potentially Dangerous alternative prefix `securitycraft` for name `reinforced_brown_wool`, expected `placebo`. This could be a intended override, but in most cases indicates a broken mod.
[02:38:57] [Server thread/WARN] [FML]: Potentially Dangerous alternative prefix `securitycraft` for name `reinforced_blue_wool`, expected `placebo`. This could be a intended override, but in most cases indicates a broken mod.
[02:38:57] [Server thread/WARN] [FML]: Potentially Dangerous alternative prefix `securitycraft` for name `reinforced_black_wool`, expected `placebo`. This could be a intended override, but in most cases indicates a broken mod.
[02:38:57] [Server thread/WARN] [FML]: Potentially Dangerous alternative prefix `securitycraft` for name `reinforced_birch_planks`, expected `placebo`. This could be a intended override, but in most cases indicates a broken mod.
[02:38:57] [Server thread/WARN] [FML]: Potentially Dangerous alternative prefix `securitycraft` for name `reinforced_andesite_with_vanilla_diorite`, expected `placebo`. This could be a intended override, but in most cases indicates a broken mod.
[02:38:57] [Server thread/WARN] [FML]: Potentially Dangerous alternative prefix `securitycraft` for name `reinforced_andesite_with_vanilla_cobblestone`, expected `placebo`. This could be a intended override, but in most cases indicates a broken mod.
[02:38:57] [Server thread/WARN] [FML]: Potentially Dangerous alternative prefix `securitycraft` for name `reinforced_andesite`, expected `placebo`. This could be a intended override, but in most cases indicates a broken mod.
[02:38:57] [Server thread/WARN] [FML]: Potentially Dangerous alternative prefix `securitycraft` for name `reinforced_acacia_planks`, expected `placebo`. This could be a intended override, but in most cases indicates a broken mod.
[02:38:57] [Server thread/WARN] [FML]: Potentially Dangerous alternative prefix `securitycraft` for name `redstone_ore_mine`, expected `placebo`. This could be a intended override, but in most cases indicates a broken mod.
[02:38:57] [Server thread/WARN] [FML]: Potentially Dangerous alternative prefix `securitycraft` for name `nether_quartz_ore_mine`, expected `placebo`. This could be a intended override, but in most cases indicates a broken mod.
[02:38:57] [Server thread/WARN] [FML]: Potentially Dangerous alternative prefix `securitycraft` for name `netherrack_mine`, expected `placebo`. This could be a intended override, but in most cases indicates a broken mod.
[02:38:57] [Server thread/WARN] [FML]: Potentially Dangerous alternative prefix `securitycraft` for name `lapis_lazuli_ore_mine`, expected `placebo`. This could be a intended override, but in most cases indicates a broken mod.
[02:38:57] [Server thread/WARN] [FML]: Potentially Dangerous alternative prefix `securitycraft` for name `keypad_door_item`, expected `placebo`. This could be a intended override, but in most cases indicates a broken mod.
[02:38:57] [Server thread/WARN] [FML]: Potentially Dangerous alternative prefix `securitycraft` for name `keycard_lv5_reset`, expected `placebo`. This could be a intended override, but in most cases indicates a broken mod.
[02:38:57] [Server thread/WARN] [FML]: Potentially Dangerous alternative prefix `securitycraft` for name `keycard_lv4_reset`, expected `placebo`. This could be a intended override, but in most cases indicates a broken mod.
[02:38:57] [Server thread/WARN] [FML]: Potentially Dangerous alternative prefix `securitycraft` for name `keycard_lv3_reset`, expected `placebo`. This could be a intended override, but in most cases indicates a broken mod.
[02:38:57] [Server thread/WARN] [FML]: Potentially Dangerous alternative prefix `securitycraft` for name `keycard_lv2_reset`, expected `placebo`. This could be a intended override, but in most cases indicates a broken mod.
[02:38:57] [Server thread/WARN] [FML]: Potentially Dangerous alternative prefix `securitycraft` for name `keycard_lv1_reset`, expected `placebo`. This could be a intended override, but in most cases indicates a broken mod.
[02:38:57] [Server thread/WARN] [FML]: Potentially Dangerous alternative prefix `securitycraft` for name `iron_ore_mine`, expected `placebo`. This could be a intended override, but in most cases indicates a broken mod.
[02:38:57] [Server thread/WARN] [FML]: Potentially Dangerous alternative prefix `securitycraft` for name `gravel_mine`, expected `placebo`. This could be a intended override, but in most cases indicates a broken mod.
[02:38:57] [Server thread/WARN] [FML]: Potentially Dangerous alternative prefix `securitycraft` for name `gold_ore_mine`, expected `placebo`. This could be a intended override, but in most cases indicates a broken mod.
[02:38:57] [Server thread/WARN] [FML]: Potentially Dangerous alternative prefix `securitycraft` for name `furnace_mine`, expected `placebo`. This could be a intended override, but in most cases indicates a broken mod.
[02:38:57] [Server thread/WARN] [FML]: Potentially Dangerous alternative prefix `securitycraft` for name `end_stone_mine`, expected `placebo`. This could be a intended override, but in most cases indicates a broken mod.
[02:38:57] [Server thread/WARN] [FML]: Potentially Dangerous alternative prefix `securitycraft` for name `emerald_ore_mine`, expected `placebo`. This could be a intended override, but in most cases indicates a broken mod.
[02:38:57] [Server thread/WARN] [FML]: Potentially Dangerous alternative prefix `securitycraft` for name `dirt_mine`, expected `placebo`. This could be a intended override, but in most cases indicates a broken mod.
[02:38:57] [Server thread/WARN] [FML]: Potentially Dangerous alternative prefix `securitycraft` for name `diamond_mine`, expected `placebo`. This could be a intended override, but in most cases indicates a broken mod.
[02:38:57] [Server thread/WARN] [FML]: Potentially Dangerous alternative prefix `securitycraft` for name `cobblestone_mine`, expected `placebo`. This could be a intended override, but in most cases indicates a broken mod.
[02:38:57] [Server thread/WARN] [FML]: Potentially Dangerous alternative prefix `securitycraft` for name `coal_ore_mine`, expected `placebo`. This could be a intended override, but in most cases indicates a broken mod.
[02:38:57] [Server thread/WARN] [FML]: Potentially Dangerous alternative prefix `securitycraft` for name `block_pocket_wall`, expected `placebo`. This could be a intended override, but in most cases indicates a broken mod.
[02:38:57] [Server thread/WARN] [FML]: Potentially Dangerous alternative prefix `tconstruct` for name `gadgets/throwball/efln`, expected `placebo`. This could be a intended override, but in most cases indicates a broken mod.
[02:38:57] [Server thread/WARN] [FML]: Potentially Dangerous alternative prefix `tconstruct` for name `gadgets/brownstone/block/tile_bricks`, expected `placebo`. This could be a intended override, but in most cases indicates a broken mod.
[02:38:57] [Server thread/WARN] [FML]: Potentially Dangerous alternative prefix `tconstruct` for name `gadgets/brownstone/block/paver_default`, expected `placebo`. This could be a intended override, but in most cases indicates a broken mod.
[02:38:57] [Server thread/WARN] [FML]: Potentially Dangerous alternative prefix `tconstruct` for name `gadgets/brownstone/block/small_bricks`, expected `placebo`. This could be a intended override, but in most cases indicates a broken mod.
[02:38:57] [Server thread/WARN] [FML]: Potentially Dangerous alternative prefix `tconstruct` for name `gadgets/brownstone/block/road_bricks`, expected `placebo`. This could be a intended override, but in most cases indicates a broken mod.
[02:38:57] [Server thread/WARN] [FML]: Potentially Dangerous alternative prefix `tconstruct` for name `gadgets/brownstone/block/square_bricks`, expected `placebo`. This could be a intended override, but in most cases indicates a broken mod.
[02:38:57] [Server thread/WARN] [FML]: Potentially Dangerous alternative prefix `tconstruct` for name `gadgets/brownstone/block/creeper_bricks`, expected `placebo`. This could be a intended override, but in most cases indicates a broken mod.
[02:38:57] [Server thread/WARN] [FML]: Potentially Dangerous alternative prefix `tconstruct` for name `gadgets/brownstone/block/paver`, expected `placebo`. This could be a intended override, but in most cases indicates a broken mod.
[02:38:57] [Server thread/WARN] [FML]: Potentially Dangerous alternative prefix `tconstruct` for name `gadgets/brownstone/block/fancy_bricks`, expected `placebo`. This could be a intended override, but in most cases indicates a broken mod.
[02:38:57] [Server thread/WARN] [FML]: Potentially Dangerous alternative prefix `tconstruct` for name `gadgets/brownstone/block/triangle_bricks`, expected `placebo`. This could be a intended override, but in most cases indicates a broken mod.
[02:38:57] [Server thread/WARN] [FML]: Potentially Dangerous alternative prefix `tconstruct` for name `gadgets/brownstone/block/bricks`, expected `placebo`. This could be a intended override, but in most cases indicates a broken mod.
[02:38:57] [Server thread/WARN] [FML]: Potentially Dangerous alternative prefix `tconstruct` for name `common/flint`, expected `placebo`. This could be a intended override, but in most cases indicates a broken mod.
[02:38:57] [Server thread/WARN] [FML]: Potentially Dangerous alternative prefix `tconstruct` for name `common/book`, expected `placebo`. This could be a intended override, but in most cases indicates a broken mod.
[02:38:57] [Server thread/WARN] [FML]: Potentially Dangerous alternative prefix `tconstruct` for name `common/metals/ardite/ardite_ingot`, expected `placebo`. This could be a intended override, but in most cases indicates a broken mod.
[02:38:57] [Server thread/WARN] [FML]: Potentially Dangerous alternative prefix `tconstruct` for name `common/metals/ardite/ardite_nugget`, expected `placebo`. This could be a intended override, but in most cases indicates a broken mod.
[02:38:57] [Server thread/WARN] [FML]: Potentially Dangerous alternative prefix `tconstruct` for name `common/metals/pigiron/pigiron_ingot`, expected `placebo`. This could be a intended override, but in most cases indicates a broken mod.
[02:38:57] [Server thread/WARN] [FML]: Potentially Dangerous alternative prefix `tconstruct` for name `common/metals/pigiron/pigiron_nugget`, expected `placebo`. This could be a intended override, but in most cases indicates a broken mod.
[02:38:57] [Server thread/WARN] [FML]: Potentially Dangerous alternative prefix `tconstruct` for name `common/metals/knightslime/knightslime_ingot`, expected `placebo`. This could be a intended override, but in most cases indicates a broken mod.
[02:38:57] [Server thread/WARN] [FML]: Potentially Dangerous alternative prefix `tconstruct` for name `common/metals/knightslime/knightslime_nugget`, expected `placebo`. This could be a intended override, but in most cases indicates a broken mod.
[02:38:57] [Server thread/WARN] [FML]: Potentially Dangerous alternative prefix `tconstruct` for name `common/metals/cobalt/cobalt_nugget`, expected `placebo`. This could be a intended override, but in most cases indicates a broken mod.
[02:38:57] [Server thread/WARN] [FML]: Potentially Dangerous alternative prefix `tconstruct` for name `common/metals/cobalt/cobalt_ingot`, expected `placebo`. This could be a intended override, but in most cases indicates a broken mod.
[02:38:57] [Server thread/WARN] [FML]: Potentially Dangerous alternative prefix `tconstruct` for name `common/metals/silkyjewel/silky_jewel`, expected `placebo`. This could be a intended override, but in most cases indicates a broken mod.
[02:38:57] [Server thread/WARN] [FML]: Potentially Dangerous alternative prefix `tconstruct` for name `common/metals/alubrass/alubrass_nugget`, expected `placebo`. This could be a intended override, but in most cases indicates a broken mod.
[02:38:57] [Server thread/WARN] [FML]: Potentially Dangerous alternative prefix `tconstruct` for name `common/metals/alubrass/alubrass_ingot`, expected `placebo`. This could be a intended override, but in most cases indicates a broken mod.
[02:38:57] [Server thread/WARN] [FML]: Potentially Dangerous alternative prefix `tconstruct` for name `common/metals/manyullyn/manyullyn_ingot`, expected `placebo`. This could be a intended override, but in most cases indicates a broken mod.
[02:38:57] [Server thread/WARN] [FML]: Potentially Dangerous alternative prefix `tconstruct` for name `common/metals/manyullyn/manyullyn_nugget`, expected `placebo`. This could be a intended override, but in most cases indicates a broken mod.
[02:38:57] [Server thread/WARN] [FML]: Potentially Dangerous alternative prefix `tconstruct` for name `common/firewood/firewood`, expected `placebo`. This could be a intended override, but in most cases indicates a broken mod.
[02:38:57] [Server thread/WARN] [FML]: Potentially Dangerous alternative prefix `tconstruct` for name `common/soil/graveyard_soil`, expected `placebo`. This could be a intended override, but in most cases indicates a broken mod.
[02:38:57] [Server thread/WARN] [FML]: Potentially Dangerous alternative prefix `tconstruct` for name `smeltery/grout`, expected `placebo`. This could be a intended override, but in most cases indicates a broken mod.
[02:38:57] [Server thread/WARN] [FML]: Potentially Dangerous alternative prefix `tconstruct` for name `smeltery/grout_simple`, expected `placebo`. This could be a intended override, but in most cases indicates a broken mod.
[02:38:57] [Server thread/WARN] [FML]: Potentially Dangerous alternative prefix `tconstruct` for name `smeltery/seared/bricks/tile_bricks`, expected `placebo`. This could be a intended override, but in most cases indicates a broken mod.
[02:38:57] [Server thread/WARN] [FML]: Potentially Dangerous alternative prefix `tconstruct` for name `smeltery/seared/bricks/paver_bricks`, expected `placebo`. This could be a intended override, but in most cases indicates a broken mod.
[02:38:57] [Server thread/WARN] [FML]: Potentially Dangerous alternative prefix `tconstruct` for name `smeltery/seared/bricks/paver_bricks_default`, expected `placebo`. This could be a intended override, but in most cases indicates a broken mod.
[02:38:57] [Server thread/WARN] [FML]: Potentially Dangerous alternative prefix `tconstruct` for name `smeltery/seared/bricks/small_bricks`, expected `placebo`. This could be a intended override, but in most cases indicates a broken mod.
[02:38:57] [Server thread/WARN] [FML]: Potentially Dangerous alternative prefix `tconstruct` for name `smeltery/seared/bricks/road_bricks`, expected `placebo`. This could be a intended override, but in most cases indicates a broken mod.
[02:38:57] [Server thread/WARN] [FML]: Potentially Dangerous alternative prefix `tconstruct` for name `smeltery/seared/bricks/square_bricks`, expected `placebo`. This could be a intended override, but in most cases indicates a broken mod.
[02:38:57] [Server thread/WARN] [FML]: Potentially Dangerous alternative prefix `tconstruct` for name `smeltery/seared/bricks/creeper_bricks`, expected `placebo`. This could be a intended override, but in most cases indicates a broken mod.
[02:38:57] [Server thread/WARN] [FML]: Potentially Dangerous alternative prefix `tconstruct` for name `smeltery/seared/bricks/fancy_bricks`, expected `placebo`. This could be a intended override, but in most cases indicates a broken mod.
[02:38:57] [Server thread/WARN] [FML]: Potentially Dangerous alternative prefix `tconstruct` for name `smeltery/seared/bricks/triangle_bricks`, expected `placebo`. This could be a intended override, but in most cases indicates a broken mod.
[02:38:57] [Server thread/WARN] [FML]: Potentially Dangerous alternative prefix `tconstruct` for name `smeltery/seared/bricks/bricks`, expected `placebo`. This could be a intended override, but in most cases indicates a broken mod.
[02:38:57] [Server thread/WARN] [FML]: Potentially Dangerous alternative prefix `tconstruct` for name `tools/table/crafting_station`, expected `placebo`. This could be a intended override, but in most cases indicates a broken mod.
[02:38:57] [Server thread/WARN] [FML]: Potentially Dangerous alternative prefix `tconstruct` for name `tools/mud/slimy_mud_green`, expected `placebo`. This could be a intended override, but in most cases indicates a broken mod.
[02:38:57] [Server thread/WARN] [FML]: Potentially Dangerous alternative prefix `tconstruct` for name `tools/mud/slimy_mud_blue`, expected `placebo`. This could be a intended override, but in most cases indicates a broken mod.
[02:38:57] [Server thread/WARN] [FML]: Potentially Dangerous alternative prefix `tconstruct` for name `tools/mud/slimy_mud_blue_block`, expected `placebo`. This could be a intended override, but in most cases indicates a broken mod.
[02:38:57] [Server thread/WARN] [FML]: Potentially Dangerous alternative prefix `tconstruct` for name `tools/mud/slimy_mud_green_block`, expected `placebo`. This could be a intended override, but in most cases indicates a broken mod.
[02:38:57] [Server thread/WARN] [FML]: Potentially Dangerous alternative prefix `tconstruct` for name `tools/mud/slimy_mud_magma`, expected `placebo`. This could be a intended override, but in most cases indicates a broken mod.
[02:38:57] [Server thread/WARN] [FML]: Potentially Dangerous alternative prefix `tconstruct` for name `tools/book`, expected `placebo`. This could be a intended override, but in most cases indicates a broken mod.
[02:38:57] [Server thread/WARN] [FML]: Potentially Dangerous alternative prefix `bhc` for name `yellow_heart_canister`, expected `placebo`. This could be a intended override, but in most cases indicates a broken mod.
[02:38:57] [Server thread/WARN] [FML]: Potentially Dangerous alternative prefix `bhc` for name `green_heart_canister`, expected `placebo`. This could be a intended override, but in most cases indicates a broken mod.
[02:38:57] [Server thread/WARN] [FML]: Potentially Dangerous alternative prefix `bhc` for name `blue_heart_canister`, expected `placebo`. This could be a intended override, but in most cases indicates a broken mod.
[02:38:57] [Server thread/WARN] [FML]: Potentially Dangerous alternative prefix `bhc` for name `red_heart_canister`, expected `placebo`. This could be a intended override, but in most cases indicates a broken mod.
[02:38:57] [Server thread/WARN] [FML]: Potentially Dangerous alternative prefix `iceandfire` for name `wither_shard`, expected `placebo`. This could be a intended override, but in most cases indicates a broken mod.
[02:38:57] [Server thread/WARN] [FML]: Potentially Dangerous alternative prefix `iceandfire` for name `troll_tusk_bonemeal`, expected `placebo`. This could be a intended override, but in most cases indicates a broken mod.
[02:38:57] [Server thread/WARN] [FML]: Potentially Dangerous alternative prefix `iceandfire` for name `summoning_crystal_lightning_reset`, expected `placebo`. This could be a intended override, but in most cases indicates a broken mod.
[02:38:57] [Server thread/WARN] [FML]: Potentially Dangerous alternative prefix `iceandfire` for name `summoning_crystal_ice_reset`, expected `placebo`. This could be a intended override, but in most cases indicates a broken mod.
[02:38:57] [Server thread/WARN] [FML]: Potentially Dangerous alternative prefix `iceandfire` for name `summoning_crystal_fire_reset`, expected `placebo`. This could be a intended override, but in most cases indicates a broken mod.
[02:38:57] [Server thread/WARN] [FML]: Potentially Dangerous alternative prefix `iceandfire` for name `silver_pile`, expected `placebo`. This could be a intended override, but in most cases indicates a broken mod.
[02:38:57] [Server thread/WARN] [FML]: Potentially Dangerous alternative prefix `iceandfire` for name `silver_ingot_to_nuggets`, expected `placebo`. This could be a intended override, but in most cases indicates a broken mod.
[02:38:57] [Server thread/WARN] [FML]: Potentially Dangerous alternative prefix `iceandfire` for name `silver_ingot`, expected `placebo`. This could be a intended override, but in most cases indicates a broken mod.
[02:38:57] [Server thread/WARN] [FML]: Potentially Dangerous alternative prefix `iceandfire` for name `silver_block_to_ingots`, expected `placebo`. This could be a intended override, but in most cases indicates a broken mod.
[02:38:57] [Server thread/WARN] [FML]: Potentially Dangerous alternative prefix `iceandfire` for name `silver_block`, expected `placebo`. This could be a intended override, but in most cases indicates a broken mod.
[02:38:57] [Server thread/WARN] [FML]: Potentially Dangerous alternative prefix `iceandfire` for name `sea_serpent_scales_teal_pile`, expected `placebo`. This could be a intended override, but in most cases indicates a broken mod.
[02:38:57] [Server thread/WARN] [FML]: Potentially Dangerous alternative prefix `iceandfire` for name `sea_serpent_scales_red_pile`, expected `placebo`. This could be a intended override, but in most cases indicates a broken mod.
[02:38:57] [Server thread/WARN] [FML]: Potentially Dangerous alternative prefix `iceandfire` for name `sea_serpent_scales_purple_pile`, expected `placebo`. This could be a intended override, but in most cases indicates a broken mod.
[02:38:57] [Server thread/WARN] [FML]: Potentially Dangerous alternative prefix `iceandfire` for name `sea_serpent_scales_green_pile`, expected `placebo`. This could be a intended override, but in most cases indicates a broken mod.
[02:38:57] [Server thread/WARN] [FML]: Potentially Dangerous alternative prefix `iceandfire` for name `sea_serpent_scales_deepblue_pile`, expected `placebo`. This could be a intended override, but in most cases indicates a broken mod.
[02:38:57] [Server thread/WARN] [FML]: Potentially Dangerous alternative prefix `iceandfire` for name `sea_serpent_scales_bronze_pile`, expected `placebo`. This could be a intended override, but in most cases indicates a broken mod.
[02:38:57] [Server thread/WARN] [FML]: Potentially Dangerous alternative prefix `iceandfire` for name `sea_serpent_scales_blue_pile`, expected `placebo`. This could be a intended override, but in most cases indicates a broken mod.
[02:38:57] [Server thread/WARN] [FML]: Potentially Dangerous alternative prefix `iceandfire` for name `sapphire_block_to_stones`, expected `placebo`. This could be a intended override, but in most cases indicates a broken mod.
[02:38:57] [Server thread/WARN] [FML]: Potentially Dangerous alternative prefix `iceandfire` for name `sapphire_block`, expected `placebo`. This could be a intended override, but in most cases indicates a broken mod.
[02:38:57] [Server thread/WARN] [FML]: Potentially Dangerous alternative prefix `iceandfire` for name `ruby_block_to_stones`, expected `placebo`. This could be a intended override, but in most cases indicates a broken mod.
[02:38:57] [Server thread/WARN] [FML]: Potentially Dangerous alternative prefix `iceandfire` for name `ruby_block`, expected `placebo`. This could be a intended override, but in most cases indicates a broken mod.
[02:38:57] [Server thread/WARN] [FML]: Potentially Dangerous alternative prefix `iceandfire` for name `myrmex_resin_sticky_jungle`, expected `placebo`. This could be a intended override, but in most cases indicates a broken mod.
[02:38:57] [Server thread/WARN] [FML]: Potentially Dangerous alternative prefix `iceandfire` for name `myrmex_resin_sticky_desert`, expected `placebo`. This could be a intended override, but in most cases indicates a broken mod.
[02:38:57] [Server thread/WARN] [FML]: Potentially Dangerous alternative prefix `iceandfire` for name `lightning_lily_mixture`, expected `placebo`. This could be a intended override, but in most cases indicates a broken mod.
[02:38:57] [Server thread/WARN] [FML]: Potentially Dangerous alternative prefix `iceandfire` for name `gold_pile`, expected `placebo`. This could be a intended override, but in most cases indicates a broken mod.
[02:38:57] [Server thread/WARN] [FML]: Potentially Dangerous alternative prefix `iceandfire` for name `ghost_sword`, expected `placebo`. This could be a intended override, but in most cases indicates a broken mod.
[02:38:57] [Server thread/WARN] [FML]: Potentially Dangerous alternative prefix `iceandfire` for name `frost_lily_mixture`, expected `placebo`. This could be a intended override, but in most cases indicates a broken mod.
[02:38:57] [Server thread/WARN] [FML]: Potentially Dangerous alternative prefix `iceandfire` for name `fire_lily_mixture`, expected `placebo`. This could be a intended override, but in most cases indicates a broken mod.
[02:38:57] [Server thread/WARN] [FML]: Potentially Dangerous alternative prefix `iceandfire` for name `earplugs`, expected `placebo`. This could be a intended override, but in most cases indicates a broken mod.
[02:38:57] [Server thread/WARN] [FML]: Potentially Dangerous alternative prefix `iceandfire` for name `dread_stone_bricks_mossy`, expected `placebo`. This could be a intended override, but in most cases indicates a broken mod.
[02:38:57] [Server thread/WARN] [FML]: Potentially Dangerous alternative prefix `iceandfire` for name `dragonscales_white_pile`, expected `placebo`. This could be a intended override, but in most cases indicates a broken mod.
[02:38:57] [Server thread/WARN] [FML]: Potentially Dangerous alternative prefix `iceandfire` for name `dragonscales_silver_pile`, expected `placebo`. This could be a intended override, but in most cases indicates a broken mod.
[02:38:57] [Server thread/WARN] [FML]: Potentially Dangerous alternative prefix `iceandfire` for name `dragonscales_sapphire_pile`, expected `placebo`. This could be a intended override, but in most cases indicates a broken mod.
[02:38:57] [Server thread/WARN] [FML]: Potentially Dangerous alternative prefix `iceandfire` for name `dragonscales_red_pile`, expected `placebo`. This could be a intended override, but in most cases indicates a broken mod.
[02:38:57] [Server thread/WARN] [FML]: Potentially Dangerous alternative prefix `iceandfire` for name `dragonscales_green_pile`, expected `placebo`. This could be a intended override, but in most cases indicates a broken mod.
[02:38:57] [Server thread/WARN] [FML]: Potentially Dangerous alternative prefix `iceandfire` for name `dragonscales_gray_pile`, expected `placebo`. This could be a intended override, but in most cases indicates a broken mod.
[02:38:57] [Server thread/WARN] [FML]: Potentially Dangerous alternative prefix `iceandfire` for name `dragonscales_electric_pile`, expected `placebo`. This could be a intended override, but in most cases indicates a broken mod.
[02:38:57] [Server thread/WARN] [FML]: Potentially Dangerous alternative prefix `iceandfire` for name `dragonscales_copper_pile`, expected `placebo`. This could be a intended override, but in most cases indicates a broken mod.
[02:38:57] [Server thread/WARN] [FML]: Potentially Dangerous alternative prefix `iceandfire` for name `dragonscales_bronze_pile`, expected `placebo`. This could be a intended override, but in most cases indicates a broken mod.
[02:38:57] [Server thread/WARN] [FML]: Potentially Dangerous alternative prefix `iceandfire` for name `dragonscales_blue_pile`, expected `placebo`. This could be a intended override, but in most cases indicates a broken mod.
[02:38:57] [Server thread/WARN] [FML]: Potentially Dangerous alternative prefix `iceandfire` for name `dragonscales_black_pile`, expected `placebo`. This could be a intended override, but in most cases indicates a broken mod.
[02:38:57] [Server thread/WARN] [FML]: Potentially Dangerous alternative prefix `iceandfire` for name `dragonscales_amethyst_pile`, expected `placebo`. This could be a intended override, but in most cases indicates a broken mod.
[02:38:57] [Server thread/WARN] [FML]: Potentially Dangerous alternative prefix `iceandfire` for name `dragonbone_from_block`, expected `placebo`. This could be a intended override, but in most cases indicates a broken mod.
[02:38:57] [Server thread/WARN] [FML]: Potentially Dangerous alternative prefix `iceandfire` for name `dragonbone_arrow`, expected `placebo`. This could be a intended override, but in most cases indicates a broken mod.
[02:38:57] [Server thread/WARN] [FML]: Potentially Dangerous alternative prefix `iceandfire` for name `copper_pile`, expected `placebo`. This could be a intended override, but in most cases indicates a broken mod.
[02:38:57] [Server thread/WARN] [FML]: Potentially Dangerous alternative prefix `iceandfire` for name `copper_ingot_to_nuggets`, expected `placebo`. This could be a intended override, but in most cases indicates a broken mod.
[02:38:57] [Server thread/WARN] [FML]: Potentially Dangerous alternative prefix `iceandfire` for name `copper_ingot`, expected `placebo`. This could be a intended override, but in most cases indicates a broken mod.
[02:38:57] [Server thread/WARN] [FML]: Potentially Dangerous alternative prefix `iceandfire` for name `copper_block_to_ingots`, expected `placebo`. This could be a intended override, but in most cases indicates a broken mod.
[02:38:57] [Server thread/WARN] [FML]: Potentially Dangerous alternative prefix `iceandfire` for name `copper_block`, expected `placebo`. This could be a intended override, but in most cases indicates a broken mod.
[02:38:57] [Server thread/WARN] [FML]: Potentially Dangerous alternative prefix `iceandfire` for name `bronze_alloy`, expected `placebo`. This could be a intended override, but in most cases indicates a broken mod.
[02:38:57] [Server thread/WARN] [FML]: Potentially Dangerous alternative prefix `iceandfire` for name `bestiary`, expected `placebo`. This could be a intended override, but in most cases indicates a broken mod.
[02:38:57] [Server thread/WARN] [FML]: Potentially Dangerous alternative prefix `iceandfire` for name `amethyst_block_to_gems`, expected `placebo`. This could be a intended override, but in most cases indicates a broken mod.
[02:38:57] [Server thread/WARN] [FML]: Potentially Dangerous alternative prefix `iceandfire` for name `amethyst_block`, expected `placebo`. This could be a intended override, but in most cases indicates a broken mod.
[02:38:57] [Server thread/WARN] [FML]: Potentially Dangerous alternative prefix `iceandfire` for name `ambrosia`, expected `placebo`. This could be a intended override, but in most cases indicates a broken mod.
[02:38:57] [Server thread/WARN] [FML]: Potentially Dangerous alternative prefix `mujmajnkraftsbettersurvival` for name `lightning_dragon_bone_spear`, expected `placebo`. This could be a intended override, but in most cases indicates a broken mod.
[02:38:57] [Server thread/WARN] [FML]: Potentially Dangerous alternative prefix `mujmajnkraftsbettersurvival` for name `lightning_dragon_bone_nunchaku`, expected `placebo`. This could be a intended override, but in most cases indicates a broken mod.
[02:38:57] [Server thread/WARN] [FML]: Potentially Dangerous alternative prefix `mujmajnkraftsbettersurvival` for name `lightning_dragon_bone_hammer`, expected `placebo`. This could be a intended override, but in most cases indicates a broken mod.
[02:38:57] [Server thread/WARN] [FML]: Potentially Dangerous alternative prefix `mujmajnkraftsbettersurvival` for name `lightning_dragon_bone_dagger`, expected `placebo`. This could be a intended override, but in most cases indicates a broken mod.
[02:38:57] [Server thread/WARN] [FML]: Potentially Dangerous alternative prefix `mujmajnkraftsbettersurvival` for name `lightning_dragon_bone_battleaxe`, expected `placebo`. This could be a intended override, but in most cases indicates a broken mod.
[02:38:57] [Server thread/WARN] [FML]: Potentially Dangerous alternative prefix `mujmajnkraftsbettersurvival` for name `ice_dragon_bone_spear`, expected `placebo`. This could be a intended override, but in most cases indicates a broken mod.
[02:38:57] [Server thread/WARN] [FML]: Potentially Dangerous alternative prefix `mujmajnkraftsbettersurvival` for name `ice_dragon_bone_nunchaku`, expected `placebo`. This could be a intended override, but in most cases indicates a broken mod.
[02:38:57] [Server thread/WARN] [FML]: Potentially Dangerous alternative prefix `mujmajnkraftsbettersurvival` for name `ice_dragon_bone_hammer`, expected `placebo`. This could be a intended override, but in most cases indicates a broken mod.
[02:38:57] [Server thread/WARN] [FML]: Potentially Dangerous alternative prefix `mujmajnkraftsbettersurvival` for name `ice_dragon_bone_dagger`, expected `placebo`. This could be a intended override, but in most cases indicates a broken mod.
[02:38:57] [Server thread/WARN] [FML]: Potentially Dangerous alternative prefix `mujmajnkraftsbettersurvival` for name `ice_dragon_bone_battleaxe`, expected `placebo`. This could be a intended override, but in most cases indicates a broken mod.
[02:38:57] [Server thread/WARN] [FML]: Potentially Dangerous alternative prefix `mujmajnkraftsbettersurvival` for name `fire_dragon_bone_spear`, expected `placebo`. This could be a intended override, but in most cases indicates a broken mod.
[02:38:57] [Server thread/WARN] [FML]: Potentially Dangerous alternative prefix `mujmajnkraftsbettersurvival` for name `fire_dragon_bone_nunchaku`, expected `placebo`. This could be a intended override, but in most cases indicates a broken mod.
[02:38:57] [Server thread/WARN] [FML]: Potentially Dangerous alternative prefix `mujmajnkraftsbettersurvival` for name `fire_dragon_bone_hammer`, expected `placebo`. This could be a intended override, but in most cases indicates a broken mod.
[02:38:57] [Server thread/WARN] [FML]: Potentially Dangerous alternative prefix `mujmajnkraftsbettersurvival` for name `fire_dragon_bone_dagger`, expected `placebo`. This could be a intended override, but in most cases indicates a broken mod.
[02:38:57] [Server thread/WARN] [FML]: Potentially Dangerous alternative prefix `mujmajnkraftsbettersurvival` for name `fire_dragon_bone_battleaxe`, expected `placebo`. This could be a intended override, but in most cases indicates a broken mod.
[02:38:57] [Server thread/WARN] [FML]: Potentially Dangerous alternative prefix `conarm` for name `travel_potion`, expected `placebo`. This could be a intended override, but in most cases indicates a broken mod.
[02:38:57] [Server thread/WARN] [FML]: Potentially Dangerous alternative prefix `conarm` for name `invisible_ink`, expected `placebo`. This could be a intended override, but in most cases indicates a broken mod.
[02:38:57] [Server thread/WARN] [FML]: Potentially Dangerous alternative prefix `conarm` for name `book`, expected `placebo`. This could be a intended override, but in most cases indicates a broken mod.
[02:38:57] [Server thread/WARN] [FML]: Potentially Dangerous alternative prefix `fltpot` for name `magic_ingot`, expected `placebo`. This could be a intended override, but in most cases indicates a broken mod.
[02:38:57] [Server thread/WARN] [FML]: Potentially Dangerous alternative prefix `futuremc` for name `wood/planks_from_stripped_spruce_log`, expected `placebo`. This could be a intended override, but in most cases indicates a broken mod.
[02:38:57] [Server thread/WARN] [FML]: Potentially Dangerous alternative prefix `futuremc` for name `wood/planks_from_stripped_oak_log`, expected `placebo`. This could be a intended override, but in most cases indicates a broken mod.
[02:38:57] [Server thread/WARN] [FML]: Potentially Dangerous alternative prefix `futuremc` for name `wood/planks_from_stripped_jungle_log`, expected `placebo`. This could be a intended override, but in most cases indicates a broken mod.
[02:38:57] [Server thread/WARN] [FML]: Potentially Dangerous alternative prefix `futuremc` for name `wood/planks_from_stripped_dark_oak_log`, expected `placebo`. This could be a intended override, but in most cases indicates a broken mod.
[02:38:57] [Server thread/WARN] [FML]: Potentially Dangerous alternative prefix `futuremc` for name `wood/planks_from_stripped_birch_log`, expected `placebo`. This could be a intended override, but in most cases indicates a broken mod.
[02:38:57] [Server thread/WARN] [FML]: Potentially Dangerous alternative prefix `futuremc` for name `wood/planks_from_stripped_acacia_log`, expected `placebo`. This could be a intended override, but in most cases indicates a broken mod.
[02:38:57] [Server thread/WARN] [FML]: Potentially Dangerous alternative prefix `futuremc` for name `else/sugar_from_honey_bottle`, expected `placebo`. This could be a intended override, but in most cases indicates a broken mod.
[02:38:57] [Server thread/WARN] [FML]: Potentially Dangerous alternative prefix `futuremc` for name `else/netherite_ingot_from_block`, expected `placebo`. This could be a intended override, but in most cases indicates a broken mod.
[02:38:57] [Server thread/WARN] [FML]: Potentially Dangerous alternative prefix `futuremc` for name `dye/white_dye_from_lily_of_the_valley`, expected `placebo`. This could be a intended override, but in most cases indicates a broken mod.
[02:38:57] [Server thread/WARN] [FML]: Potentially Dangerous alternative prefix `futuremc` for name `dye/white_dye_from_bonemeal`, expected `placebo`. This could be a intended override, but in most cases indicates a broken mod.
[02:38:57] [Server thread/WARN] [FML]: Potentially Dangerous alternative prefix `futuremc` for name `dye/brown_dye_from_cocoa_beans`, expected `placebo`. This could be a intended override, but in most cases indicates a broken mod.
[02:38:57] [Server thread/WARN] [FML]: Potentially Dangerous alternative prefix `futuremc` for name `dye/blue_dye_from_lapis_lazuli`, expected `placebo`. This could be a intended override, but in most cases indicates a broken mod.
[02:38:57] [Server thread/WARN] [FML]: Potentially Dangerous alternative prefix `futuremc` for name `dye/blue_dye_from_cornflower`, expected `placebo`. This could be a intended override, but in most cases indicates a broken mod.
[02:38:57] [Server thread/WARN] [FML]: Potentially Dangerous alternative prefix `futuremc` for name `dye/black_dye_from_wither_rose`, expected `placebo`. This could be a intended override, but in most cases indicates a broken mod.
[02:38:57] [Server thread/WARN] [FML]: Potentially Dangerous alternative prefix `futuremc` for name `dye/black_dye_from_ink_sac`, expected `placebo`. This could be a intended override, but in most cases indicates a broken mod.
[02:38:57] [Server thread/WARN] [FML]: Potentially Dangerous alternative prefix `hammercore` for name `manual`, expected `placebo`. This could be a intended override, but in most cases indicates a broken mod.
[02:38:57] [Server thread/WARN] [FML]: Potentially Dangerous alternative prefix `nocubessrparmory` for name `recipe_rupter_bomb`, expected `placebo`. This could be a intended override, but in most cases indicates a broken mod.
[02:38:57] [Server thread/WARN] [FML]: Potentially Dangerous alternative prefix `nocubessrpsurvival` for name `recipe_vertebra_soup`, expected `placebo`. This could be a intended override, but in most cases indicates a broken mod.
[02:38:57] [Server thread/WARN] [FML]: Potentially Dangerous alternative prefix `nocubessrpsurvival` for name `recipe_toxic_stew`, expected `placebo`. This could be a intended override, but in most cases indicates a broken mod.
[02:38:57] [Server thread/WARN] [FML]: Potentially Dangerous alternative prefix `nocubessrpsurvival` for name `recipe_roasted_lumps`, expected `placebo`. This could be a intended override, but in most cases indicates a broken mod.
[02:38:57] [Server thread/WARN] [FML]: Potentially Dangerous alternative prefix `nocubessrpsurvival` for name `recipe_reeking_ribs`, expected `placebo`. This could be a intended override, but in most cases indicates a broken mod.
[02:38:57] [Server thread/WARN] [FML]: Potentially Dangerous alternative prefix `nocubessrpsurvival` for name `recipe_parasitic_stone_brick_mossy`, expected `placebo`. This could be a intended override, but in most cases indicates a broken mod.
[02:38:57] [Server thread/WARN] [FML]: Potentially Dangerous alternative prefix `nocubessrpsurvival` for name `recipe_moldered_pie`, expected `placebo`. This could be a intended override, but in most cases indicates a broken mod.
[02:38:57] [Server thread/WARN] [FML]: Potentially Dangerous alternative prefix `nocubessrpsurvival` for name `recipe_infested_stone_brick_mossy`, expected `placebo`. This could be a intended override, but in most cases indicates a broken mod.
[02:38:57] [Server thread/WARN] [FML]: Potentially Dangerous alternative prefix `nocubessrpsurvival` for name `recipe_cooked_tendons`, expected `placebo`. This could be a intended override, but in most cases indicates a broken mod.
[02:38:57] [Server thread/WARN] [FML]: Potentially Dangerous alternative prefix `nocubessrpsurvival` for name `recipe_cooked_parasite_heart`, expected `placebo`. This could be a intended override, but in most cases indicates a broken mod.
[02:38:57] [Server thread/WARN] [FML]: Potentially Dangerous alternative prefix `nocubessrpsurvival` for name `recipe_cooked_brain`, expected `placebo`. This could be a intended override, but in most cases indicates a broken mod.
[02:38:57] [Server thread/WARN] [FML]: Potentially Dangerous alternative prefix `nocubessrpsurvival` for name `recipe_assimilated_soup`, expected `placebo`. This could be a intended override, but in most cases indicates a broken mod.
[02:38:57] [Server thread/WARN] [FML]: Potentially Dangerous alternative prefix `artifacts` for name `ultimate_pendant`, expected `placebo`. This could be a intended override, but in most cases indicates a broken mod.
[02:38:57] [Server thread/WARN] [FML]: Potentially Dangerous alternative prefix `artifacts` for name `mechanical_glove`, expected `placebo`. This could be a intended override, but in most cases indicates a broken mod.
[02:38:57] [Server thread/WARN] [FML]: Potentially Dangerous alternative prefix `artifacts` for name `fire_gauntlet`, expected `placebo`. This could be a intended override, but in most cases indicates a broken mod.
[02:38:57] [Server thread/WARN] [FML]: Potentially Dangerous alternative prefix `artifacts` for name `bottled_fart`, expected `placebo`. This could be a intended override, but in most cases indicates a broken mod.
[02:38:57] [Server thread/WARN] [FML]: Potentially Dangerous alternative prefix `scalinghealth` for name `heart_dust`, expected `placebo`. This could be a intended override, but in most cases indicates a broken mod.
[02:38:57] [Server thread/WARN] [FML]: Potentially Dangerous alternative prefix `simpledifficulty` for name `potion_filter`, expected `placebo`. This could be a intended override, but in most cases indicates a broken mod.
[02:38:57] [Server thread/WARN] [FML]: Potentially Dangerous alternative prefix `simpledifficulty` for name `juice_pumpkin`, expected `placebo`. This could be a intended override, but in most cases indicates a broken mod.
[02:38:57] [Server thread/WARN] [FML]: Potentially Dangerous alternative prefix `simpledifficulty` for name `juice_melon`, expected `placebo`. This could be a intended override, but in most cases indicates a broken mod.
[02:38:57] [Server thread/WARN] [FML]: Potentially Dangerous alternative prefix `simpledifficulty` for name `juice_golden_melon`, expected `placebo`. This could be a intended override, but in most cases indicates a broken mod.
[02:38:57] [Server thread/WARN] [FML]: Potentially Dangerous alternative prefix `simpledifficulty` for name `juice_golden_carrot`, expected `placebo`. This could be a intended override, but in most cases indicates a broken mod.
[02:38:57] [Server thread/WARN] [FML]: Potentially Dangerous alternative prefix `simpledifficulty` for name `juice_golden_apple`, expected `placebo`. This could be a intended override, but in most cases indicates a broken mod.
[02:38:57] [Server thread/WARN] [FML]: Potentially Dangerous alternative prefix `simpledifficulty` for name `juice_chorus_fruit`, expected `placebo`. This could be a intended override, but in most cases indicates a broken mod.
[02:38:57] [Server thread/WARN] [FML]: Potentially Dangerous alternative prefix `simpledifficulty` for name `juice_carrot`, expected `placebo`. This could be a intended override, but in most cases indicates a broken mod.
[02:38:57] [Server thread/WARN] [FML]: Potentially Dangerous alternative prefix `simpledifficulty` for name `juice_cactus`, expected `placebo`. This could be a intended override, but in most cases indicates a broken mod.
[02:38:57] [Server thread/WARN] [FML]: Potentially Dangerous alternative prefix `simpledifficulty` for name `juice_beetroot`, expected `placebo`. This could be a intended override, but in most cases indicates a broken mod.
[02:38:57] [Server thread/WARN] [FML]: Potentially Dangerous alternative prefix `simpledifficulty` for name `juice_apple`, expected `placebo`. This could be a intended override, but in most cases indicates a broken mod.
[02:38:57] [Server thread/WARN] [FML]: Potentially Dangerous alternative prefix `simpledifficulty` for name `iron_canteen_dumped`, expected `placebo`. This could be a intended override, but in most cases indicates a broken mod.
[02:38:57] [Server thread/WARN] [FML]: Potentially Dangerous alternative prefix `simpledifficulty` for name `canteen_dumped`, expected `placebo`. This could be a intended override, but in most cases indicates a broken mod.
[02:38:57] [Server thread/WARN] [FML]: Potentially Dangerous alternative prefix `xat` for name `mana_reagent`, expected `placebo`. This could be a intended override, but in most cases indicates a broken mod.
[02:38:57] [Server thread/WARN] [FML]: Potentially Dangerous alternative prefix `spartanweaponry` for name `handle_wool`, expected `placebo`. This could be a intended override, but in most cases indicates a broken mod.
[02:38:57] [Server thread/WARN] [FML]: Potentially Dangerous alternative prefix `spartanweaponry` for name `handle_leather`, expected `placebo`. This could be a intended override, but in most cases indicates a broken mod.
[02:38:57] [Server thread/WARN] [FML]: Potentially Dangerous alternative prefix `spartanweaponry` for name `bolt_spectral`, expected `placebo`. This could be a intended override, but in most cases indicates a broken mod.
[02:38:57] [Server thread/WARN] [FML]: Potentially Dangerous alternative prefix `spartanweaponry` for name `arrow_explosive`, expected `placebo`. This could be a intended override, but in most cases indicates a broken mod.
[02:38:57] [Server thread/WARN] [FML]: Potentially Dangerous alternative prefix `spartanfire` for name `witherbone_pole`, expected `placebo`. This could be a intended override, but in most cases indicates a broken mod.
[02:38:57] [Server thread/WARN] [FML]: Potentially Dangerous alternative prefix `spartanfire` for name `witherbone_handle`, expected `placebo`. This could be a intended override, but in most cases indicates a broken mod.
[02:38:57] [Server thread/WARN] [FML]: Potentially Dangerous alternative prefix `spartanfire` for name `warhammer_lightning_dragonbone`, expected `placebo`. This could be a intended override, but in most cases indicates a broken mod.
[02:38:57] [Server thread/WARN] [FML]: Potentially Dangerous alternative prefix `spartanfire` for name `warhammer_ice_dragonbone`, expected `placebo`. This could be a intended override, but in most cases indicates a broken mod.
[02:38:57] [Server thread/WARN] [FML]: Potentially Dangerous alternative prefix `spartanfire` for name `warhammer_fire_dragonbone`, expected `placebo`. This could be a intended override, but in most cases indicates a broken mod.
[02:38:57] [Server thread/WARN] [FML]: Potentially Dangerous alternative prefix `spartanfire` for name `staff_lightning_dragonbone`, expected `placebo`. This could be a intended override, but in most cases indicates a broken mod.
[02:38:57] [Server thread/WARN] [FML]: Potentially Dangerous alternative prefix `spartanfire` for name `staff_jungle_venom`, expected `placebo`. This could be a intended override, but in most cases indicates a broken mod.
[02:38:57] [Server thread/WARN] [FML]: Potentially Dangerous alternative prefix `spartanfire` for name `staff_ice_dragonbone`, expected `placebo`. This could be a intended override, but in most cases indicates a broken mod.
[02:38:57] [Server thread/WARN] [FML]: Potentially Dangerous alternative prefix `spartanfire` for name `staff_fire_dragonbone`, expected `placebo`. This could be a intended override, but in most cases indicates a broken mod.
[02:38:57] [Server thread/WARN] [FML]: Potentially Dangerous alternative prefix `spartanfire` for name `staff_desert_venom`, expected `placebo`. This could be a intended override, but in most cases indicates a broken mod.
[02:38:57] [Server thread/WARN] [FML]: Potentially Dangerous alternative prefix `spartanfire` for name `spear_lightning_dragonbone`, expected `placebo`. This could be a intended override, but in most cases indicates a broken mod.
[02:38:57] [Server thread/WARN] [FML]: Potentially Dangerous alternative prefix `spartanfire` for name `spear_jungle_venom`, expected `placebo`. This could be a intended override, but in most cases indicates a broken mod.
[02:38:57] [Server thread/WARN] [FML]: Potentially Dangerous alternative prefix `spartanfire` for name `spear_ice_dragonbone`, expected `placebo`. This could be a intended override, but in most cases indicates a broken mod.
[02:38:57] [Server thread/WARN] [FML]: Potentially Dangerous alternative prefix `spartanfire` for name `spear_fire_dragonbone`, expected `placebo`. This could be a intended override, but in most cases indicates a broken mod.
[02:38:57] [Server thread/WARN] [FML]: Potentially Dangerous alternative prefix `spartanfire` for name `spear_desert_venom`, expected `placebo`. This could be a intended override, but in most cases indicates a broken mod.
[02:38:57] [Server thread/WARN] [FML]: Potentially Dangerous alternative prefix `spartanfire` for name `scythe_lightning_dragonbone`, expected `placebo`. This could be a intended override, but in most cases indicates a broken mod.
[02:38:57] [Server thread/WARN] [FML]: Potentially Dangerous alternative prefix `spartanfire` for name `scythe_ice_dragonbone`, expected `placebo`. This could be a intended override, but in most cases indicates a broken mod.
[02:38:57] [Server thread/WARN] [FML]: Potentially Dangerous alternative prefix `spartanfire` for name `scythe_fire_dragonbone`, expected `placebo`. This could be a intended override, but in most cases indicates a broken mod.
[02:38:57] [Server thread/WARN] [FML]: Potentially Dangerous alternative prefix `spartanfire` for name `saber_lightning_dragonbone`, expected `placebo`. This could be a intended override, but in most cases indicates a broken mod.
[02:38:57] [Server thread/WARN] [FML]: Potentially Dangerous alternative prefix `spartanfire` for name `saber_ice_dragonbone`, expected `placebo`. This could be a intended override, but in most cases indicates a broken mod.
[02:38:57] [Server thread/WARN] [FML]: Potentially Dangerous alternative prefix `spartanfire` for name `saber_fire_dragonbone`, expected `placebo`. This could be a intended override, but in most cases indicates a broken mod.
[02:38:57] [Server thread/WARN] [FML]: Potentially Dangerous alternative prefix `spartanfire` for name `rapier_lightning_dragonbone`, expected `placebo`. This could be a intended override, but in most cases indicates a broken mod.
[02:38:57] [Server thread/WARN] [FML]: Potentially Dangerous alternative prefix `spartanfire` for name `rapier_ice_dragonbone`, expected `placebo`. This could be a intended override, but in most cases indicates a broken mod.
[02:38:57] [Server thread/WARN] [FML]: Potentially Dangerous alternative prefix `spartanfire` for name `rapier_fire_dragonbone`, expected `placebo`. This could be a intended override, but in most cases indicates a broken mod.
[02:38:57] [Server thread/WARN] [FML]: Potentially Dangerous alternative prefix `spartanfire` for name `pike_lightning_dragonbone`, expected `placebo`. This could be a intended override, but in most cases indicates a broken mod.
[02:38:57] [Server thread/WARN] [FML]: Potentially Dangerous alternative prefix `spartanfire` for name `pike_jungle_venom`, expected `placebo`. This could be a intended override, but in most cases indicates a broken mod.
[02:38:57] [Server thread/WARN] [FML]: Potentially Dangerous alternative prefix `spartanfire` for name `pike_ice_dragonbone`, expected `placebo`. This could be a intended override, but in most cases indicates a broken mod.
[02:38:57] [Server thread/WARN] [FML]: Potentially Dangerous alternative prefix `spartanfire` for name `pike_fire_dragonbone`, expected `placebo`. This could be a intended override, but in most cases indicates a broken mod.
[02:38:57] [Server thread/WARN] [FML]: Potentially Dangerous alternative prefix `spartanfire` for name `pike_desert_venom`, expected `placebo`. This could be a intended override, but in most cases indicates a broken mod.
[02:38:57] [Server thread/WARN] [FML]: Potentially Dangerous alternative prefix `spartanfire` for name `mace_lightning_dragonbone`, expected `placebo`. This could be a intended override, but in most cases indicates a broken mod.
[02:38:57] [Server thread/WARN] [FML]: Potentially Dangerous alternative prefix `spartanfire` for name `mace_ice_dragonbone`, expected `placebo`. This could be a intended override, but in most cases indicates a broken mod.
[02:38:57] [Server thread/WARN] [FML]: Potentially Dangerous alternative prefix `spartanfire` for name `mace_fire_dragonbone`, expected `placebo`. This could be a intended override, but in most cases indicates a broken mod.
[02:38:57] [Server thread/WARN] [FML]: Potentially Dangerous alternative prefix `spartanfire` for name `longsword_lightning_dragonbone`, expected `placebo`. This could be a intended override, but in most cases indicates a broken mod.
[02:38:57] [Server thread/WARN] [FML]: Potentially Dangerous alternative prefix `spartanfire` for name `longsword_ice_dragonbone`, expected `placebo`. This could be a intended override, but in most cases indicates a broken mod.
[02:38:57] [Server thread/WARN] [FML]: Potentially Dangerous alternative prefix `spartanfire` for name `longsword_fire_dragonbone`, expected `placebo`. This could be a intended override, but in most cases indicates a broken mod.
[02:38:57] [Server thread/WARN] [FML]: Potentially Dangerous alternative prefix `spartanfire` for name `longbow_lightning_dragonbone`, expected `placebo`. This could be a intended override, but in most cases indicates a broken mod.
[02:38:57] [Server thread/WARN] [FML]: Potentially Dangerous alternative prefix `spartanfire` for name `longbow_ice_dragonbone`, expected `placebo`. This could be a intended override, but in most cases indicates a broken mod.
[02:38:57] [Server thread/WARN] [FML]: Potentially Dangerous alternative prefix `spartanfire` for name `longbow_fire_dragonbone`, expected `placebo`. This could be a intended override, but in most cases indicates a broken mod.
[02:38:57] [Server thread/WARN] [FML]: Potentially Dangerous alternative prefix `spartanfire` for name `lance_lightning_dragonbone`, expected `placebo`. This could be a intended override, but in most cases indicates a broken mod.
[02:38:57] [Server thread/WARN] [FML]: Potentially Dangerous alternative prefix `spartanfire` for name `lance_jungle_venom`, expected `placebo`. This could be a intended override, but in most cases indicates a broken mod.
[02:38:57] [Server thread/WARN] [FML]: Potentially Dangerous alternative prefix `spartanfire` for name `lance_ice_dragonbone`, expected `placebo`. This could be a intended override, but in most cases indicates a broken mod.
[02:38:57] [Server thread/WARN] [FML]: Potentially Dangerous alternative prefix `spartanfire` for name `lance_fire_dragonbone`, expected `placebo`. This could be a intended override, but in most cases indicates a broken mod.
[02:38:57] [Server thread/WARN] [FML]: Potentially Dangerous alternative prefix `spartanfire` for name `lance_desert_venom`, expected `placebo`. This could be a intended override, but in most cases indicates a broken mod.
[02:38:57] [Server thread/WARN] [FML]: Potentially Dangerous alternative prefix `spartanfire` for name `katana_lightning_dragonbone`, expected `placebo`. This could be a intended override, but in most cases indicates a broken mod.
[02:38:57] [Server thread/WARN] [FML]: Potentially Dangerous alternative prefix `spartanfire` for name `katana_ice_dragonbone`, expected `placebo`. This could be a intended override, but in most cases indicates a broken mod.
[02:38:57] [Server thread/WARN] [FML]: Potentially Dangerous alternative prefix `spartanfire` for name `katana_fire_dragonbone`, expected `placebo`. This could be a intended override, but in most cases indicates a broken mod.
[02:38:57] [Server thread/WARN] [FML]: Potentially Dangerous alternative prefix `spartanfire` for name `hammer_lightning_dragonbone`, expected `placebo`. This could be a intended override, but in most cases indicates a broken mod.
[02:38:57] [Server thread/WARN] [FML]: Potentially Dangerous alternative prefix `spartanfire` for name `hammer_ice_dragonbone`, expected `placebo`. This could be a intended override, but in most cases indicates a broken mod.
[02:38:57] [Server thread/WARN] [FML]: Potentially Dangerous alternative prefix `spartanfire` for name `hammer_fire_dragonbone`, expected `placebo`. This could be a intended override, but in most cases indicates a broken mod.
[02:38:57] [Server thread/WARN] [FML]: Potentially Dangerous alternative prefix `spartanfire` for name `halberd_lightning_dragonbone`, expected `placebo`. This could be a intended override, but in most cases indicates a broken mod.
[02:38:57] [Server thread/WARN] [FML]: Potentially Dangerous alternative prefix `spartanfire` for name `halberd_ice_dragonbone`, expected `placebo`. This could be a intended override, but in most cases indicates a broken mod.
[02:38:57] [Server thread/WARN] [FML]: Potentially Dangerous alternative prefix `spartanfire` for name `halberd_fire_dragonbone`, expected `placebo`. This could be a intended override, but in most cases indicates a broken mod.
[02:38:57] [Server thread/WARN] [FML]: Potentially Dangerous alternative prefix `spartanfire` for name `greatsword_lightning_dragonbone`, expected `placebo`. This could be a intended override, but in most cases indicates a broken mod.
[02:38:57] [Server thread/WARN] [FML]: Potentially Dangerous alternative prefix `spartanfire` for name `greatsword_ice_dragonbone`, expected `placebo`. This could be a intended override, but in most cases indicates a broken mod.
[02:38:57] [Server thread/WARN] [FML]: Potentially Dangerous alternative prefix `spartanfire` for name `greatsword_fire_dragonbone`, expected `placebo`. This could be a intended override, but in most cases indicates a broken mod.
[02:38:57] [Server thread/WARN] [FML]: Potentially Dangerous alternative prefix `spartanfire` for name `glaive_lightning_dragonbone`, expected `placebo`. This could be a intended override, but in most cases indicates a broken mod.
[02:38:57] [Server thread/WARN] [FML]: Potentially Dangerous alternative prefix `spartanfire` for name `glaive_ice_dragonbone`, expected `placebo`. This could be a intended override, but in most cases indicates a broken mod.
[02:38:57] [Server thread/WARN] [FML]: Potentially Dangerous alternative prefix `spartanfire` for name `glaive_fire_dragonbone`, expected `placebo`. This could be a intended override, but in most cases indicates a broken mod.
[02:38:57] [Server thread/WARN] [FML]: Potentially Dangerous alternative prefix `spartanfire` for name `dagger_lightning_dragonbone`, expected `placebo`. This could be a intended override, but in most cases indicates a broken mod.
[02:38:57] [Server thread/WARN] [FML]: Potentially Dangerous alternative prefix `spartanfire` for name `dagger_jungle_venom`, expected `placebo`. This could be a intended override, but in most cases indicates a broken mod.
[02:38:57] [Server thread/WARN] [FML]: Potentially Dangerous alternative prefix `spartanfire` for name `dagger_ice_dragonbone`, expected `placebo`. This could be a intended override, but in most cases indicates a broken mod.
[02:38:57] [Server thread/WARN] [FML]: Potentially Dangerous alternative prefix `spartanfire` for name `dagger_fire_dragonbone`, expected `placebo`. This could be a intended override, but in most cases indicates a broken mod.
[02:38:57] [Server thread/WARN] [FML]: Potentially Dangerous alternative prefix `spartanfire` for name `dagger_desert_venom`, expected `placebo`. This could be a intended override, but in most cases indicates a broken mod.
[02:38:57] [Server thread/WARN] [FML]: Potentially Dangerous alternative prefix `spartanfire` for name `crossbow_lightning_dragonbone`, expected `placebo`. This could be a intended override, but in most cases indicates a broken mod.
[02:38:57] [Server thread/WARN] [FML]: Potentially Dangerous alternative prefix `spartanfire` for name `crossbow_ice_dragonbone`, expected `placebo`. This could be a intended override, but in most cases indicates a broken mod.
[02:38:57] [Server thread/WARN] [FML]: Potentially Dangerous alternative prefix `spartanfire` for name `crossbow_fire_dragonbone`, expected `placebo`. This could be a intended override, but in most cases indicates a broken mod.
[02:38:57] [Server thread/WARN] [FML]: Potentially Dangerous alternative prefix `spartanfire` for name `battleaxe_lightning_dragonbone`, expected `placebo`. This could be a intended override, but in most cases indicates a broken mod.
[02:38:57] [Server thread/WARN] [FML]: Potentially Dangerous alternative prefix `spartanfire` for name `battleaxe_ice_dragonbone`, expected `placebo`. This could be a intended override, but in most cases indicates a broken mod.
[02:38:57] [Server thread/WARN] [FML]: Potentially Dangerous alternative prefix `spartanfire` for name `battleaxe_fire_dragonbone`, expected `placebo`. This could be a intended override, but in most cases indicates a broken mod.
[02:38:57] [Server thread/WARN] [FML]: Potentially Dangerous alternative prefix `srparasites` for name `srp_field_guide`, expected `placebo`. This could be a intended override, but in most cases indicates a broken mod.
[02:38:57] [Server thread/WARN] [FML]: Potentially Dangerous alternative prefix `srparasites` for name `solid_alveoli_block`, expected `placebo`. This could be a intended override, but in most cases indicates a broken mod.
[02:38:57] [Server thread/WARN] [FML]: Potentially Dangerous alternative prefix `srparasites` for name `semiorganic_block_undo`, expected `placebo`. This could be a intended override, but in most cases indicates a broken mod.
[02:38:57] [Server thread/WARN] [FML]: Potentially Dangerous alternative prefix `srparasites` for name `parasitestain_from_parasitetrunk_2`, expected `placebo`. This could be a intended override, but in most cases indicates a broken mod.
[02:38:57] [Server thread/WARN] [FML]: Potentially Dangerous alternative prefix `srparasites` for name `parasiteplank_from_parasitetrunk_variant4`, expected `placebo`. This could be a intended override, but in most cases indicates a broken mod.
[02:38:57] [Server thread/WARN] [FML]: Potentially Dangerous alternative prefix `srparasites` for name `infested_trunk_to_planks`, expected `placebo`. This could be a intended override, but in most cases indicates a broken mod.
[02:38:57] [Server thread/WARN] [FML]: Potentially Dangerous alternative prefix `srparasites` for name `infested_terracotta_from_clay`, expected `placebo`. This could be a intended override, but in most cases indicates a broken mod.
[02:38:57] [Server thread/WARN] [FML]: Potentially Dangerous alternative prefix `srparasites` for name `infested_bonemeal_from_srp_bone`, expected `placebo`. This could be a intended override, but in most cases indicates a broken mod.
[02:38:57] [Server thread/WARN] [FML]: Potentially Dangerous alternative prefix `srparasites` for name `infested_bonemeal_from_hardened_bone_handle`, expected `placebo`. This could be a intended override, but in most cases indicates a broken mod.
[02:38:57] [Server thread/WARN] [FML]: Potentially Dangerous alternative prefix `srparasites` for name `infested_bonemeal_from_ada_yelloweye_drop`, expected `placebo`. This could be a intended override, but in most cases indicates a broken mod.
[02:38:57] [Server thread/WARN] [FML]: Potentially Dangerous alternative prefix `srparasites` for name `gothshroom_to_purple_dye`, expected `placebo`. This could be a intended override, but in most cases indicates a broken mod.
[02:38:57] [Server thread/WARN] [FML]: Potentially Dangerous alternative prefix `srparasites` for name `flesh_planks_from_parasitestain`, expected `placebo`. This could be a intended override, but in most cases indicates a broken mod.
[02:38:57] [Server thread/WARN] [FML]: Potentially Dangerous alternative prefix `srparasites` for name `esca_bulb_yellow`, expected `placebo`. This could be a intended override, but in most cases indicates a broken mod.
[02:38:57] [Server thread/WARN] [FML]: Potentially Dangerous alternative prefix `srparasites` for name `esca_bulb_white`, expected `placebo`. This could be a intended override, but in most cases indicates a broken mod.
[02:38:57] [Server thread/WARN] [FML]: Potentially Dangerous alternative prefix `srparasites` for name `esca_bulb_red`, expected `placebo`. This could be a intended override, but in most cases indicates a broken mod.
[02:38:57] [Server thread/WARN] [FML]: Potentially Dangerous alternative prefix `srparasites` for name `esca_bulb_purple`, expected `placebo`. This could be a intended override, but in most cases indicates a broken mod.
[02:38:57] [Server thread/WARN] [FML]: Potentially Dangerous alternative prefix `srparasites` for name `esca_bulb_pink`, expected `placebo`. This could be a intended override, but in most cases indicates a broken mod.
[02:38:57] [Server thread/WARN] [FML]: Potentially Dangerous alternative prefix `srparasites` for name `esca_bulb_orange`, expected `placebo`. This could be a intended override, but in most cases indicates a broken mod.
[02:38:57] [Server thread/WARN] [FML]: Potentially Dangerous alternative prefix `srparasites` for name `esca_bulb_magenta`, expected `placebo`. This could be a intended override, but in most cases indicates a broken mod.
[02:38:57] [Server thread/WARN] [FML]: Potentially Dangerous alternative prefix `srparasites` for name `esca_bulb_lime`, expected `placebo`. This could be a intended override, but in most cases indicates a broken mod.
[02:38:57] [Server thread/WARN] [FML]: Potentially Dangerous alternative prefix `srparasites` for name `esca_bulb_light_gray`, expected `placebo`. This could be a intended override, but in most cases indicates a broken mod.
[02:38:57] [Server thread/WARN] [FML]: Potentially Dangerous alternative prefix `srparasites` for name `esca_bulb_light_blue`, expected `placebo`. This could be a intended override, but in most cases indicates a broken mod.
[02:38:57] [Server thread/WARN] [FML]: Potentially Dangerous alternative prefix `srparasites` for name `esca_bulb_green`, expected `placebo`. This could be a intended override, but in most cases indicates a broken mod.
[02:38:57] [Server thread/WARN] [FML]: Potentially Dangerous alternative prefix `srparasites` for name `esca_bulb_gray`, expected `placebo`. This could be a intended override, but in most cases indicates a broken mod.
[02:38:57] [Server thread/WARN] [FML]: Potentially Dangerous alternative prefix `srparasites` for name `esca_bulb_cyan`, expected `placebo`. This could be a intended override, but in most cases indicates a broken mod.
[02:38:57] [Server thread/WARN] [FML]: Potentially Dangerous alternative prefix `srparasites` for name `esca_bulb_brown`, expected `placebo`. This could be a intended override, but in most cases indicates a broken mod.
[02:38:57] [Server thread/WARN] [FML]: Potentially Dangerous alternative prefix `srparasites` for name `esca_bulb_blue`, expected `placebo`. This could be a intended override, but in most cases indicates a broken mod.
[02:38:57] [Server thread/WARN] [FML]: Potentially Dangerous alternative prefix `srparasites` for name `esca_bulb_black`, expected `placebo`. This could be a intended override, but in most cases indicates a broken mod.
[02:38:57] [Server thread/WARN] [FML]: Potentially Dangerous alternative prefix `srparasites` for name `cooked_flesh_planks_from_cooked_flesh`, expected `placebo`. This could be a intended override, but in most cases indicates a broken mod.
[02:38:57] [Server thread/WARN] [FML]: Potentially Dangerous alternative prefix `srparasites` for name `consumed_planks_from_parasiterubble`, expected `placebo`. This could be a intended override, but in most cases indicates a broken mod.
[02:38:57] [Server thread/WARN] [FML]: Potentially Dangerous alternative prefix `srparasites` for name `brusewood_planks_from_parasitetrunk`, expected `placebo`. This could be a intended override, but in most cases indicates a broken mod.
[02:38:57] [Server thread/WARN] [FML]: Potentially Dangerous alternative prefix `srparasites` for name `assimilated_reed_to_sugar`, expected `placebo`. This could be a intended override, but in most cases indicates a broken mod.
[02:38:57] [Server thread/WARN] [FML]: Potentially Dangerous alternative prefix `srparasites` for name `assimilated_reed_to_sticks`, expected `placebo`. This could be a intended override, but in most cases indicates a broken mod.
[02:38:57] [Server thread/WARN] [FML]: Potentially Dangerous alternative prefix `srparasites` for name `assimilated_reed_to_paper`, expected `placebo`. This could be a intended override, but in most cases indicates a broken mod.
[02:38:57] [Server thread/WARN] [FML]: Potentially Dangerous alternative prefix `srparasites` for name `assimilated_pumpkin`, expected `placebo`. This could be a intended override, but in most cases indicates a broken mod.
[02:38:57] [Server thread/WARN] [FML]: Potentially Dangerous alternative prefix `srparasites` for name `assimilated_jack_o_lantern`, expected `placebo`. This could be a intended override, but in most cases indicates a broken mod.
[02:38:57] [Server thread/WARN] [FML]: Potentially Dangerous alternative prefix `srparasites` for name `assimilated_blossom_potted_infested`, expected `placebo`. This could be a intended override, but in most cases indicates a broken mod.
[02:38:57] [Server thread/WARN] [FML]: Potentially Dangerous alternative prefix `srparasites` for name `assimilated_blossom_potted`, expected `placebo`. This could be a intended override, but in most cases indicates a broken mod.
[02:38:57] [Server thread/WARN] [FML]: Potentially Dangerous alternative prefix `srparasites` for name `assimilated_blossom`, expected `placebo`. This could be a intended override, but in most cases indicates a broken mod.
[02:38:57] [Server thread/WARN] [FML]: Potentially Dangerous alternative prefix `srparasites` for name `alveoli_from_solid_alveoli_block`, expected `placebo`. This could be a intended override, but in most cases indicates a broken mod.
[02:38:57] [Server thread/WARN] [FML]: Potentially Dangerous alternative prefix `srparasites` for name `ada_viscera_to_string`, expected `placebo`. This could be a intended override, but in most cases indicates a broken mod.
[02:38:57] [Server thread/WARN] [FML]: Potentially Dangerous alternative prefix `srparasites` for name `ada_vemin_to_slimeball`, expected `placebo`. This could be a intended override, but in most cases indicates a broken mod.
[02:38:57] [Server thread/WARN] [FML]: Potentially Dangerous alternative prefix `usefulslime` for name `homemade_slime_ball`, expected `placebo`. This could be a intended override, but in most cases indicates a broken mod.
[02:38:57] [Server thread/WARN] [FML]: Potentially Dangerous alternative prefix `villagenames` for name `lunarinironbrick_toingots`, expected `placebo`. This could be a intended override, but in most cases indicates a broken mod.
[02:38:57] [Server thread/WARN] [FML]: Potentially Dangerous alternative prefix `villagenames` for name `lunarinironbrick`, expected `placebo`. This could be a intended override, but in most cases indicates a broken mod.
[02:38:57] [Server thread/WARN] [FML]: Potentially Dangerous alternative prefix `villagenames` for name `lunaringoldbrick_toingots`, expected `placebo`. This could be a intended override, but in most cases indicates a broken mod.
[02:38:57] [Server thread/WARN] [FML]: Potentially Dangerous alternative prefix `villagenames` for name `lunaringoldbrick`, expected `placebo`. This could be a intended override, but in most cases indicates a broken mod.
[02:38:57] [Server thread/WARN] [FML]: Potentially Dangerous alternative prefix `quark` for name `arrow_ender`, expected `placebo`. This could be a intended override, but in most cases indicates a broken mod.
[02:38:57] [Server thread/WARN] [FML]: Potentially Dangerous alternative prefix `quark` for name `arrow_explosive`, expected `placebo`. This could be a intended override, but in most cases indicates a broken mod.
[02:38:57] [Server thread/WARN] [FML]: Potentially Dangerous alternative prefix `quark` for name `arrow_torch`, expected `placebo`. This could be a intended override, but in most cases indicates a broken mod.
[02:38:57] [Server thread/WARN] [FML]: Potentially Dangerous alternative prefix `quark` for name `root_dye`, expected `placebo`. This could be a intended override, but in most cases indicates a broken mod.
[02:38:57] [Server thread/WARN] [FML]: Potentially Dangerous alternative prefix `quark` for name `root_dye_1`, expected `placebo`. This could be a intended override, but in most cases indicates a broken mod.
[02:38:57] [Server thread/WARN] [FML]: Potentially Dangerous alternative prefix `quark` for name `root_dye_2`, expected `placebo`. This could be a intended override, but in most cases indicates a broken mod.
[02:38:57] [Server thread/WARN] [FML]: Potentially Dangerous alternative prefix `quark` for name `mushroom_stew`, expected `placebo`. This could be a intended override, but in most cases indicates a broken mod.
[02:38:57] [Server thread/WARN] [FML]: Potentially Dangerous alternative prefix `quark` for name `paper_wall_sakura`, expected `placebo`. This could be a intended override, but in most cases indicates a broken mod.
[02:38:57] [Server thread/WARN] [FML]: Potentially Dangerous alternative prefix `quark` for name `paper_lantern_1`, expected `placebo`. This could be a intended override, but in most cases indicates a broken mod.
[02:38:57] [Server thread/WARN] [FML]: Potentially Dangerous alternative prefix `quark` for name `colored_flowerpot_white`, expected `placebo`. This could be a intended override, but in most cases indicates a broken mod.
[02:38:57] [Server thread/WARN] [FML]: Potentially Dangerous alternative prefix `quark` for name `colored_flowerpot_orange`, expected `placebo`. This could be a intended override, but in most cases indicates a broken mod.
[02:38:57] [Server thread/WARN] [FML]: Potentially Dangerous alternative prefix `quark` for name `colored_flowerpot_magenta`, expected `placebo`. This could be a intended override, but in most cases indicates a broken mod.
[02:38:57] [Server thread/WARN] [FML]: Potentially Dangerous alternative prefix `quark` for name `colored_flowerpot_light_blue`, expected `placebo`. This could be a intended override, but in most cases indicates a broken mod.
[02:38:57] [Server thread/WARN] [FML]: Potentially Dangerous alternative prefix `quark` for name `colored_flowerpot_yellow`, expected `placebo`. This could be a intended override, but in most cases indicates a broken mod.
[02:38:57] [Server thread/WARN] [FML]: Potentially Dangerous alternative prefix `quark` for name `colored_flowerpot_lime`, expected `placebo`. This could be a intended override, but in most cases indicates a broken mod.
[02:38:57] [Server thread/WARN] [FML]: Potentially Dangerous alternative prefix `quark` for name `colored_flowerpot_pink`, expected `placebo`. This could be a intended override, but in most cases indicates a broken mod.
[02:38:57] [Server thread/WARN] [FML]: Potentially Dangerous alternative prefix `quark` for name `colored_flowerpot_gray`, expected `placebo`. This could be a intended override, but in most cases indicates a broken mod.
[02:38:57] [Server thread/WARN] [FML]: Potentially Dangerous alternative prefix `quark` for name `colored_flowerpot_silver`, expected `placebo`. This could be a intended override, but in most cases indicates a broken mod.
[02:38:57] [Server thread/WARN] [FML]: Potentially Dangerous alternative prefix `quark` for name `colored_flowerpot_cyan`, expected `placebo`. This could be a intended override, but in most cases indicates a broken mod.
[02:38:57] [Server thread/WARN] [FML]: Potentially Dangerous alternative prefix `quark` for name `colored_flowerpot_purple`, expected `placebo`. This could be a intended override, but in most cases indicates a broken mod.
[02:38:57] [Server thread/WARN] [FML]: Potentially Dangerous alternative prefix `quark` for name `colored_flowerpot_blue`, expected `placebo`. This could be a intended override, but in most cases indicates a broken mod.
[02:38:57] [Server thread/WARN] [FML]: Potentially Dangerous alternative prefix `quark` for name `colored_flowerpot_brown`, expected `placebo`. This could be a intended override, but in most cases indicates a broken mod.
[02:38:57] [Server thread/WARN] [FML]: Potentially Dangerous alternative prefix `quark` for name `colored_flowerpot_green`, expected `placebo`. This could be a intended override, but in most cases indicates a broken mod.
[02:38:57] [Server thread/WARN] [FML]: Potentially Dangerous alternative prefix `quark` for name `colored_flowerpot_red`, expected `placebo`. This could be a intended override, but in most cases indicates a broken mod.
[02:38:57] [Server thread/WARN] [FML]: Potentially Dangerous alternative prefix `quark` for name `colored_flowerpot_black`, expected `placebo`. This could be a intended override, but in most cases indicates a broken mod.
[02:38:57] [Server thread/WARN] [FML]: Potentially Dangerous alternative prefix `quark` for name `colored_item_frame`, expected `placebo`. This could be a intended override, but in most cases indicates a broken mod.
[02:38:57] [Server thread/WARN] [FML]: Potentially Dangerous alternative prefix `quark` for name `colored_item_frame_1`, expected `placebo`. This could be a intended override, but in most cases indicates a broken mod.
[02:38:57] [Server thread/WARN] [FML]: Potentially Dangerous alternative prefix `quark` for name `colored_item_frame_2`, expected `placebo`. This could be a intended override, but in most cases indicates a broken mod.
[02:38:57] [Server thread/WARN] [FML]: Potentially Dangerous alternative prefix `quark` for name `colored_item_frame_3`, expected `placebo`. This could be a intended override, but in most cases indicates a broken mod.
[02:38:57] [Server thread/WARN] [FML]: Potentially Dangerous alternative prefix `quark` for name `colored_item_frame_4`, expected `placebo`. This could be a intended override, but in most cases indicates a broken mod.
[02:38:57] [Server thread/WARN] [FML]: Potentially Dangerous alternative prefix `quark` for name `colored_item_frame_5`, expected `placebo`. This could be a intended override, but in most cases indicates a broken mod.
[02:38:57] [Server thread/WARN] [FML]: Potentially Dangerous alternative prefix `quark` for name `colored_item_frame_6`, expected `placebo`. This could be a intended override, but in most cases indicates a broken mod.
[02:38:57] [Server thread/WARN] [FML]: Potentially Dangerous alternative prefix `quark` for name `colored_item_frame_7`, expected `placebo`. This could be a intended override, but in most cases indicates a broken mod.
[02:38:57] [Server thread/WARN] [FML]: Potentially Dangerous alternative prefix `quark` for name `colored_item_frame_8`, expected `placebo`. This could be a intended override, but in most cases indicates a broken mod.
[02:38:57] [Server thread/WARN] [FML]: Potentially Dangerous alternative prefix `quark` for name `colored_item_frame_9`, expected `placebo`. This could be a intended override, but in most cases indicates a broken mod.
[02:38:57] [Server thread/WARN] [FML]: Potentially Dangerous alternative prefix `quark` for name `colored_item_frame_10`, expected `placebo`. This could be a intended override, but in most cases indicates a broken mod.
[02:38:57] [Server thread/WARN] [FML]: Potentially Dangerous alternative prefix `quark` for name `colored_item_frame_11`, expected `placebo`. This could be a intended override, but in most cases indicates a broken mod.
[02:38:57] [Server thread/WARN] [FML]: Potentially Dangerous alternative prefix `quark` for name `colored_item_frame_12`, expected `placebo`. This could be a intended override, but in most cases indicates a broken mod.
[02:38:57] [Server thread/WARN] [FML]: Potentially Dangerous alternative prefix `quark` for name `colored_item_frame_13`, expected `placebo`. This could be a intended override, but in most cases indicates a broken mod.
[02:38:57] [Server thread/WARN] [FML]: Potentially Dangerous alternative prefix `quark` for name `colored_item_frame_14`, expected `placebo`. This could be a intended override, but in most cases indicates a broken mod.
[02:38:57] [Server thread/WARN] [FML]: Potentially Dangerous alternative prefix `quark` for name `colored_item_frame_15`, expected `placebo`. This could be a intended override, but in most cases indicates a broken mod.
[02:38:57] [Server thread/WARN] [FML]: Potentially Dangerous alternative prefix `quark` for name `lit_lamp`, expected `placebo`. This could be a intended override, but in most cases indicates a broken mod.
[02:38:57] [Server thread/WARN] [FML]: Potentially Dangerous alternative prefix `quark` for name `candle_1`, expected `placebo`. This could be a intended override, but in most cases indicates a broken mod.
[02:38:57] [Server thread/WARN] [FML]: Potentially Dangerous alternative prefix `quark` for name `candle_2`, expected `placebo`. This could be a intended override, but in most cases indicates a broken mod.
[02:38:57] [Server thread/WARN] [FML]: Potentially Dangerous alternative prefix `quark` for name `candle_3`, expected `placebo`. This could be a intended override, but in most cases indicates a broken mod.
[02:38:57] [Server thread/WARN] [FML]: Potentially Dangerous alternative prefix `quark` for name `candle_4`, expected `placebo`. This could be a intended override, but in most cases indicates a broken mod.
[02:38:57] [Server thread/WARN] [FML]: Potentially Dangerous alternative prefix `quark` for name `candle_5`, expected `placebo`. This could be a intended override, but in most cases indicates a broken mod.
[02:38:57] [Server thread/WARN] [FML]: Potentially Dangerous alternative prefix `quark` for name `candle_6`, expected `placebo`. This could be a intended override, but in most cases indicates a broken mod.
[02:38:57] [Server thread/WARN] [FML]: Potentially Dangerous alternative prefix `quark` for name `candle_7`, expected `placebo`. This could be a intended override, but in most cases indicates a broken mod.
[02:38:57] [Server thread/WARN] [FML]: Potentially Dangerous alternative prefix `quark` for name `candle_8`, expected `placebo`. This could be a intended override, but in most cases indicates a broken mod.
[02:38:57] [Server thread/WARN] [FML]: Potentially Dangerous alternative prefix `quark` for name `candle_9`, expected `placebo`. This could be a intended override, but in most cases indicates a broken mod.
[02:38:57] [Server thread/WARN] [FML]: Potentially Dangerous alternative prefix `quark` for name `candle_10`, expected `placebo`. This could be a intended override, but in most cases indicates a broken mod.
[02:38:57] [Server thread/WARN] [FML]: Potentially Dangerous alternative prefix `quark` for name `candle_11`, expected `placebo`. This could be a intended override, but in most cases indicates a broken mod.
[02:38:57] [Server thread/WARN] [FML]: Potentially Dangerous alternative prefix `quark` for name `candle_12`, expected `placebo`. This could be a intended override, but in most cases indicates a broken mod.
[02:38:57] [Server thread/WARN] [FML]: Potentially Dangerous alternative prefix `quark` for name `candle_13`, expected `placebo`. This could be a intended override, but in most cases indicates a broken mod.
[02:38:57] [Server thread/WARN] [FML]: Potentially Dangerous alternative prefix `quark` for name `candle_14`, expected `placebo`. This could be a intended override, but in most cases indicates a broken mod.
[02:38:57] [Server thread/WARN] [FML]: Potentially Dangerous alternative prefix `quark` for name `candle_15`, expected `placebo`. This could be a intended override, but in most cases indicates a broken mod.
[02:38:57] [Server thread/WARN] [FML]: Potentially Dangerous alternative prefix `quark` for name `candle_16`, expected `placebo`. This could be a intended override, but in most cases indicates a broken mod.
[02:38:57] [Server thread/WARN] [FML]: Potentially Dangerous alternative prefix `quark` for name `candle_17`, expected `placebo`. This could be a intended override, but in most cases indicates a broken mod.
[02:38:57] [Server thread/WARN] [FML]: Potentially Dangerous alternative prefix `quark` for name `candle_18`, expected `placebo`. This could be a intended override, but in most cases indicates a broken mod.
[02:38:57] [Server thread/WARN] [FML]: Potentially Dangerous alternative prefix `quark` for name `candle_19`, expected `placebo`. This could be a intended override, but in most cases indicates a broken mod.
[02:38:57] [Server thread/WARN] [FML]: Potentially Dangerous alternative prefix `quark` for name `candle_20`, expected `placebo`. This could be a intended override, but in most cases indicates a broken mod.
[02:38:57] [Server thread/WARN] [FML]: Potentially Dangerous alternative prefix `quark` for name `candle_21`, expected `placebo`. This could be a intended override, but in most cases indicates a broken mod.
[02:38:57] [Server thread/WARN] [FML]: Potentially Dangerous alternative prefix `quark` for name `candle_22`, expected `placebo`. This could be a intended override, but in most cases indicates a broken mod.
[02:38:57] [Server thread/WARN] [FML]: Potentially Dangerous alternative prefix `quark` for name `candle_23`, expected `placebo`. This could be a intended override, but in most cases indicates a broken mod.
[02:38:57] [Server thread/WARN] [FML]: Potentially Dangerous alternative prefix `quark` for name `candle_24`, expected `placebo`. This could be a intended override, but in most cases indicates a broken mod.
[02:38:57] [Server thread/WARN] [FML]: Potentially Dangerous alternative prefix `quark` for name `candle_25`, expected `placebo`. This could be a intended override, but in most cases indicates a broken mod.
[02:38:57] [Server thread/WARN] [FML]: Potentially Dangerous alternative prefix `quark` for name `candle_26`, expected `placebo`. This could be a intended override, but in most cases indicates a broken mod.
[02:38:57] [Server thread/WARN] [FML]: Potentially Dangerous alternative prefix `quark` for name `candle_27`, expected `placebo`. This could be a intended override, but in most cases indicates a broken mod.
[02:38:57] [Server thread/WARN] [FML]: Potentially Dangerous alternative prefix `quark` for name `candle_28`, expected `placebo`. This could be a intended override, but in most cases indicates a broken mod.
[02:38:57] [Server thread/WARN] [FML]: Potentially Dangerous alternative prefix `quark` for name `candle_29`, expected `placebo`. This could be a intended override, but in most cases indicates a broken mod.
[02:38:57] [Server thread/WARN] [FML]: Potentially Dangerous alternative prefix `quark` for name `candle_30`, expected `placebo`. This could be a intended override, but in most cases indicates a broken mod.
[02:38:57] [Server thread/WARN] [FML]: Potentially Dangerous alternative prefix `quark` for name `candle_31`, expected `placebo`. This could be a intended override, but in most cases indicates a broken mod.
[02:38:57] [Server thread/WARN] [FML]: Potentially Dangerous alternative prefix `quark` for name `candle_32`, expected `placebo`. This could be a intended override, but in most cases indicates a broken mod.
[02:38:57] [Server thread/WARN] [FML]: Potentially Dangerous alternative prefix `quark` for name `coal`, expected `placebo`. This could be a intended override, but in most cases indicates a broken mod.
[02:38:57] [Server thread/WARN] [FML]: Potentially Dangerous alternative prefix `quark` for name `clay_ball`, expected `placebo`. This could be a intended override, but in most cases indicates a broken mod.
[02:38:57] [Server thread/WARN] [FML]: Potentially Dangerous alternative prefix `quark` for name `log`, expected `placebo`. This could be a intended override, but in most cases indicates a broken mod.
[02:38:57] [Server thread/WARN] [FML]: Potentially Dangerous alternative prefix `quark` for name `log_1`, expected `placebo`. This could be a intended override, but in most cases indicates a broken mod.
[02:38:57] [Server thread/WARN] [FML]: Potentially Dangerous alternative prefix `quark` for name `log_2`, expected `placebo`. This could be a intended override, but in most cases indicates a broken mod.
[02:38:57] [Server thread/WARN] [FML]: Potentially Dangerous alternative prefix `quark` for name `log_3`, expected `placebo`. This could be a intended override, but in most cases indicates a broken mod.
[02:38:57] [Server thread/WARN] [FML]: Potentially Dangerous alternative prefix `quark` for name `log2`, expected `placebo`. This could be a intended override, but in most cases indicates a broken mod.
[02:38:57] [Server thread/WARN] [FML]: Potentially Dangerous alternative prefix `quark` for name `log2_1`, expected `placebo`. This could be a intended override, but in most cases indicates a broken mod.
[02:38:57] [Server thread/WARN] [FML]: Potentially Dangerous alternative prefix `quark` for name `sandy_bricks`, expected `placebo`. This could be a intended override, but in most cases indicates a broken mod.
[02:38:57] [Server thread/WARN] [FML]: Potentially Dangerous alternative prefix `quark` for name `wheat`, expected `placebo`. This could be a intended override, but in most cases indicates a broken mod.
[02:38:57] [Server thread/WARN] [FML]: Potentially Dangerous alternative prefix `quark` for name `charred_nether_bricks`, expected `placebo`. This could be a intended override, but in most cases indicates a broken mod.
[02:38:57] [Server thread/WARN] [FML]: Potentially Dangerous alternative prefix `quark` for name `magma_bricks`, expected `placebo`. This could be a intended override, but in most cases indicates a broken mod.
[02:38:57] [Server thread/WARN] [FML]: Potentially Dangerous alternative prefix `quark` for name `reeds`, expected `placebo`. This could be a intended override, but in most cases indicates a broken mod.
[02:38:57] [Server thread/WARN] [FML]: Potentially Dangerous alternative prefix `quark` for name `sugar`, expected `placebo`. This could be a intended override, but in most cases indicates a broken mod.
[02:38:57] [Server thread/WARN] [FML]: Potentially Dangerous alternative prefix `quark` for name `iron_button`, expected `placebo`. This could be a intended override, but in most cases indicates a broken mod.
[02:38:57] [Server thread/WARN] [FML]: Potentially Dangerous alternative prefix `quark` for name `iron_button_1`, expected `placebo`. This could be a intended override, but in most cases indicates a broken mod.
[02:38:57] [Server thread/WARN] [FML]: Potentially Dangerous alternative prefix `quark` for name `gold_button`, expected `placebo`. This could be a intended override, but in most cases indicates a broken mod.
[02:38:57] [Server thread/WARN] [FML]: Potentially Dangerous alternative prefix `quark` for name `gold_button_1`, expected `placebo`. This could be a intended override, but in most cases indicates a broken mod.
[02:38:57] [Server thread/WARN] [FML]: Potentially Dangerous alternative prefix `quark` for name `stone`, expected `placebo`. This could be a intended override, but in most cases indicates a broken mod.
[02:38:57] [Server thread/WARN] [FML]: Potentially Dangerous alternative prefix `quark` for name `elder_prismarine`, expected `placebo`. This could be a intended override, but in most cases indicates a broken mod.
[02:38:57] [Server thread/WARN] [FML]: Potentially Dangerous alternative prefix `quark` for name `elder_sea_lantern`, expected `placebo`. This could be a intended override, but in most cases indicates a broken mod.
[02:38:57] [Server thread/WARN] [FML]: Potentially Dangerous alternative prefix `quark` for name `spruce_button`, expected `placebo`. This could be a intended override, but in most cases indicates a broken mod.
[02:38:57] [Server thread/WARN] [FML]: Potentially Dangerous alternative prefix `quark` for name `birch_button`, expected `placebo`. This could be a intended override, but in most cases indicates a broken mod.
[02:38:57] [Server thread/WARN] [FML]: Potentially Dangerous alternative prefix `quark` for name `jungle_button`, expected `placebo`. This could be a intended override, but in most cases indicates a broken mod.
[02:38:57] [Server thread/WARN] [FML]: Potentially Dangerous alternative prefix `quark` for name `acacia_button`, expected `placebo`. This could be a intended override, but in most cases indicates a broken mod.
[02:38:57] [Server thread/WARN] [FML]: Potentially Dangerous alternative prefix `quark` for name `dark_oak_button`, expected `placebo`. This could be a intended override, but in most cases indicates a broken mod.
[02:38:57] [Server thread/WARN] [FML]: Potentially Dangerous alternative prefix `quark` for name `wool`, expected `placebo`. This could be a intended override, but in most cases indicates a broken mod.
[02:38:57] [Server thread/WARN] [FML]: Potentially Dangerous alternative prefix `quark` for name `wool_1`, expected `placebo`. This could be a intended override, but in most cases indicates a broken mod.
[02:38:57] [Server thread/WARN] [FML]: Potentially Dangerous alternative prefix `quark` for name `quilted_wool_16`, expected `placebo`. This could be a intended override, but in most cases indicates a broken mod.
[02:38:57] [Server thread/WARN] [FML]: Potentially Dangerous alternative prefix `quark` for name `quilted_wool_17`, expected `placebo`. This could be a intended override, but in most cases indicates a broken mod.
[02:38:57] [Server thread/WARN] [FML]: Potentially Dangerous alternative prefix `quark` for name `wool_2`, expected `placebo`. This could be a intended override, but in most cases indicates a broken mod.
[02:38:57] [Server thread/WARN] [FML]: Potentially Dangerous alternative prefix `quark` for name `wool_3`, expected `placebo`. This could be a intended override, but in most cases indicates a broken mod.
[02:38:57] [Server thread/WARN] [FML]: Potentially Dangerous alternative prefix `quark` for name `quilted_wool_18`, expected `placebo`. This could be a intended override, but in most cases indicates a broken mod.
[02:38:57] [Server thread/WARN] [FML]: Potentially Dangerous alternative prefix `quark` for name `quilted_wool_19`, expected `placebo`. This could be a intended override, but in most cases indicates a broken mod.
[02:38:57] [Server thread/WARN] [FML]: Potentially Dangerous alternative prefix `quark` for name `wool_4`, expected `placebo`. This could be a intended override, but in most cases indicates a broken mod.
[02:38:57] [Server thread/WARN] [FML]: Potentially Dangerous alternative prefix `quark` for name `wool_5`, expected `placebo`. This could be a intended override, but in most cases indicates a broken mod.
[02:38:57] [Server thread/WARN] [FML]: Potentially Dangerous alternative prefix `quark` for name `quilted_wool_20`, expected `placebo`. This could be a intended override, but in most cases indicates a broken mod.
[02:38:57] [Server thread/WARN] [FML]: Potentially Dangerous alternative prefix `quark` for name `quilted_wool_21`, expected `placebo`. This could be a intended override, but in most cases indicates a broken mod.
[02:38:57] [Server thread/WARN] [FML]: Potentially Dangerous alternative prefix `quark` for name `wool_6`, expected `placebo`. This could be a intended override, but in most cases indicates a broken mod.
[02:38:57] [Server thread/WARN] [FML]: Potentially Dangerous alternative prefix `quark` for name `wool_7`, expected `placebo`. This could be a intended override, but in most cases indicates a broken mod.
[02:38:57] [Server thread/WARN] [FML]: Potentially Dangerous alternative prefix `quark` for name `quilted_wool_22`, expected `placebo`. This could be a intended override, but in most cases indicates a broken mod.
[02:38:57] [Server thread/WARN] [FML]: Potentially Dangerous alternative prefix `quark` for name `quilted_wool_23`, expected `placebo`. This could be a intended override, but in most cases indicates a broken mod.
[02:38:57] [Server thread/WARN] [FML]: Potentially Dangerous alternative prefix `quark` for name `wool_8`, expected `placebo`. This could be a intended override, but in most cases indicates a broken mod.
[02:38:57] [Server thread/WARN] [FML]: Potentially Dangerous alternative prefix `quark` for name `wool_9`, expected `placebo`. This could be a intended override, but in most cases indicates a broken mod.
[02:38:57] [Server thread/WARN] [FML]: Potentially Dangerous alternative prefix `quark` for name `quilted_wool_24`, expected `placebo`. This could be a intended override, but in most cases indicates a broken mod.
[02:38:57] [Server thread/WARN] [FML]: Potentially Dangerous alternative prefix `quark` for name `quilted_wool_25`, expected `placebo`. This could be a intended override, but in most cases indicates a broken mod.
[02:38:57] [Server thread/WARN] [FML]: Potentially Dangerous alternative prefix `quark` for name `wool_10`, expected `placebo`. This could be a intended override, but in most cases indicates a broken mod.
[02:38:57] [Server thread/WARN] [FML]: Potentially Dangerous alternative prefix `quark` for name `wool_11`, expected `placebo`. This could be a intended override, but in most cases indicates a broken mod.
[02:38:57] [Server thread/WARN] [FML]: Potentially Dangerous alternative prefix `quark` for name `quilted_wool_26`, expected `placebo`. This could be a intended override, but in most cases indicates a broken mod.
[02:38:57] [Server thread/WARN] [FML]: Potentially Dangerous alternative prefix `quark` for name `quilted_wool_27`, expected `placebo`. This could be a intended override, but in most cases indicates a broken mod.
[02:38:57] [Server thread/WARN] [FML]: Potentially Dangerous alternative prefix `quark` for name `wool_12`, expected `placebo`. This could be a intended override, but in most cases indicates a broken mod.
[02:38:57] [Server thread/WARN] [FML]: Potentially Dangerous alternative prefix `quark` for name `wool_13`, expected `placebo`. This could be a intended override, but in most cases indicates a broken mod.
[02:38:57] [Server thread/WARN] [FML]: Potentially Dangerous alternative prefix `quark` for name `quilted_wool_28`, expected `placebo`. This could be a intended override, but in most cases indicates a broken mod.
[02:38:57] [Server thread/WARN] [FML]: Potentially Dangerous alternative prefix `quark` for name `quilted_wool_29`, expected `placebo`. This could be a intended override, but in most cases indicates a broken mod.
[02:38:57] [Server thread/WARN] [FML]: Potentially Dangerous alternative prefix `quark` for name `wool_14`, expected `placebo`. This could be a intended override, but in most cases indicates a broken mod.
[02:38:57] [Server thread/WARN] [FML]: Potentially Dangerous alternative prefix `quark` for name `wool_15`, expected `placebo`. This could be a intended override, but in most cases indicates a broken mod.
[02:38:57] [Server thread/WARN] [FML]: Potentially Dangerous alternative prefix `quark` for name `quilted_wool_30`, expected `placebo`. This could be a intended override, but in most cases indicates a broken mod.
[02:38:57] [Server thread/WARN] [FML]: Potentially Dangerous alternative prefix `quark` for name `quilted_wool_31`, expected `placebo`. This could be a intended override, but in most cases indicates a broken mod.
[02:38:57] [Server thread/WARN] [FML]: Potentially Dangerous alternative prefix `quark` for name `wool_16`, expected `placebo`. This could be a intended override, but in most cases indicates a broken mod.
[02:38:57] [Server thread/WARN] [FML]: Potentially Dangerous alternative prefix `quark` for name `wool_17`, expected `placebo`. This could be a intended override, but in most cases indicates a broken mod.
[02:38:57] [Server thread/WARN] [FML]: Potentially Dangerous alternative prefix `quark` for name `quilted_wool_32`, expected `placebo`. This could be a intended override, but in most cases indicates a broken mod.
[02:38:57] [Server thread/WARN] [FML]: Potentially Dangerous alternative prefix `quark` for name `quilted_wool_33`, expected `placebo`. This could be a intended override, but in most cases indicates a broken mod.
[02:38:57] [Server thread/WARN] [FML]: Potentially Dangerous alternative prefix `quark` for name `wool_18`, expected `placebo`. This could be a intended override, but in most cases indicates a broken mod.
[02:38:57] [Server thread/WARN] [FML]: Potentially Dangerous alternative prefix `quark` for name `wool_19`, expected `placebo`. This could be a intended override, but in most cases indicates a broken mod.
[02:38:57] [Server thread/WARN] [FML]: Potentially Dangerous alternative prefix `quark` for name `quilted_wool_34`, expected `placebo`. This could be a intended override, but in most cases indicates a broken mod.
[02:38:57] [Server thread/WARN] [FML]: Potentially Dangerous alternative prefix `quark` for name `quilted_wool_35`, expected `placebo`. This could be a intended override, but in most cases indicates a broken mod.
[02:38:57] [Server thread/WARN] [FML]: Potentially Dangerous alternative prefix `quark` for name `wool_20`, expected `placebo`. This could be a intended override, but in most cases indicates a broken mod.
[02:38:57] [Server thread/WARN] [FML]: Potentially Dangerous alternative prefix `quark` for name `wool_21`, expected `placebo`. This could be a intended override, but in most cases indicates a broken mod.
[02:38:57] [Server thread/WARN] [FML]: Potentially Dangerous alternative prefix `quark` for name `quilted_wool_36`, expected `placebo`. This could be a intended override, but in most cases indicates a broken mod.
[02:38:57] [Server thread/WARN] [FML]: Potentially Dangerous alternative prefix `quark` for name `quilted_wool_37`, expected `placebo`. This could be a intended override, but in most cases indicates a broken mod.
[02:38:57] [Server thread/WARN] [FML]: Potentially Dangerous alternative prefix `quark` for name `wool_22`, expected `placebo`. This could be a intended override, but in most cases indicates a broken mod.
[02:38:57] [Server thread/WARN] [FML]: Potentially Dangerous alternative prefix `quark` for name `wool_23`, expected `placebo`. This could be a intended override, but in most cases indicates a broken mod.
[02:38:57] [Server thread/WARN] [FML]: Potentially Dangerous alternative prefix `quark` for name `quilted_wool_38`, expected `placebo`. This could be a intended override, but in most cases indicates a broken mod.
[02:38:57] [Server thread/WARN] [FML]: Potentially Dangerous alternative prefix `quark` for name `quilted_wool_39`, expected `placebo`. This could be a intended override, but in most cases indicates a broken mod.
[02:38:57] [Server thread/WARN] [FML]: Potentially Dangerous alternative prefix `quark` for name `wool_24`, expected `placebo`. This could be a intended override, but in most cases indicates a broken mod.
[02:38:57] [Server thread/WARN] [FML]: Potentially Dangerous alternative prefix `quark` for name `wool_25`, expected `placebo`. This could be a intended override, but in most cases indicates a broken mod.
[02:38:57] [Server thread/WARN] [FML]: Potentially Dangerous alternative prefix `quark` for name `quilted_wool_40`, expected `placebo`. This could be a intended override, but in most cases indicates a broken mod.
[02:38:57] [Server thread/WARN] [FML]: Potentially Dangerous alternative prefix `quark` for name `quilted_wool_41`, expected `placebo`. This could be a intended override, but in most cases indicates a broken mod.
[02:38:57] [Server thread/WARN] [FML]: Potentially Dangerous alternative prefix `quark` for name `wool_26`, expected `placebo`. This could be a intended override, but in most cases indicates a broken mod.
[02:38:57] [Server thread/WARN] [FML]: Potentially Dangerous alternative prefix `quark` for name `wool_27`, expected `placebo`. This could be a intended override, but in most cases indicates a broken mod.
[02:38:57] [Server thread/WARN] [FML]: Potentially Dangerous alternative prefix `quark` for name `quilted_wool_42`, expected `placebo`. This could be a intended override, but in most cases indicates a broken mod.
[02:38:57] [Server thread/WARN] [FML]: Potentially Dangerous alternative prefix `quark` for name `quilted_wool_43`, expected `placebo`. This could be a intended override, but in most cases indicates a broken mod.
[02:38:57] [Server thread/WARN] [FML]: Potentially Dangerous alternative prefix `quark` for name `wool_28`, expected `placebo`. This could be a intended override, but in most cases indicates a broken mod.
[02:38:57] [Server thread/WARN] [FML]: Potentially Dangerous alternative prefix `quark` for name `wool_29`, expected `placebo`. This could be a intended override, but in most cases indicates a broken mod.
[02:38:57] [Server thread/WARN] [FML]: Potentially Dangerous alternative prefix `quark` for name `quilted_wool_44`, expected `placebo`. This could be a intended override, but in most cases indicates a broken mod.
[02:38:57] [Server thread/WARN] [FML]: Potentially Dangerous alternative prefix `quark` for name `quilted_wool_45`, expected `placebo`. This could be a intended override, but in most cases indicates a broken mod.
[02:38:57] [Server thread/WARN] [FML]: Potentially Dangerous alternative prefix `quark` for name `wool_30`, expected `placebo`. This could be a intended override, but in most cases indicates a broken mod.
[02:38:57] [Server thread/WARN] [FML]: Potentially Dangerous alternative prefix `quark` for name `wool_31`, expected `placebo`. This could be a intended override, but in most cases indicates a broken mod.
[02:38:57] [Server thread/WARN] [FML]: Potentially Dangerous alternative prefix `quark` for name `quilted_wool_46`, expected `placebo`. This could be a intended override, but in most cases indicates a broken mod.
[02:38:57] [Server thread/WARN] [FML]: Potentially Dangerous alternative prefix `quark` for name `quilted_wool_47`, expected `placebo`. This could be a intended override, but in most cases indicates a broken mod.
[02:38:57] [Server thread/WARN] [FML]: Potentially Dangerous alternative prefix `quark` for name `slime`, expected `placebo`. This could be a intended override, but in most cases indicates a broken mod.
[02:38:57] [Server thread/WARN] [FML]: Potentially Dangerous alternative prefix `quark` for name `color_slime`, expected `placebo`. This could be a intended override, but in most cases indicates a broken mod.
[02:38:57] [Server thread/WARN] [FML]: Potentially Dangerous alternative prefix `quark` for name `color_slime_1`, expected `placebo`. This could be a intended override, but in most cases indicates a broken mod.
[02:38:57] [Server thread/WARN] [FML]: Potentially Dangerous alternative prefix `quark` for name `color_slime_2`, expected `placebo`. This could be a intended override, but in most cases indicates a broken mod.
[02:38:57] [Server thread/WARN] [FML]: Potentially Dangerous alternative prefix `quark` for name `color_slime_3`, expected `placebo`. This could be a intended override, but in most cases indicates a broken mod.
[02:38:57] [Server thread/WARN] [FML]: Potentially Dangerous alternative prefix `quark` for name `color_slime_4`, expected `placebo`. This could be a intended override, but in most cases indicates a broken mod.
[02:38:57] [Server thread/WARN] [FML]: Potentially Dangerous alternative prefix `eplus` for name `shapeless_upgrade`, expected `placebo`. This could be a intended override, but in most cases indicates a broken mod.
[02:38:57] [Server thread/WARN] [FML]: Potentially Dangerous alternative prefix `futuremc` for name `suspicious_stew_red_flower`, expected `placebo`. This could be a intended override, but in most cases indicates a broken mod.
[02:38:57] [Server thread/WARN] [FML]: Potentially Dangerous alternative prefix `futuremc` for name `suspicious_stew_cornflower`, expected `placebo`. This could be a intended override, but in most cases indicates a broken mod.
[02:38:57] [Server thread/WARN] [FML]: Potentially Dangerous alternative prefix `futuremc` for name `suspicious_stew_lily_of_the_valley`, expected `placebo`. This could be a intended override, but in most cases indicates a broken mod.
[02:38:57] [Server thread/WARN] [FML]: Potentially Dangerous alternative prefix `futuremc` for name `suspicious_stew_wither_rose`, expected `placebo`. This could be a intended override, but in most cases indicates a broken mod.
[02:38:57] [Server thread/WARN] [FML]: Potentially Dangerous alternative prefix `futuremc` for name `suspicious_stew_yellow_flower`, expected `placebo`. This could be a intended override, but in most cases indicates a broken mod.
[02:38:57] [Server thread/WARN] [FML]: Potentially Dangerous alternative prefix `futuremc` for name `netherite_ingot`, expected `placebo`. This could be a intended override, but in most cases indicates a broken mod.
[02:38:57] [Server thread/WARN] [FML]: Potentially Dangerous alternative prefix `bountifulbaubles` for name `reforger`, expected `placebo`. This could be a intended override, but in most cases indicates a broken mod.
[02:38:57] [Server thread/WARN] [FML]: Potentially Dangerous alternative prefix `bountifulbaubles` for name `disintegrate_item.bountifulbaubles.trinketbrokenheart`, expected `placebo`. This could be a intended override, but in most cases indicates a broken mod.
[02:38:57] [Server thread/WARN] [FML]: Potentially Dangerous alternative prefix `bountifulbaubles` for name `disintegrate_item.bountifulbaubles.trinketballoon`, expected `placebo`. This could be a intended override, but in most cases indicates a broken mod.
[02:38:57] [Server thread/WARN] [FML]: Potentially Dangerous alternative prefix `bountifulbaubles` for name `disintegrate_item.bountifulbaubles.shieldcobalt`, expected `placebo`. This could be a intended override, but in most cases indicates a broken mod.
[02:38:57] [Server thread/WARN] [FML]: Potentially Dangerous alternative prefix `bountifulbaubles` for name `disintegrate_item.bountifulbaubles.shieldobsidian`, expected `placebo`. This could be a intended override, but in most cases indicates a broken mod.
[02:38:57] [Server thread/WARN] [FML]: Potentially Dangerous alternative prefix `bountifulbaubles` for name `disintegrate_item.bountifulbaubles.magicmirror`, expected `placebo`. This could be a intended override, but in most cases indicates a broken mod.
[02:38:57] [Server thread/WARN] [FML]: Potentially Dangerous alternative prefix `bountifulbaubles` for name `disintegrate_item.bountifulbaubles.wormholemirror`, expected `placebo`. This could be a intended override, but in most cases indicates a broken mod.
[02:38:57] [Server thread/WARN] [FML]: Potentially Dangerous alternative prefix `bountifulbaubles` for name `disintegrate_item.bountifulbaubles.trinketluckyhorseshoe`, expected `placebo`. This could be a intended override, but in most cases indicates a broken mod.
[02:38:57] [Server thread/WARN] [FML]: Potentially Dangerous alternative prefix `bountifulbaubles` for name `disintegrate_item.bountifulbaubles.trinketmagiclenses`, expected `placebo`. This could be a intended override, but in most cases indicates a broken mod.
[02:38:57] [Server thread/WARN] [FML]: Potentially Dangerous alternative prefix `bountifulbaubles` for name `disintegrate_item.bountifulbaubles.amuletcross`, expected `placebo`. This could be a intended override, but in most cases indicates a broken mod.
[02:38:57] [Server thread/WARN] [FML]: Potentially Dangerous alternative prefix `bountifulbaubles` for name `disintegrate_item.bountifulbaubles.amuletsinempty`, expected `placebo`. This could be a intended override, but in most cases indicates a broken mod.
[02:38:57] [Server thread/WARN] [FML]: Potentially Dangerous alternative prefix `bountifulbaubles` for name `disintegrate_item.bountifulbaubles.flaregun`, expected `placebo`. This could be a intended override, but in most cases indicates a broken mod.
[02:38:57] [Server thread/WARN] [FML]: Potentially Dangerous alternative prefix `bountifulbaubles` for name `disintegrate_item.bountifulbaubles.brokenblackdragonscale`, expected `placebo`. This could be a intended override, but in most cases indicates a broken mod.
[02:38:57] [Server thread/INFO] [placebo]: Successfully replaced 627 recipes with fast recipes.
[02:38:59] [Server thread/INFO] [SimpleDifficulty]: Baubles Modifier Enabled
[02:38:59] [Server thread/INFO] [SimpleDifficulty]: Serene Seasons Modifier Enabled
[02:38:59] [Server thread/INFO] [STDOUT]: [com.dhanantry.scapeandrunparasites.bestiary.SRPBestiaryRegistry:log:135]: [Bestiary] Loaded 119 entries. Scales: 0
[02:38:59] [Server thread/INFO] [srparasites]: [MOD COMPATIBILITY] 1 of 2 modules activated
[02:38:59] [Server thread/INFO] [supermartijn642corelib]: Loaded '7' block tags
[02:38:59] [Server thread/INFO] [supermartijn642corelib]: Loaded '0' item tags
[02:38:59] [Server thread/INFO] [Waila]: Starting Waila...
[02:38:59] [Server thread/INFO] [Waila]: Gathering annotated plugins...
[02:38:59] [Server thread/ERROR] [Waila]: Error discovering plugin for class snownee.jade.JadeClientPlugin: snownee.jade.JadeClientPlugin
[02:38:59] [Server thread/INFO] [Waila]: Gathering wrapped IMC plugins...
[02:38:59] [Server thread/INFO] [Waila]: Registering plugins...
[02:38:59] [Server thread/INFO] [Waila]: Registering plugin at mcp.mobius.waila.addons.core.PluginCore
[02:38:59] [Server thread/INFO] [Waila]: Registering plugin at mcp.mobius.waila.addons.minecraft.PluginMinecraft
[02:38:59] [Server thread/INFO] [Waila]: Registering plugin at com.github.alexthe666.iceandfire.integration.IceAndFireWailaPlugin
[02:38:59] [Server thread/INFO] [Waila]: Registering plugin at mcp.mobius.waila.addons.capability.PluginCapability
[02:38:59] [Server thread/INFO] [Waila]: Registering plugin at com.zeitheron.hammercore.compat.waila.GetWaila
[02:38:59] [Server thread/INFO] [HammerLib]: Waila API hooked!
[02:38:59] [Server thread/INFO] [Waila]: Registering plugin at net.geforcemods.securitycraft.compat.hudmods.WailaDataProvider
[02:38:59] [Server thread/INFO] [Waila]: Registering plugin at slimeknights.tconstruct.plugin.waila.WailaRegistrar
[02:38:59] [Server thread/INFO] [Waila]: Registering plugin at snownee.jade.JadePlugin
[02:39:00] [Server thread/INFO] [Waila]: Starting Waila took 76.00 ms
[02:39:00] [Server thread/INFO] [FML]: Forge Mod Loader has successfully loaded 140 mods
[02:39:00] [Server thread/INFO] [net.minecraft.server.dedicated.DedicatedServer]: Preparing level "world"
[02:39:00] [Server thread/INFO] [FML]: Injecting existing registry data into this server instance
[02:39:01] [Server thread/INFO] [FML]: Applying holder lookups
[02:39:01] [Server thread/INFO] [FML]: Holder lookups applied
[02:39:01] [Server thread/INFO] [FML]: Loading dimension 0 (world) (net.minecraft.server.dedicated.DedicatedServer@131a8c50)
[02:39:01] [Server thread/INFO] [improvableskills]: Injecting parchment into LootTable 'quark:chests/pirate_chest'!
[02:39:01] [Server thread/INFO] [improvableskills]: Injecting scroll for skill 'improvableskills:generic_protection' into LootTable 'minecraft:chests/simple_dungeon'!
[02:39:01] [Server thread/INFO] [improvableskills]: Injecting parchment into LootTable 'minecraft:chests/simple_dungeon'!
[02:39:01] [Server thread/INFO] [improvableskills]: Injecting scroll for skill 'improvableskills:xp+' into LootTable 'minecraft:entities/elder_guardian'!
[02:39:01] [Server thread/INFO] [improvableskills]: Injecting scroll for skill 'improvableskills:alchemist' into LootTable 'minecraft:entities/witch'!
[02:39:01] [Server thread/INFO] [improvableskills]: Injecting scroll for skill 'improvableskills:obsidian_skin' into LootTable 'minecraft:chests/nether_bridge'!
[02:39:01] [Server thread/INFO] [improvableskills]: Injecting parchment into LootTable 'minecraft:chests/nether_bridge'!
[02:39:01] [Server thread/INFO] [improvableskills]: Injecting parchment into LootTable 'minecraft:chests/abandoned_mineshaft'!
[02:39:01] [Server thread/INFO] [improvableskills]: Injecting scroll for skill 'improvableskills:growth' into LootTable 'minecraft:chests/jungle_temple'!
[02:39:01] [Server thread/INFO] [improvableskills]: Injecting parchment into LootTable 'minecraft:chests/jungle_temple'!
[02:39:01] [Server thread/INFO] [improvableskills]: Injecting scroll for skill 'improvableskills:treasure_sands' into LootTable 'minecraft:chests/desert_pyramid'!
[02:39:01] [Server thread/INFO] [improvableskills]: Injecting parchment into LootTable 'minecraft:chests/desert_pyramid'!
[02:39:01] [Server thread/INFO] [improvableskills]: Injecting scroll for skill 'improvableskills:enchanter' into LootTable 'minecraft:chests/stronghold_library'!
[02:39:01] [Server thread/INFO] [improvableskills]: Injecting parchment into LootTable 'minecraft:chests/stronghold_library'!
[02:39:01] [Server thread/INFO] [improvableskills]: Injecting parchment into LootTable 'minecraft:chests/spawn_bonus_chest'!
[02:39:01] [Server thread/INFO] [improvableskills]: Injecting parchment into LootTable 'minecraft:chests/stronghold_corridor'!
[02:39:01] [Server thread/INFO] [improvableskills]: Injecting scroll for skill 'improvableskills:atkdmg_ranged' into LootTable 'minecraft:entities/skeleton'!
[02:39:01] [Server thread/INFO] [improvableskills]: Injecting scroll for skill 'improvableskills:ender_manipulator' into LootTable 'minecraft:entities/enderman'!
[02:39:01] [Server thread/INFO] [improvableskills]: Injecting parchment into LootTable 'lostcities:chests/raildungeonchest'!
[02:39:01] [Server thread/INFO] [improvableskills]: Injecting parchment into LootTable 'minecraft:chests/igloo_chest'!
[02:39:01] [Server thread/INFO] [improvableskills]: Injecting parchment into LootTable 'minecraft:chests/stronghold_crossing'!
[02:39:01] [Server thread/INFO] [improvableskills]: Injecting parchment into LootTable 'lostcities:chests/lostcitychest'!
[02:39:01] [Server thread/INFO] [improvableskills]: Injecting parchment into LootTable 'minecraft:chests/village_blacksmith'!
[02:39:01] [Server thread/INFO] [improvableskills]: Injecting parchment into LootTable 'minecraft:chests/jungle_temple_dispenser'!
[02:39:01] [Server thread/INFO] [improvableskills]: Injecting parchment into LootTable 'minecraft:chests/woodland_mansion'!
[02:39:01] [Server thread/INFO] [improvableskills]: Injecting scroll for skill 'improvableskills:health' into LootTable 'minecraft:chests/end_city_treasure'!
[02:39:01] [Server thread/INFO] [improvableskills]: Injecting parchment into LootTable 'minecraft:chests/end_city_treasure'!
[02:39:01] [Server thread/INFO] [improvableskills]: Injecting scroll for skill 'improvableskills:luck_of_the_sea' into LootTable 'minecraft:gameplay/fishing'!
[02:39:01] [Server thread/ERROR] [net.minecraft.advancements.AdvancementManager]: Parsing error loading built-in advancement minecraft:recipes/redstone/trapdoor
com.google.gson.JsonSyntaxException: Unknown recipe 'minecraft:trapdoor'
	at net.minecraft.advancements.AdvancementRewards$Deserializer.deserialize(AdvancementRewards.java:171) ~[l$a.class:?]
	at net.minecraft.advancements.AdvancementRewards$Deserializer.deserialize(AdvancementRewards.java:147) ~[l$a.class:?]
	at com.google.gson.internal.bind.TreeTypeAdapter.read(TreeTypeAdapter.java:69) ~[TreeTypeAdapter.class:?]
	at com.google.gson.Gson.fromJson(Gson.java:887) ~[Gson.class:?]
	at com.google.gson.Gson.fromJson(Gson.java:952) ~[Gson.class:?]
	at com.google.gson.internal.bind.TreeTypeAdapter$GsonContextImpl.deserialize(TreeTypeAdapter.java:162) ~[TreeTypeAdapter$GsonContextImpl.class:?]
	at net.minecraft.util.JsonUtils.func_188179_a(SourceFile:439) ~[rc.class:?]
	at net.minecraft.util.JsonUtils.func_188177_a(SourceFile:455) ~[rc.class:?]
	at net.minecraft.advancements.Advancement$Builder.func_192059_a(SourceFile:203) ~[i$a.class:?]
	at net.minecraft.advancements.AdvancementManager$1.deserialize(AdvancementManager.java:50) ~[ns$1.class:?]
	at net.minecraft.advancements.AdvancementManager$1.deserialize(AdvancementManager.java:46) ~[ns$1.class:?]
	at com.google.gson.internal.bind.TreeTypeAdapter.read(TreeTypeAdapter.java:69) ~[TreeTypeAdapter.class:?]
	at net.minecraft.util.JsonUtils.func_188173_a(SourceFile:492) ~[rc.class:?]
	at net.minecraft.util.JsonUtils.func_193839_a(SourceFile:532) ~[rc.class:?]
	at net.minecraft.advancements.AdvancementManager.func_192777_a(AdvancementManager.java:184) [ns.class:?]
	at net.minecraft.advancements.AdvancementManager.func_192779_a(AdvancementManager.java:68) [ns.class:?]
	at net.minecraft.advancements.AdvancementManager.<init>(AdvancementManager.java:60) [ns.class:?]
	at net.minecraft.world.WorldServer.func_175643_b(WorldServer.java:156) [oo.class:?]
	at net.minecraft.server.MinecraftServer.func_71247_a(MinecraftServer.java:298) [MinecraftServer.class:?]
	at net.minecraft.server.dedicated.DedicatedServer.func_71197_b(DedicatedServer.java:270) [nz.class:?]
	at net.minecraft.server.MinecraftServer.run(MinecraftServer.java:486) [MinecraftServer.class:?]
	at java.lang.Thread.run(Thread.java:750) [?:1.8.0_482]
[02:39:01] [Server thread/ERROR] [net.minecraft.advancements.AdvancementList]: Couldn't load advancement bhc:main/green_heart_canister: Task Advancement{parentId=bhc:main/green_heart, display=net.minecraft.advancements.DisplayInfo@405adc5d, rewards=AdvancementRewards{experience=0, loot=[], recipes=[], function=null}, criteria={green_heart_canister_in_inventory=net.minecraft.advancements.Criterion@602c3005}, requirements=[[green_heart_canister_in_inventory]]}
[02:39:01] [Server thread/ERROR] [net.minecraft.advancements.AdvancementList]: Couldn't load advancement bhc:main/green_heart: Task Advancement{parentId=bhc:main/orange_heart, display=net.minecraft.advancements.DisplayInfo@23efdf7e, rewards=AdvancementRewards{experience=0, loot=[], recipes=[], function=null}, criteria={green_heart_in_inventory=net.minecraft.advancements.Criterion@22c26f1e}, requirements=[[green_heart_in_inventory]]}
[02:39:01] [Server thread/ERROR] [net.minecraft.advancements.AdvancementList]: Couldn't load advancement bhc:main/blue_heart: Task Advancement{parentId=bhc:main/green_heart, display=net.minecraft.advancements.DisplayInfo@cf87669, rewards=AdvancementRewards{experience=0, loot=[], recipes=[], function=null}, criteria={heart_heart_in_inventory=net.minecraft.advancements.Criterion@3df34277}, requirements=[[heart_heart_in_inventory]]}
[02:39:01] [Server thread/ERROR] [net.minecraft.advancements.AdvancementList]: Couldn't load advancement bhc:main/heart_amulet: Task Advancement{parentId=bhc:main/blue_heart_canister, display=net.minecraft.advancements.DisplayInfo@53672616, rewards=AdvancementRewards{experience=0, loot=[], recipes=[], function=null}, criteria={heart_amulet_in_inventory=net.minecraft.advancements.Criterion@742036f7}, requirements=[[heart_amulet_in_inventory]]}
[02:39:01] [Server thread/ERROR] [net.minecraft.advancements.AdvancementList]: Couldn't load advancement bhc:main/blue_heart_canister: Task Advancement{parentId=bhc:main/blue_heart, display=net.minecraft.advancements.DisplayInfo@54b3d3be, rewards=AdvancementRewards{experience=0, loot=[], recipes=[], function=null}, criteria={blue_heart_canister_in_inventory=net.minecraft.advancements.Criterion@21d1c051}, requirements=[[blue_heart_canister_in_inventory]]}
[02:39:01] [Server thread/INFO] [net.minecraft.advancements.AdvancementList]: Loaded 669 advancements
[02:39:02] [Server thread/INFO] [ASMUtil]: Transforming class net/minecraft/network/NetHandlerPlayServer
[02:39:02] [Server thread/INFO] [ASMUtil]: Transforming method net/minecraft/network/NetHandlerPlayServer.func_147340_a(Lnet/minecraft/network/play/client/CPacketUseEntity;)V
[02:39:02] [Server thread/INFO] [ASMUtil]: Transforming class net/minecraft/network/NetHandlerPlayServer
[02:39:02] [Server thread/INFO] [ASMUtil]: Transforming method net/minecraft/network/NetHandlerPlayServer.func_147345_a(Lnet/minecraft/network/play/client/CPacketPlayerDigging;)V
[02:39:02] [Server thread/INFO] [STDOUT]: [atomicstryker.battletowers.common.WorldGenHandler:loadPosFile:403]: Battletower Positions reloaded. Lines 25, entries 12
[02:39:02] [Server thread/INFO] [FML]: Loading dimension -1 (world) (net.minecraft.server.dedicated.DedicatedServer@131a8c50)
[02:39:02] [Server thread/INFO] [STDOUT]: [atomicstryker.battletowers.common.WorldGenHandler:loadPosFile:403]: Battletower Positions reloaded. Lines 1, entries 0
[02:39:02] [Server thread/INFO] [FML]: Loading dimension 1 (world) (net.minecraft.server.dedicated.DedicatedServer@131a8c50)
[02:39:02] [Server thread/INFO] [STDOUT]: [atomicstryker.battletowers.common.WorldGenHandler:loadPosFile:403]: Battletower Positions reloaded. Lines 1, entries 0
[02:39:02] [Server thread/INFO] [net.minecraft.server.MinecraftServer]: Preparing start region for level 0
[02:39:03] [Server thread/INFO] [coroutil]: CoroUtil detected Infernal Mobs Installed for use
[02:39:03] [Server thread/INFO] [net.minecraft.server.MinecraftServer]: Preparing spawn area: 18%
[02:39:04] [Server thread/INFO] [net.minecraft.server.MinecraftServer]: Preparing spawn area: 53%
[02:39:04] [Server thread/WARN] [net.minecraft.network.datasync.EntityDataManager]: defineId called for: class de.maxhenkel.corpse.entities.EntityCorpse from class de.maxhenkel.corpse.entities.EntityCorpseInventoryBase
[02:39:05] [Server thread/INFO] [net.minecraft.server.MinecraftServer]: Preparing spawn area: 92%
[02:39:05] [Server thread/INFO] [net.minecraft.server.dedicated.DedicatedServer]: Done (5.218s)! For help, type "help" or "?"
[02:39:05] [Server thread/INFO] [bstweaker]: BSTweaker command registered
[02:39:05] [Server thread/INFO] [HammerLib]: Registering raycast plugin: com.zeitheron.hammercore.internal.blocks.multipart.HammerCoreRaytracePlugin ...
[02:39:05] [Server thread/INFO] [HammerLib]: Registered raycast  plugin: com.zeitheron.hammercore.internal.blocks.multipart.HammerCoreRaytracePlugin in 0 ms
[02:39:06] [Server thread/INFO] [XAT]: Trinkets and Baubles: Generating VIP List
[02:39:06] [Server thread/INFO] [XAT]: Trinkets and Baubles: Finished Gathering VIP List, Took 28ms
[02:39:07] [BetterFps Update Checker/WARN] [BetterFps]: Could not check for updates: widget.mcf.li
[02:39:07] [Server thread/INFO] [coroutil]: CoroUtil being reinitialized
[02:39:07] [Server thread/INFO] [FML]: Unloading dimension -1
[02:39:07] [Server thread/INFO] [FML]: Unloading dimension 1
[02:39:10] [Server thread/WARN] [net.minecraft.world.storage.loot.LootTableManager]: Couldn't find resource table minecraft:entities/all
[02:39:21] [Server thread/WARN] [net.minecraft.world.storage.loot.LootTableManager]: Couldn't find resource table minecraft:blocks/all
[02:49:27] [Netty Epoll Server IO #1/INFO] [FML]: Client protocol version 2
[02:49:27] [Netty Epoll Server IO #1/INFO] [FML]: Client attempting to join with 162 mods : followingvillagers@1.0.1,weaponmaster_ydm@4.2.3,disenchanter@1.8,spartansabovediamonds@2.6,supermartijn642configlib@1.1.6,creativecoredummy@1.0.0,fantasticlib@1.12.2.070,villagenames@4.4.13,futuremc@0.2.6,fltpot@0.0.2,mtrm@1.2.2.30,fullbright@1.0.0,lttweaker@1.1.17,bowinfinityfix@rv5.1,ironjetpacks@1.1.0,neat@1.4-17,forgeendertech@1.12.2-4.5.6.1,hammercore@12.2.58,enhancedvisuals@1.3.0,xaeroworldmap@1.40.11,placebo@1.6.0,nofog@1.12.2-1.12.2-1.0.3.0,bookshelf@2.3.590,forgelin@1.8.4,llibrary@1.7.20,progressivebosses@1.5.4,srpextra@1.10.7.5,additionalstructures@2.5.0,waila@1.8.26,tinkersdisassembler@1.2.1,dynview@1.3,srpmeshi@1.8,carryon@1.12.3,jeresources@0.9.2.60,nocubessrpsurvival@3.0.0,durabilitytooltip@1.1.4,konkrete@1.6.1,corpse@1.12.2-1.0.8,nocubessrparmory@3.0.0,tenshilib@1.2.4,crafttweakerjei@2.0.3,lootoverhaul@1.2,battletowers@1.6.5,reccomplex@1.4.8.6,vehicle@0.44.1,supermartijn642corelib@1.1.20a,bstweaker@1.0.1,resourceloader@1.5.3,spark@1.5.2,improvableskills@12.4.68,roguelike@1.8.0,potioncore@1.9_for_1.12.2,aquaacrobatics@1.15.4,collective@3.0,qualitytools@1.0.7_for_1.12.2,editmobdrops@1.4.3,srpquark@1.10.4.1,uniquee@2.0.1,waterskin@1.0.1,spartanfire@1.3.3,lostcities@2.0.22,FML@8.0.99.99,obfuscate@0.4.2,atlaslib@1.1.9,spartanweaponry@1.6.1,aiimprovements@0.0.1.3,overpoweredarmorbar@@VERSION@,msic@1.0,infinitetrading@1.4,wings@1.1.6,scalinghealth@1.3.37,bettermineshafts@1.12.2-2.2.1,setbonus@1.12.2.040,uniquebase@1.0.1,liketechnikstinkertweaks@1.12.2-1.1.3.DEV.0065a55,ctgui@1.0.0,extendedrenderer@v1.0,cucumber@1.1.3,mixinbooter@10.7,reachfix@1.1.3,cgm@0.15.3,customskinloader@14.27,bountifulbaubles@0.0.1,configmod@v1.0,jei@4.16.1.301,srpdeepseadanger@1.10.2.3,xaerolib@1.1.0,callablehorses@1.1.1,daomephsta_loot_shared@0.0.2,simpledifficulty@0.3.9,xaerolib_core@1.12.2-1.0,bauble_wings@1.0.0,ivtoolkit@1.3.3-1.12,mujmajnkraftsbettersurvival@1.5.4,potionfingers@r1.0-8,mcp@9.42,clumps@3.1.2,oresabovediamonds@3.2,hermitsarsenal@V1,artifacts@1.1.2,travelersbackpack@1.0.35,sereneseasons@1.2.18,adhooks@1.12.2-3.3.1.0,champions@1.12.2-1.0.11.10,srpr_kravataf@1.0.5,conarm@1.2.5.10,bettercombatmod@2.2.4,xat@0.32.5,iceandfire@2.2.5,moartinkers@0.6.0,crafttweaker@4.1.20,usefulslime@1.2,forge@14.23.5.2859,xaeroworldmap_core@1.12.2-1.0,srmonstress@1.0.2,eplus@5.0.176,infernalmobs@1.7.6,ironchest@1.12.2-7.0.67.844,gpu_tape@1.0.4,minecraft@1.12.2,tconstruct@1.12.2-2.13.0.183,nocubesrptweaks@V5.1,enchdesc@1.1.15,mousetweaks@2.10,toolbelt@1.9.14,silentlib@3.0.13,baubles@1.5.2,jade@0.1.0,creativecore@1.10.0,somanyenchantments@1.0.8,fermiumbooter@1.4.1,betterrolling@1.5,ctintegration@1.8.0,bloodmoon@1.5.3,quark@r1.6-179,mantle@1.12-1.3.3.55,loottweaker@0.5.1,spartanshields@1.5.5,xaerominimap@25.3.10,itemcollectors@1.1.12,bhc@2.0.3,dragondropselytra@1.3,fastbench@1.7.4,securitycraft@v1.10.1,autoreglib@1.3-32,multimob@1.0.5,performant@1.12.2-1.5,entityculling@@VER@,anvilpatch@1.1.0,farsight@1.6,fancymenu@2.14.9,coroutil@1.12.1-1.2.37,srparasites@1.10.2,fastfurnace@1.3.1,appleskin@1.0.14,lootr@0.6.2,xaerominimap_core@1.12.2-1.0,tinkersjei@1.2,improvedmobs@1.6.10,pdm@1.0,swparasites@v4,baubleye@1.3.3
[02:49:32] [Server thread/INFO] [FML]: [Server thread] Server side modded connection established
[02:49:32] [Server thread/INFO] [net.minecraft.server.management.PlayerList]: TPainterJL[/127.27.152.180:38595] logged in with entity id 289 at (135.84587211468408, 250.0, 265.55126842745653)
[02:49:32] [Server thread/INFO] [net.minecraft.server.dedicated.DedicatedServer]: TPainterJL joined the game
[02:49:32] [Server thread/INFO] [Waila]: Player EntityPlayerMP['TPainterJL'/289, l='world', x=135.85, y=250.00, z=265.55] connected. Sending ping
[02:49:32] [Server thread/INFO] [bountifulbaubles]: Attempting to sync config to player TPainterJL
[02:49:32] [Server thread/INFO] [SimpleDifficulty]: Sending Configuration to player: TPainterJL
[02:49:32] [Server thread/INFO] [XAT]: Syncing Config to TPainterJL
[02:49:37] [Server thread/INFO] [com.dynamic_view.DynView]: Mean tick: 11ms increasing chunk view distance to: 5
[02:49:52] [Server thread/INFO] [com.dynamic_view.DynView]: Mean tick: 6ms increasing chunk view distance to: 6
[02:50:07] [Server thread/INFO] [com.dynamic_view.DynView]: Mean tick: 7ms increasing chunk view distance to: 7
[02:50:22] [Server thread/INFO] [com.dynamic_view.DynView]: Mean tick: 9ms increasing chunk view distance to: 8
[02:50:37] [Server thread/INFO] [com.dynamic_view.DynView]: Mean tick: 6ms increasing chunk view distance to: 9
[02:50:52] [Server thread/INFO] [com.dynamic_view.DynView]: Mean tick: 8ms increasing chunk view distance to: 10
[02:51:07] [Server thread/INFO] [com.dynamic_view.DynView]: Mean tick: 17ms increasing chunk view distance to: 11
[02:51:22] [Server thread/INFO] [com.dynamic_view.DynView]: Mean tick: 15ms increasing chunk view distance to: 12
[02:51:37] [Server thread/INFO] [com.dynamic_view.DynView]: Mean tick: 16ms increasing chunk view distance to: 13
[02:51:52] [Server thread/INFO] [com.dynamic_view.DynView]: Mean tick: 18ms increasing chunk view distance to: 14
[02:52:07] [Server thread/INFO] [com.dynamic_view.DynView]: Mean tick: 13ms increasing chunk view distance to: 15
[02:52:10] [Server thread/INFO] [net.minecraft.server.dedicated.DedicatedServer]: [TPainterJL: Teleported TPainterJL to 133.5, 249.5, 263.5]
[02:52:22] [Server thread/INFO] [com.dynamic_view.DynView]: Mean tick: 18ms increasing chunk view distance to: 16
[02:52:37] [Server thread/INFO] [com.dynamic_view.DynView]: Mean tick: 20ms increasing chunk view distance to: 17
[02:52:52] [Server thread/INFO] [com.dynamic_view.DynView]: Mean tick: 19ms increasing chunk view distance to: 18
[02:53:07] [Server thread/INFO] [com.dynamic_view.DynView]: Mean tick: 20ms increasing chunk view distance to: 19
[02:53:16] [Netty Epoll Server IO #2/INFO] [FML]: Client protocol version 2
[02:53:17] [Netty Epoll Server IO #2/INFO] [FML]: Client attempting to join with 163 mods : followingvillagers@1.0.1,weaponmaster_ydm@4.2.3,disenchanter@1.8,spartansabovediamonds@2.6,supermartijn642configlib@1.1.6,creativecoredummy@1.0.0,fantasticlib@1.12.2.070,villagenames@4.4.13,futuremc@0.2.6,fltpot@0.0.2,mtrm@1.2.2.30,fullbright@1.0.0,lttweaker@1.1.17,bowinfinityfix@rv5.1,ironjetpacks@1.1.0,neat@1.4-17,forgeendertech@1.12.2-4.5.6.1,hammercore@12.2.58,enhancedvisuals@1.3.0,xaeroworldmap@1.40.11,placebo@1.6.0,nofog@1.12.2-1.12.2-1.0.3.0,bookshelf@2.3.590,forgelin@1.8.4,llibrary@1.7.20,progressivebosses@1.5.4,srpextra@1.10.7.5,additionalstructures@2.5.0,waila@1.8.26,tinkersdisassembler@1.2.1,dynview@1.3,srpmeshi@1.8,carryon@1.12.3,jeresources@0.9.2.60,nocubessrpsurvival@3.0.0,durabilitytooltip@1.1.4,konkrete@1.6.1,corpse@1.12.2-1.0.8,nocubessrparmory@3.0.0,tenshilib@1.2.4,crafttweakerjei@2.0.3,lootoverhaul@1.2,battletowers@1.6.5,reccomplex@1.4.8.6,vehicle@0.44.1,supermartijn642corelib@1.1.20a,bstweaker@1.0.1,resourceloader@1.5.3,spark@1.5.2,improvableskills@12.4.68,roguelike@1.8.0,potioncore@1.9_for_1.12.2,aquaacrobatics@1.15.4,collective@3.0,qualitytools@1.0.7_for_1.12.2,editmobdrops@1.4.3,srpquark@1.10.4.1,uniquee@2.0.1,waterskin@1.0.1,spartanfire@1.3.3,lostcities@2.0.22,FML@8.0.99.99,obfuscate@0.4.2,atlaslib@1.1.9,spartanweaponry@1.6.1,aiimprovements@0.0.1.3,overpoweredarmorbar@@VERSION@,msic@1.0,infinitetrading@1.4,wings@1.1.6,scalinghealth@1.3.37,bettermineshafts@1.12.2-2.2.1,setbonus@1.12.2.040,uniquebase@1.0.1,liketechnikstinkertweaks@1.12.2-1.1.3.DEV.0065a55,ctgui@1.0.0,extendedrenderer@v1.0,cucumber@1.1.3,mixinbooter@10.7,reachfix@1.1.3,cgm@0.15.3,xray@2.0.0,customskinloader@14.27,bountifulbaubles@0.0.1,configmod@v1.0,jei@4.16.1.301,srpdeepseadanger@1.10.2.3,xaerolib@1.1.0,callablehorses@1.1.1,daomephsta_loot_shared@0.0.2,simpledifficulty@0.3.9,xaerolib_core@1.12.2-1.0,bauble_wings@1.0.0,ivtoolkit@1.3.3-1.12,mujmajnkraftsbettersurvival@1.5.4,potionfingers@r1.0-8,mcp@9.42,clumps@3.1.2,oresabovediamonds@3.2,hermitsarsenal@V1,artifacts@1.1.2,travelersbackpack@1.0.35,sereneseasons@1.2.18,adhooks@1.12.2-3.3.1.0,champions@1.12.2-1.0.11.10,srpr_kravataf@1.0.5,conarm@1.2.5.10,bettercombatmod@2.2.4,xat@0.32.5,iceandfire@2.2.5,moartinkers@0.6.0,crafttweaker@4.1.20,usefulslime@1.2,forge@14.23.5.2859,xaeroworldmap_core@1.12.2-1.0,srmonstress@1.0.2,eplus@5.0.176,infernalmobs@1.7.6,ironchest@1.12.2-7.0.67.844,gpu_tape@1.0.4,minecraft@1.12.2,tconstruct@1.12.2-2.13.0.183,nocubesrptweaks@V5.1,enchdesc@1.1.15,mousetweaks@2.10,toolbelt@1.9.14,silentlib@3.0.13,baubles@1.5.2,jade@0.1.0,creativecore@1.10.0,somanyenchantments@1.0.8,fermiumbooter@1.4.1,betterrolling@1.5,ctintegration@1.8.0,bloodmoon@1.5.3,quark@r1.6-179,mantle@1.12-1.3.3.55,loottweaker@0.5.1,spartanshields@1.5.5,xaerominimap@25.3.10,itemcollectors@1.1.12,bhc@2.0.3,dragondropselytra@1.3,fastbench@1.7.4,securitycraft@v1.10.1,autoreglib@1.3-32,multimob@1.0.5,performant@1.12.2-1.5,entityculling@@VER@,anvilpatch@1.1.0,farsight@1.6,fancymenu@2.14.9,coroutil@1.12.1-1.2.37,srparasites@1.10.2,fastfurnace@1.3.1,appleskin@1.0.14,lootr@0.6.2,xaerominimap_core@1.12.2-1.0,tinkersjei@1.2,improvedmobs@1.6.10,pdm@1.0,swparasites@v4,baubleye@1.3.3
[02:53:21] [Server thread/INFO] [FML]: [Server thread] Server side modded connection established
[02:53:21] [Server thread/INFO] [net.minecraft.server.management.PlayerList]: spieler[/127.128.182.178:38981] logged in with entity id 426286 at (198.74861281904126, 68.0, 320.6041529044561)
[02:53:21] [Server thread/INFO] [net.minecraft.server.dedicated.DedicatedServer]: spieler joined the game
[02:53:21] [Server thread/INFO] [Waila]: Player EntityPlayerMP['spieler'/426286, l='world', x=198.75, y=68.00, z=320.60] connected. Sending ping
[02:53:21] [Server thread/INFO] [bountifulbaubles]: Attempting to sync config to player spieler
[02:53:21] [Server thread/INFO] [SimpleDifficulty]: Sending Configuration to player: spieler
[02:53:21] [Server thread/INFO] [XAT]: Syncing Config to spieler
[02:53:22] [Server thread/INFO] [com.dynamic_view.DynView]: Mean tick: 29ms increasing chunk view distance to: 20
[02:54:25] [Server thread/INFO] [net.minecraft.server.dedicated.DedicatedServer]: [spieler: Teleported spieler to 133.5, 249.5, 263.5]
[02:56:09] [Server thread/INFO] [net.minecraft.server.dedicated.DedicatedServer]: [TPainterJL: Teleported TPainterJL to 577.5, 79.5, -602.5]
[02:56:15] [Server thread/WARN] [net.minecraft.server.MinecraftServer]: Can't keep up! Did the system time change, or is the server overloaded? Running 2603ms behind, skipping 52 tick(s)
[02:56:25] [Server thread/INFO] [com.dynamic_view.DynView]: Mean tick: 50ms decreasing chunk view distance to: 19
[02:56:28] [Server thread/INFO] [Quark ASM]: Transforming net.minecraft.inventory.ContainerWorkbench
[02:56:28] [Server thread/INFO] [Quark ASM]: Applying Transformation to method (Names [transferStackInSlot, func_82846_b] Descriptor (Lnet/minecraft/entity/player/EntityPlayer;I)Lnet/minecraft/item/ItemStack;)
[02:56:28] [Server thread/INFO] [Quark ASM]: Located Method, patching...
[02:56:28] [Server thread/INFO] [Quark ASM]: Located patch target node INVOKEVIRTUAL net/minecraft/inventory/ContainerWorkbench.func_75135_a (Lnet/minecraft/item/ItemStack;IIZ)Z
[02:56:28] [Server thread/INFO] [Quark ASM]: Located patch target node INVOKEVIRTUAL net/minecraft/inventory/ContainerWorkbench.func_75135_a (Lnet/minecraft/item/ItemStack;IIZ)Z
[02:56:28] [Server thread/INFO] [Quark ASM]: Located patch target node INVOKEVIRTUAL net/minecraft/inventory/ContainerWorkbench.func_75135_a (Lnet/minecraft/item/ItemStack;IIZ)Z
[02:56:28] [Server thread/INFO] [Quark ASM]: Located patch target node INVOKEVIRTUAL net/minecraft/inventory/ContainerWorkbench.func_75135_a (Lnet/minecraft/item/ItemStack;IIZ)Z
[02:56:28] [Server thread/INFO] [Quark ASM]: Patch result: true
[02:56:31] [Server thread/WARN] [net.minecraft.server.MinecraftServer]: Can't keep up! Did the system time change, or is the server overloaded? Running 2514ms behind, skipping 50 tick(s)
[02:56:38] [Server thread/INFO] [com.dynamic_view.DynView]: Mean tick: 39ms increasing chunk view distance to: 20
[02:57:08] [Server thread/INFO] [net.minecraft.server.dedicated.DedicatedServer]: [spieler: Teleported spieler to TPainterJL]
[02:57:33] [Server thread/WARN] [Scaling Health]: Another mod seems to have canceled healing from a heart container (player TPainterJL)
[02:58:35] [Server thread/INFO] [Lootr]: Added minecraft:hopper to the Lootr block replacement list.
[02:58:35] [Server thread/INFO] [Lootr]: Added minecraft:dropper to the Lootr block replacement list.
[02:58:35] [Server thread/INFO] [Lootr]: Added minecraft:white_shulker_box to the Lootr block replacement list.
[02:58:35] [Server thread/INFO] [Lootr]: Added minecraft:orange_shulker_box to the Lootr block replacement list.
[02:58:35] [Server thread/INFO] [Lootr]: Added minecraft:magenta_shulker_box to the Lootr block replacement list.
[02:58:35] [Server thread/INFO] [Lootr]: Added minecraft:light_blue_shulker_box to the Lootr block replacement list.
[02:58:35] [Server thread/INFO] [Lootr]: Added minecraft:yellow_shulker_box to the Lootr block replacement list.
[02:58:35] [Server thread/INFO] [Lootr]: Added minecraft:lime_shulker_box to the Lootr block replacement list.
[02:58:35] [Server thread/INFO] [Lootr]: Added minecraft:pink_shulker_box to the Lootr block replacement list.
[02:58:35] [Server thread/INFO] [Lootr]: Added minecraft:gray_shulker_box to the Lootr block replacement list.
[02:58:35] [Server thread/INFO] [Lootr]: Added minecraft:silver_shulker_box to the Lootr block replacement list.
[02:58:35] [Server thread/INFO] [Lootr]: Added minecraft:cyan_shulker_box to the Lootr block replacement list.
[02:58:35] [Server thread/INFO] [Lootr]: Added minecraft:blue_shulker_box to the Lootr block replacement list.
[02:58:35] [Server thread/INFO] [Lootr]: Added minecraft:brown_shulker_box to the Lootr block replacement list.
[02:58:35] [Server thread/INFO] [Lootr]: Added minecraft:green_shulker_box to the Lootr block replacement list.
[02:58:35] [Server thread/INFO] [Lootr]: Added minecraft:red_shulker_box to the Lootr block replacement list.
[02:58:35] [Server thread/INFO] [Lootr]: Added minecraft:black_shulker_box to the Lootr block replacement list.
[02:58:35] [Server thread/INFO] [Lootr]: Added securitycraft:keypad_chest to the Lootr block replacement list.
[02:58:35] [Server thread/INFO] [Lootr]: Added securitycraft:reinforced_hopper to the Lootr block replacement list.
[02:58:35] [Server thread/INFO] [Lootr]: Added securitycraft:reinforced_dispenser to the Lootr block replacement list.
[02:58:35] [Server thread/INFO] [Lootr]: Added securitycraft:reinforced_dropper to the Lootr block replacement list.
[02:58:35] [Server thread/INFO] [Lootr]: Added tconstruct:wooden_hopper to the Lootr block replacement list.
[02:58:35] [Server thread/INFO] [Lootr]: Added iceandfire:desert_myrmex_cocoon to the Lootr block replacement list.
[02:58:35] [Server thread/INFO] [Lootr]: Added iceandfire:jungle_myrmex_cocoon to the Lootr block replacement list.
[02:58:35] [Server thread/INFO] [Lootr]: Added iceandfire:ghost_chest to the Lootr block replacement list.
[02:58:35] [Server thread/INFO] [Lootr]: Added ironchest:iron_chest to the Lootr block replacement list.
[02:58:35] [Server thread/INFO] [Lootr]: Added ironchest:iron_shulker_box_white to the Lootr block replacement list.
[02:58:35] [Server thread/INFO] [Lootr]: Added ironchest:iron_shulker_box_orange to the Lootr block replacement list.
[02:58:35] [Server thread/INFO] [Lootr]: Added ironchest:iron_shulker_box_magenta to the Lootr block replacement list.
[02:58:35] [Server thread/INFO] [Lootr]: Added ironchest:iron_shulker_box_light_blue to the Lootr block replacement list.
[02:58:35] [Server thread/INFO] [Lootr]: Added ironchest:iron_shulker_box_yellow to the Lootr block replacement list.
[02:58:35] [Server thread/INFO] [Lootr]: Added ironchest:iron_shulker_box_lime to the Lootr block replacement list.
[02:58:35] [Server thread/INFO] [Lootr]: Added ironchest:iron_shulker_box_pink to the Lootr block replacement list.
[02:58:35] [Server thread/INFO] [Lootr]: Added ironchest:iron_shulker_box_gray to the Lootr block replacement list.
[02:58:35] [Server thread/INFO] [Lootr]: Added ironchest:iron_shulker_box_silver to the Lootr block replacement list.
[02:58:35] [Server thread/INFO] [Lootr]: Added ironchest:iron_shulker_box_cyan to the Lootr block replacement list.
[02:58:35] [Server thread/INFO] [Lootr]: Added ironchest:iron_shulker_box_purple to the Lootr block replacement list.
[02:58:35] [Server thread/INFO] [Lootr]: Added ironchest:iron_shulker_box_blue to the Lootr block replacement list.
[02:58:35] [Server thread/INFO] [Lootr]: Added ironchest:iron_shulker_box_brown to the Lootr block replacement list.
[02:58:35] [Server thread/INFO] [Lootr]: Added ironchest:iron_shulker_box_green to the Lootr block replacement list.
[02:58:35] [Server thread/INFO] [Lootr]: Added ironchest:iron_shulker_box_red to the Lootr block replacement list.
[02:58:35] [Server thread/INFO] [Lootr]: Added ironchest:iron_shulker_box_black to the Lootr block replacement list.
[02:58:35] [Server thread/INFO] [Lootr]: Added srparasites:dermoid_cyst to the Lootr block replacement list.
[02:58:35] [Server thread/INFO] [Lootr]: Added srparasites:canisteractive to the Lootr block replacement list.
[02:58:40] [Server thread/INFO] [com.dynamic_view.DynView]: Mean tick: 70ms decreasing chunk view distance to: 19
[02:58:42] [Server thread/WARN] [net.minecraft.server.MinecraftServer]: Can't keep up! Did the system time change, or is the server overloaded? Running 2754ms behind, skipping 55 tick(s)
[02:58:54] [Server thread/INFO] [com.dynamic_view.DynView]: Mean tick: 38ms increasing chunk view distance to: 20
[02:59:22] [Server thread/INFO] [net.minecraft.server.dedicated.DedicatedServer]: [TPainterJL: Teleported TPainterJL to 133.5, 249.5, 263.5]
[02:59:25] [Server thread/WARN] [net.minecraft.server.MinecraftServer]: Can't keep up! Did the system time change, or is the server overloaded? Running 2234ms behind, skipping 44 tick(s)
[02:59:27] [Server thread/INFO] [com.dynamic_view.DynView]: Mean tick: 76ms decreasing chunk view distance to: 19
[02:59:42] [Server thread/INFO] [net.minecraft.server.dedicated.DedicatedServer]: [TPainterJL: Teleported TPainterJL to 577.5, 79.5, -602.5]
[02:59:44] [Server thread/INFO] [com.dynamic_view.DynView]: Mean tick: 52ms decreasing chunk view distance to: 18
[02:59:44] [Server thread/WARN] [net.minecraft.server.MinecraftServer]: Can't keep up! Did the system time change, or is the server overloaded? Running 5047ms behind, skipping 100 tick(s)
[02:59:53] [Server thread/INFO] [net.minecraft.server.dedicated.DedicatedServer]: TPainterJL was slain by King's Guardian
[02:59:54] [Server thread/WARN] [net.minecraft.entity.EntityTrackerEntry]: Fetching addPacket for removed entity
[02:59:58] [Server thread/WARN] [net.minecraft.server.MinecraftServer]: Can't keep up! Did the system time change, or is the server overloaded? Running 2806ms behind, skipping 56 tick(s)
[02:59:59] [Server thread/INFO] [com.dynamic_view.DynView]: Mean tick: 64ms decreasing chunk view distance to: 17
[03:00:02] [Server thread/INFO] [net.minecraft.server.dedicated.DedicatedServer]: [TPainterJL: Teleported TPainterJL to 533.5, 92.5, -552.5]
[03:00:13] [Server thread/INFO] [com.dynamic_view.DynView]: Mean tick: 38ms increasing chunk view distance to: 18
[03:00:28] [Server thread/INFO] [com.dynamic_view.DynView]: Mean tick: 36ms increasing chunk view distance to: 19
[03:00:43] [Server thread/INFO] [com.dynamic_view.DynView]: Mean tick: 37ms increasing chunk view distance to: 20
[03:01:06] [Server thread/INFO] [net.minecraft.server.dedicated.DedicatedServer]: TPainterJL was slain by King's Guardian
[03:01:12] [Server thread/INFO] [net.minecraft.server.dedicated.DedicatedServer]: [TPainterJL: Teleported TPainterJL to 533.5, 92.5, -552.5]
[03:01:14] [Server thread/WARN] [net.minecraft.server.MinecraftServer]: Can't keep up! Did the system time change, or is the server overloaded? Running 2176ms behind, skipping 43 tick(s)
[03:01:15] [Server thread/INFO] [com.dynamic_view.DynView]: Mean tick: 59ms decreasing chunk view distance to: 19
[03:01:28] [Server thread/INFO] [com.dynamic_view.DynView]: Mean tick: 36ms increasing chunk view distance to: 20
[03:01:51] [Server thread/INFO] [net.minecraft.server.dedicated.DedicatedServer]: TPainterJL was slain by Watchtower Guardian
[03:01:56] [Server thread/INFO] [net.minecraft.server.dedicated.DedicatedServer]: [TPainterJL: Teleported TPainterJL to 533.5, 92.5, -552.5]
[03:01:57] [Server thread/WARN] [net.minecraft.server.MinecraftServer]: Can't keep up! Did the system time change, or is the server overloaded? Running 2412ms behind, skipping 48 tick(s)
[03:02:00] [Server thread/INFO] [com.dynamic_view.DynView]: Mean tick: 53ms decreasing chunk view distance to: 19
[03:02:13] [Server thread/INFO] [com.dynamic_view.DynView]: Mean tick: 36ms increasing chunk view distance to: 20
[03:02:48] [Server thread/INFO] [net.minecraft.server.dedicated.DedicatedServer]: TPainterJL was slain by King's Guardian
[03:02:55] [Server thread/INFO] [net.minecraft.server.dedicated.DedicatedServer]: [TPainterJL: Teleported TPainterJL to 533.5, 92.5, -552.5]
[03:02:56] [Server thread/WARN] [net.minecraft.server.MinecraftServer]: Can't keep up! Did the system time change, or is the server overloaded? Running 2930ms behind, skipping 58 tick(s)
[03:03:03] [Server thread/INFO] [net.minecraft.server.dedicated.DedicatedServer]: TPainterJL was slain by Assimilated Sheep
[03:03:10] [Server thread/INFO] [net.minecraft.server.dedicated.DedicatedServer]: [TPainterJL: Teleported TPainterJL to 533.5, 92.5, -552.5]
[03:03:12] [Server thread/WARN] [net.minecraft.server.MinecraftServer]: Can't keep up! Did the system time change, or is the server overloaded? Running 2740ms behind, skipping 54 tick(s)
[03:03:57] [Server thread/INFO] [net.minecraft.server.dedicated.DedicatedServer]: [TPainterJL: Teleported TPainterJL to 133.5, 249.5, 263.5]
[03:04:02] [Server thread/INFO] [com.dynamic_view.DynView]: Mean tick: 67ms decreasing chunk view distance to: 19
[03:04:03] [Server thread/WARN] [net.minecraft.server.MinecraftServer]: Can't keep up! Did the system time change, or is the server overloaded? Running 2691ms behind, skipping 53 tick(s)
[03:04:11] [Server thread/INFO] [net.minecraft.server.dedicated.DedicatedServer]: [TPainterJL: Teleported TPainterJL to 533.5, 92.5, -552.5]
[03:04:16] [Server thread/INFO] [com.dynamic_view.DynView]: Mean tick: 40ms increasing chunk view distance to: 20
[03:05:02] [Server thread/INFO] [net.minecraft.server.dedicated.DedicatedServer]: spieler has completed the challenge [Controversial]
[03:06:19] [Server thread/INFO] [net.minecraft.server.dedicated.DedicatedServer]: [TPainterJL: Teleported TPainterJL to 133.5, 249.5, 263.5]
[03:06:34] [Server thread/INFO] [net.minecraft.server.dedicated.DedicatedServer]: [TPainterJL: Teleported TPainterJL to 533.5, 92.5, -552.5]
[03:06:54] [Server thread/INFO] [net.minecraft.server.dedicated.DedicatedServer]: spieler was slain by Watchtower Guardian
[03:06:56] [Server thread/WARN] [net.minecraft.entity.EntityTrackerEntry]: Fetching addPacket for removed entity
[03:06:56] [Server thread/WARN] [net.minecraft.entity.EntityTrackerEntry]: Fetching addPacket for removed entity
[03:07:02] [Server thread/INFO] [com.dynamic_view.DynView]: Mean tick: 59ms decreasing chunk view distance to: 19
[03:07:16] [Server thread/INFO] [com.dynamic_view.DynView]: Mean tick: 41ms increasing chunk view distance to: 20
[03:07:16] [Server thread/INFO] [net.minecraft.server.dedicated.DedicatedServer]: TPainterJL was slain by Mangler
[03:07:22] [Server thread/INFO] [net.minecraft.server.dedicated.DedicatedServer]: [TPainterJL: Teleported TPainterJL to 533.5, 92.5, -552.5]
[03:07:32] [Server thread/INFO] [net.minecraft.server.dedicated.DedicatedServer]: [TPainterJL: Set own game mode to Creative Mode]
[03:07:33] [Server thread/INFO] [net.minecraft.server.dedicated.DedicatedServer]: [spieler: Set own game mode to Creative Mode]
[03:07:41] [Server thread/INFO] [net.minecraft.server.dedicated.DedicatedServer]: [spieler: Teleported spieler to 491.5, 65.5, -574.5]
[03:07:49] [Server thread/INFO] [net.minecraft.network.NetHandlerPlayServer]: spieler lost connection: Disconnected
[03:07:49] [Server thread/INFO] [net.minecraft.server.dedicated.DedicatedServer]: spieler left the game
[03:08:17] [Netty Epoll Server IO #4/INFO] [FML]: Client protocol version 2
[03:08:17] [Netty Epoll Server IO #4/INFO] [FML]: Client attempting to join with 163 mods : followingvillagers@1.0.1,weaponmaster_ydm@4.2.3,disenchanter@1.8,spartansabovediamonds@2.6,supermartijn642configlib@1.1.6,creativecoredummy@1.0.0,fantasticlib@1.12.2.070,villagenames@4.4.13,futuremc@0.2.6,fltpot@0.0.2,mtrm@1.2.2.30,fullbright@1.0.0,lttweaker@1.1.17,bowinfinityfix@rv5.1,ironjetpacks@1.1.0,neat@1.4-17,forgeendertech@1.12.2-4.5.6.1,hammercore@12.2.58,enhancedvisuals@1.3.0,xaeroworldmap@1.40.11,placebo@1.6.0,nofog@1.12.2-1.12.2-1.0.3.0,bookshelf@2.3.590,forgelin@1.8.4,llibrary@1.7.20,progressivebosses@1.5.4,srpextra@1.10.7.5,additionalstructures@2.5.0,waila@1.8.26,tinkersdisassembler@1.2.1,dynview@1.3,srpmeshi@1.8,carryon@1.12.3,jeresources@0.9.2.60,nocubessrpsurvival@3.0.0,durabilitytooltip@1.1.4,konkrete@1.6.1,corpse@1.12.2-1.0.8,nocubessrparmory@3.0.0,tenshilib@1.2.4,crafttweakerjei@2.0.3,lootoverhaul@1.2,battletowers@1.6.5,reccomplex@1.4.8.6,vehicle@0.44.1,supermartijn642corelib@1.1.20a,bstweaker@1.0.1,resourceloader@1.5.3,spark@1.5.2,improvableskills@12.4.68,roguelike@1.8.0,potioncore@1.9_for_1.12.2,aquaacrobatics@1.15.4,collective@3.0,qualitytools@1.0.7_for_1.12.2,editmobdrops@1.4.3,srpquark@1.10.4.1,uniquee@2.0.1,waterskin@1.0.1,spartanfire@1.3.3,lostcities@2.0.22,FML@8.0.99.99,obfuscate@0.4.2,atlaslib@1.1.9,spartanweaponry@1.6.1,aiimprovements@0.0.1.3,overpoweredarmorbar@@VERSION@,msic@1.0,infinitetrading@1.4,wings@1.1.6,scalinghealth@1.3.37,bettermineshafts@1.12.2-2.2.1,setbonus@1.12.2.040,uniquebase@1.0.1,liketechnikstinkertweaks@1.12.2-1.1.3.DEV.0065a55,ctgui@1.0.0,extendedrenderer@v1.0,cucumber@1.1.3,mixinbooter@10.7,reachfix@1.1.3,cgm@0.15.3,xray@2.0.0,customskinloader@14.27,bountifulbaubles@0.0.1,configmod@v1.0,jei@4.16.1.301,srpdeepseadanger@1.10.2.3,xaerolib@1.1.0,callablehorses@1.1.1,daomephsta_loot_shared@0.0.2,simpledifficulty@0.3.9,xaerolib_core@1.12.2-1.0,bauble_wings@1.0.0,ivtoolkit@1.3.3-1.12,mujmajnkraftsbettersurvival@1.5.4,potionfingers@r1.0-8,mcp@9.42,clumps@3.1.2,oresabovediamonds@3.2,hermitsarsenal@V1,artifacts@1.1.2,travelersbackpack@1.0.35,sereneseasons@1.2.18,adhooks@1.12.2-3.3.1.0,champions@1.12.2-1.0.11.10,srpr_kravataf@1.0.5,conarm@1.2.5.10,bettercombatmod@2.2.4,xat@0.32.5,iceandfire@2.2.5,moartinkers@0.6.0,crafttweaker@4.1.20,usefulslime@1.2,forge@14.23.5.2859,xaeroworldmap_core@1.12.2-1.0,srmonstress@1.0.2,eplus@5.0.176,infernalmobs@1.7.6,ironchest@1.12.2-7.0.67.844,gpu_tape@1.0.4,minecraft@1.12.2,tconstruct@1.12.2-2.13.0.183,nocubesrptweaks@V5.1,enchdesc@1.1.15,mousetweaks@2.10,toolbelt@1.9.14,silentlib@3.0.13,baubles@1.5.2,jade@0.1.0,creativecore@1.10.0,somanyenchantments@1.0.8,fermiumbooter@1.4.1,betterrolling@1.5,ctintegration@1.8.0,bloodmoon@1.5.3,quark@r1.6-179,mantle@1.12-1.3.3.55,loottweaker@0.5.1,spartanshields@1.5.5,xaerominimap@25.3.10,itemcollectors@1.1.12,bhc@2.0.3,dragondropselytra@1.3,fastbench@1.7.4,securitycraft@v1.10.1,autoreglib@1.3-32,multimob@1.0.5,performant@1.12.2-1.5,entityculling@@VER@,anvilpatch@1.1.0,farsight@1.6,fancymenu@2.14.9,coroutil@1.12.1-1.2.37,srparasites@1.10.2,fastfurnace@1.3.1,appleskin@1.0.14,lootr@0.6.2,xaerominimap_core@1.12.2-1.0,tinkersjei@1.2,improvedmobs@1.6.10,pdm@1.0,swparasites@v4,baubleye@1.3.3
[03:08:22] [Server thread/INFO] [FML]: [Server thread] Server side modded connection established
[03:08:22] [Server thread/INFO] [net.minecraft.server.management.PlayerList]: spieler[/127.128.182.178:42281] logged in with entity id 2206214 at (489.7704907261123, 67.0, -573.8897193690539)
[03:08:22] [Server thread/INFO] [net.minecraft.server.dedicated.DedicatedServer]: spieler joined the game
[03:08:22] [Server thread/INFO] [Waila]: Player EntityPlayerMP['spieler'/2206214, l='world', x=489.77, y=67.00, z=-573.89] connected. Sending ping
[03:08:22] [Server thread/INFO] [bountifulbaubles]: Attempting to sync config to player spieler
[03:08:22] [Server thread/INFO] [SimpleDifficulty]: Sending Configuration to player: spieler
[03:08:22] [Server thread/INFO] [XAT]: Syncing Config to spieler
[03:08:22] [Server thread/INFO] [net.minecraft.server.dedicated.DedicatedServer]: [TPainterJL: Set own game mode to Survival Mode]
[03:08:42] [Server thread/INFO] [net.minecraft.server.dedicated.DedicatedServer]: [TPainterJL: Teleported TPainterJL to 133.5, 249.5, 263.5]
[03:08:47] [Server thread/INFO] [com.dynamic_view.DynView]: Mean tick: 54ms decreasing chunk view distance to: 19
[03:09:01] [Server thread/INFO] [com.dynamic_view.DynView]: Mean tick: 39ms increasing chunk view distance to: 20
[03:10:06] [Server thread/INFO] [com.dynamic_view.DynView]: Mean tick: 94ms decreasing chunk view distance to: 19
[03:10:06] [Server thread/WARN] [net.minecraft.server.MinecraftServer]: Can't keep up! Did the system time change, or is the server overloaded? Running 5041ms behind, skipping 100 tick(s)
[03:10:11] [Server thread/INFO] [net.minecraft.server.dedicated.DedicatedServer]: [spieler: Set own game mode to Survival Mode]
[03:10:34] [Server thread/INFO] [com.dynamic_view.DynView]: Mean tick: 41ms increasing chunk view distance to: 20
[03:10:49] [Server thread/WARN] [net.minecraft.server.MinecraftServer]: Can't keep up! Did the system time change, or is the server overloaded? Running 15610ms behind, skipping 312 tick(s)
[03:10:49] [Server thread/WARN] [net.minecraft.network.NetHandlerPlayServer]: spieler moved too quickly! 8.85722872628719,2.154876553818994,-4.212825196664312
[03:10:49] [Server thread/INFO] [net.minecraft.network.NetHandlerPlayServer]: TPainterJL lost connection: Disconnected
[03:10:49] [Server thread/INFO] [net.minecraft.server.dedicated.DedicatedServer]: TPainterJL left the game
[03:10:52] [Server thread/WARN] [net.minecraft.server.MinecraftServer]: Can't keep up! Did the system time change, or is the server overloaded? Running 2353ms behind, skipping 47 tick(s)
[03:10:59] [Netty Epoll Server IO #6/INFO] [FML]: Client protocol version 2
[03:10:59] [Netty Epoll Server IO #6/INFO] [FML]: Client attempting to join with 162 mods : followingvillagers@1.0.1,weaponmaster_ydm@4.2.3,disenchanter@1.8,spartansabovediamonds@2.6,supermartijn642configlib@1.1.6,creativecoredummy@1.0.0,fantasticlib@1.12.2.070,villagenames@4.4.13,futuremc@0.2.6,fltpot@0.0.2,mtrm@1.2.2.30,fullbright@1.0.0,lttweaker@1.1.17,bowinfinityfix@rv5.1,ironjetpacks@1.1.0,neat@1.4-17,forgeendertech@1.12.2-4.5.6.1,hammercore@12.2.58,enhancedvisuals@1.3.0,xaeroworldmap@1.40.11,placebo@1.6.0,nofog@1.12.2-1.12.2-1.0.3.0,bookshelf@2.3.590,forgelin@1.8.4,llibrary@1.7.20,progressivebosses@1.5.4,srpextra@1.10.7.5,additionalstructures@2.5.0,waila@1.8.26,tinkersdisassembler@1.2.1,dynview@1.3,srpmeshi@1.8,carryon@1.12.3,jeresources@0.9.2.60,nocubessrpsurvival@3.0.0,durabilitytooltip@1.1.4,konkrete@1.6.1,corpse@1.12.2-1.0.8,nocubessrparmory@3.0.0,tenshilib@1.2.4,crafttweakerjei@2.0.3,lootoverhaul@1.2,battletowers@1.6.5,reccomplex@1.4.8.6,vehicle@0.44.1,supermartijn642corelib@1.1.20a,bstweaker@1.0.1,resourceloader@1.5.3,spark@1.5.2,improvableskills@12.4.68,roguelike@1.8.0,potioncore@1.9_for_1.12.2,aquaacrobatics@1.15.4,collective@3.0,qualitytools@1.0.7_for_1.12.2,editmobdrops@1.4.3,srpquark@1.10.4.1,uniquee@2.0.1,waterskin@1.0.1,spartanfire@1.3.3,lostcities@2.0.22,FML@8.0.99.99,obfuscate@0.4.2,atlaslib@1.1.9,spartanweaponry@1.6.1,aiimprovements@0.0.1.3,overpoweredarmorbar@@VERSION@,msic@1.0,infinitetrading@1.4,wings@1.1.6,scalinghealth@1.3.37,bettermineshafts@1.12.2-2.2.1,setbonus@1.12.2.040,uniquebase@1.0.1,liketechnikstinkertweaks@1.12.2-1.1.3.DEV.0065a55,ctgui@1.0.0,extendedrenderer@v1.0,cucumber@1.1.3,mixinbooter@10.7,reachfix@1.1.3,cgm@0.15.3,customskinloader@14.27,bountifulbaubles@0.0.1,configmod@v1.0,jei@4.16.1.301,srpdeepseadanger@1.10.2.3,xaerolib@1.1.0,callablehorses@1.1.1,daomephsta_loot_shared@0.0.2,simpledifficulty@0.3.9,xaerolib_core@1.12.2-1.0,bauble_wings@1.0.0,ivtoolkit@1.3.3-1.12,mujmajnkraftsbettersurvival@1.5.4,potionfingers@r1.0-8,mcp@9.42,clumps@3.1.2,oresabovediamonds@3.2,hermitsarsenal@V1,artifacts@1.1.2,travelersbackpack@1.0.35,sereneseasons@1.2.18,adhooks@1.12.2-3.3.1.0,champions@1.12.2-1.0.11.10,srpr_kravataf@1.0.5,conarm@1.2.5.10,bettercombatmod@2.2.4,xat@0.32.5,iceandfire@2.2.5,moartinkers@0.6.0,crafttweaker@4.1.20,usefulslime@1.2,forge@14.23.5.2859,xaeroworldmap_core@1.12.2-1.0,srmonstress@1.0.2,eplus@5.0.176,infernalmobs@1.7.6,ironchest@1.12.2-7.0.67.844,gpu_tape@1.0.4,minecraft@1.12.2,tconstruct@1.12.2-2.13.0.183,nocubesrptweaks@V5.1,enchdesc@1.1.15,mousetweaks@2.10,toolbelt@1.9.14,silentlib@3.0.13,baubles@1.5.2,jade@0.1.0,creativecore@1.10.0,somanyenchantments@1.0.8,fermiumbooter@1.4.1,betterrolling@1.5,ctintegration@1.8.0,bloodmoon@1.5.3,quark@r1.6-179,mantle@1.12-1.3.3.55,loottweaker@0.5.1,spartanshields@1.5.5,xaerominimap@25.3.10,itemcollectors@1.1.12,bhc@2.0.3,dragondropselytra@1.3,fastbench@1.7.4,securitycraft@v1.10.1,autoreglib@1.3-32,multimob@1.0.5,performant@1.12.2-1.5,entityculling@@VER@,anvilpatch@1.1.0,farsight@1.6,fancymenu@2.14.9,coroutil@1.12.1-1.2.37,srparasites@1.10.2,fastfurnace@1.3.1,appleskin@1.0.14,lootr@0.6.2,xaerominimap_core@1.12.2-1.0,tinkersjei@1.2,improvedmobs@1.6.10,pdm@1.0,swparasites@v4,baubleye@1.3.3
[03:11:04] [Server thread/INFO] [FML]: [Server thread] Server side modded connection established
[03:11:04] [Server thread/INFO] [net.minecraft.server.management.PlayerList]: TPainterJL[/127.27.152.180:40143] logged in with entity id 2512938 at (136.90538660021318, 251.0, 267.5729295387867)
[03:11:04] [Server thread/INFO] [net.minecraft.server.dedicated.DedicatedServer]: TPainterJL joined the game
[03:11:04] [Server thread/INFO] [Waila]: Player EntityPlayerMP['TPainterJL'/2512938, l='world', x=136.91, y=251.00, z=267.57] connected. Sending ping
[03:11:04] [Server thread/INFO] [bountifulbaubles]: Attempting to sync config to player TPainterJL
[03:11:04] [Server thread/INFO] [SimpleDifficulty]: Sending Configuration to player: TPainterJL
[03:11:04] [Server thread/INFO] [XAT]: Syncing Config to TPainterJL
[03:11:25] [Server thread/WARN] [reccomplex]: Cascading chunk generation happening while placing PestilentialTreeStageII
[03:11:25] [Server thread/WARN] [FML]: Recurrent Complex loaded a new chunk [14, -69] in dimension 0 (overworld) while populating chunk [14, -68], causing cascading worldgen lag.
[03:11:25] [Server thread/WARN] [FML]: Please report this to the mod's issue tracker. This log can be disabled in the Forge config.
[03:11:25] [Server thread/WARN] [reccomplex]: Cascading chunk generation happening while placing PestilentialTreeStageII
[03:11:25] [Server thread/WARN] [FML]: Recurrent Complex loaded a new chunk [13, -69] in dimension 0 (overworld) while populating chunk [14, -68], causing cascading worldgen lag.
[03:11:25] [Server thread/WARN] [FML]: Please report this to the mod's issue tracker. This log can be disabled in the Forge config.
[03:11:33] [Server thread/INFO] [com.dynamic_view.DynView]: Mean tick: 48ms decreasing chunk view distance to: 19
[03:11:49] [Server thread/INFO] [com.dynamic_view.DynView]: Mean tick: 49ms decreasing chunk view distance to: 18
[03:12:03] [Server thread/INFO] [com.dynamic_view.DynView]: Mean tick: 41ms increasing chunk view distance to: 19
[03:12:07] [Server thread/INFO] [net.minecraft.server.dedicated.DedicatedServer]: [TPainterJL: Teleported TPainterJL to spieler]
[03:12:18] [Server thread/INFO] [com.dynamic_view.DynView]: Mean tick: 28ms increasing chunk view distance to: 20
[03:12:45] [Server thread/WARN] [reccomplex]: Cascading chunk generation happening while generating StonePlantMound2
[03:12:45] [Server thread/WARN] [FML]: Recurrent Complex loaded a new chunk [69, -51] in dimension 0 (overworld) while populating chunk [69, -50], causing cascading worldgen lag.
[03:12:45] [Server thread/WARN] [FML]: Please report this to the mod's issue tracker. This log can be disabled in the Forge config.
[03:12:46] [Server thread/INFO] [Scaling Health]: Blight Skeleton was killed by TPainterJL
[03:12:47] [Server thread/WARN] [FML]: Quark loaded a new chunk [70, -24] in dimension 0 (overworld) while populating chunk [70, -25], causing cascading worldgen lag.
[03:12:47] [Server thread/WARN] [FML]: Please report this to the mod's issue tracker. This log can be disabled in the Forge config.
[03:12:50] [Server thread/WARN] [FML]: Quark loaded a new chunk [72, -59] in dimension 0 (overworld) while populating chunk [72, -58], causing cascading worldgen lag.
[03:12:50] [Server thread/WARN] [FML]: Please report this to the mod's issue tracker. This log can be disabled in the Forge config.
[03:12:50] [Server thread/WARN] [net.minecraft.server.MinecraftServer]: Can't keep up! Did the system time change, or is the server overloaded? Running 4268ms behind, skipping 85 tick(s)
[03:12:52] [Server thread/INFO] [com.dynamic_view.DynView]: Mean tick: 85ms decreasing chunk view distance to: 19
[03:13:05] [Server thread/INFO] [net.minecraft.server.dedicated.DedicatedServer]: [TPainterJL: Teleported TPainterJL to spieler]
[03:13:21] [Server thread/INFO] [com.dynamic_view.DynView]: Mean tick: 29ms increasing chunk view distance to: 20
[03:13:23] [Server thread/WARN] [reccomplex]: Cascading chunk generation happening while preparing StoneMazeHuge
[03:13:23] [Server thread/WARN] [FML]: Recurrent Complex loaded a new chunk [75, -38] in dimension 0 (overworld) while populating chunk [74, -37], causing cascading worldgen lag.
[03:13:23] [Server thread/WARN] [FML]: Please report this to the mod's issue tracker. This log can be disabled in the Forge config.
[03:13:23] [Server thread/WARN] [reccomplex]: Cascading chunk generation happening while preparing StoneMazeHuge
[03:13:23] [Server thread/WARN] [FML]: Recurrent Complex loaded a new chunk [74, -36] in dimension 0 (overworld) while populating chunk [74, -37], causing cascading worldgen lag.
[03:13:23] [Server thread/WARN] [FML]: Please report this to the mod's issue tracker. This log can be disabled in the Forge config.
[03:13:23] [Server thread/WARN] [reccomplex]: Cascading chunk generation happening while preparing StoneMazeHuge
[03:13:23] [Server thread/WARN] [FML]: Recurrent Complex loaded a new chunk [75, -36] in dimension 0 (overworld) while populating chunk [74, -37], causing cascading worldgen lag.
[03:13:23] [Server thread/WARN] [FML]: Please report this to the mod's issue tracker. This log can be disabled in the Forge config.
[03:13:23] [Server thread/WARN] [reccomplex]: Cascading chunk generation happening while preparing StoneMazeHuge
[03:13:23] [Server thread/WARN] [FML]: Recurrent Complex loaded a new chunk [75, -37] in dimension 0 (overworld) while populating chunk [74, -37], causing cascading worldgen lag.
[03:13:23] [Server thread/WARN] [FML]: Please report this to the mod's issue tracker. This log can be disabled in the Forge config.
[03:13:23] [Server thread/WARN] [reccomplex]: Cascading chunk generation happening while preparing StoneMazeHuge
[03:13:23] [Server thread/WARN] [FML]: Recurrent Complex loaded a new chunk [74, -35] in dimension 0 (overworld) while populating chunk [74, -37], causing cascading worldgen lag.
[03:13:23] [Server thread/WARN] [FML]: Please report this to the mod's issue tracker. This log can be disabled in the Forge config.
[03:13:23] [Server thread/WARN] [reccomplex]: Cascading chunk generation happening while preparing StoneMazeHuge
[03:13:23] [Server thread/WARN] [FML]: Recurrent Complex loaded a new chunk [75, -35] in dimension 0 (overworld) while populating chunk [74, -37], causing cascading worldgen lag.
[03:13:23] [Server thread/WARN] [FML]: Please report this to the mod's issue tracker. This log can be disabled in the Forge config.
[03:13:23] [Server thread/WARN] [reccomplex]: Cascading chunk generation happening while generating StoneMazeHuge
[03:13:23] [Server thread/WARN] [FML]: Recurrent Complex loaded a new chunk [1, 0] in dimension 0 (overworld) while populating chunk [74, -37], causing cascading worldgen lag.
[03:13:23] [Server thread/WARN] [FML]: Please report this to the mod's issue tracker. This log can be disabled in the Forge config.
[03:13:24] [Server thread/WARN] [reccomplex]: Cascading chunk generation happening while pre-complementing StoneMazeHuge
[03:13:24] [Server thread/WARN] [FML]: Recurrent Complex loaded a new chunk [2, 2] in dimension 0 (overworld) while populating chunk [74, -37], causing cascading worldgen lag.
[03:13:24] [Server thread/WARN] [FML]: Please report this to the mod's issue tracker. This log can be disabled in the Forge config.
[03:13:24] [Server thread/WARN] [reccomplex]: Cascading chunk generation happening while pre-complementing StoneMazeHuge
[03:13:24] [Server thread/WARN] [FML]: Recurrent Complex loaded a new chunk [1, 1] in dimension 0 (overworld) while populating chunk [74, -37], causing cascading worldgen lag.
[03:13:24] [Server thread/WARN] [FML]: Please report this to the mod's issue tracker. This log can be disabled in the Forge config.
[03:13:24] [Server thread/WARN] [reccomplex]: Cascading chunk generation happening while pre-complementing StoneMazeHuge
[03:13:24] [Server thread/WARN] [FML]: Recurrent Complex loaded a new chunk [1, 2] in dimension 0 (overworld) while populating chunk [74, -37], causing cascading worldgen lag.
[03:13:24] [Server thread/WARN] [FML]: Please report this to the mod's issue tracker. This log can be disabled in the Forge config.
[03:13:24] [Server thread/WARN] [reccomplex]: Cascading chunk generation happening while pre-complementing StoneMazeHuge
[03:13:24] [Server thread/WARN] [FML]: Recurrent Complex loaded a new chunk [0, 2] in dimension 0 (overworld) while populating chunk [74, -37], causing cascading worldgen lag.
[03:13:24] [Server thread/WARN] [FML]: Please report this to the mod's issue tracker. This log can be disabled in the Forge config.
[03:13:24] [Server thread/WARN] [reccomplex]: Cascading chunk generation happening while pre-complementing StoneMazeHuge
[03:13:24] [Server thread/WARN] [FML]: Recurrent Complex loaded a new chunk [0, 1] in dimension 0 (overworld) while populating chunk [74, -37], causing cascading worldgen lag.
[03:13:24] [Server thread/WARN] [FML]: Please report this to the mod's issue tracker. This log can be disabled in the Forge config.
[03:13:24] [Server thread/WARN] [reccomplex]: Cascading chunk generation happening while pre-complementing StoneMazeHuge
[03:13:24] [Server thread/WARN] [FML]: Recurrent Complex loaded a new chunk [0, 0] in dimension 0 (overworld) while populating chunk [74, -37], causing cascading worldgen lag.
[03:13:24] [Server thread/WARN] [FML]: Please report this to the mod's issue tracker. This log can be disabled in the Forge config.
[03:13:24] [Server thread/WARN] [reccomplex]: Cascading chunk generation happening while pre-complementing StoneMazeHuge
[03:13:24] [Server thread/WARN] [FML]: Recurrent Complex loaded a new chunk [2, 1] in dimension 0 (overworld) while populating chunk [74, -37], causing cascading worldgen lag.
[03:13:24] [Server thread/WARN] [FML]: Please report this to the mod's issue tracker. This log can be disabled in the Forge config.
[03:13:24] [Server thread/WARN] [reccomplex]: Cascading chunk generation happening while pre-complementing StoneMazeHuge
[03:13:24] [Server thread/WARN] [FML]: Recurrent Complex loaded a new chunk [2, 0] in dimension 0 (overworld) while populating chunk [74, -37], causing cascading worldgen lag.
[03:13:24] [Server thread/WARN] [FML]: Please report this to the mod's issue tracker. This log can be disabled in the Forge config.
[03:13:24] [Server thread/WARN] [net.minecraft.network.NetHandlerPlayServer]: TPainterJL moved too quickly! 9.510863164387501,0.0,3.875495742062526
[03:13:24] [Server thread/WARN] [net.minecraft.network.NetHandlerPlayServer]: spieler moved too quickly! 8.37571716334162,4.773128961812446,2.8077107422097924
[03:13:26] [Server thread/WARN] [net.minecraft.server.MinecraftServer]: Can't keep up! Did the system time change, or is the server overloaded? Running 5241ms behind, skipping 104 tick(s)
[03:14:07] [Server thread/INFO] [net.minecraft.server.dedicated.DedicatedServer]: TPainterJL was slain by Gate Guardian
[03:14:23] [Server thread/INFO] [net.minecraft.server.dedicated.DedicatedServer]: [TPainterJL: Teleported TPainterJL to 881.5, 68.5, -713.5]
[03:15:49] [Server thread/INFO] [STDOUT]: [atomicstryker.battletowers.common.AS_WorldGenTower:generate:538]: Dimension 0 Battle Tower type CobbleStoneMossy spawned at [ 1296 | -384 ], underground: true
[03:16:05] [Server thread/WARN] [net.minecraft.world.storage.loot.LootTable]: Tried to over-fill a container
[03:16:08] [Server thread/WARN] [FML]: Quark loaded a new chunk [82, -18] in dimension 0 (overworld) while populating chunk [81, -18], causing cascading worldgen lag.
[03:16:08] [Server thread/WARN] [FML]: Please report this to the mod's issue tracker. This log can be disabled in the Forge config.
[03:16:09] [Server thread/INFO] [com.dynamic_view.DynView]: Mean tick: 49ms decreasing chunk view distance to: 19
[03:16:24] [Server thread/INFO] [com.dynamic_view.DynView]: Mean tick: 24ms increasing chunk view distance to: 20
[03:16:24] [Server thread/WARN] [net.minecraft.network.NetHandlerPlayServer]: TPainterJL moved too quickly! 7.299311147458752,5.011510071417874,-24.39906238316985
[03:16:32] [Server thread/WARN] [net.minecraft.world.storage.loot.LootTable]: Tried to over-fill a container
[03:16:33] [Server thread/WARN] [net.minecraft.world.storage.loot.LootTable]: Tried to over-fill a container
[03:16:35] [Server thread/WARN] [net.minecraft.server.MinecraftServer]: Can't keep up! Did the system time change, or is the server overloaded? Running 2111ms behind, skipping 42 tick(s)
[03:16:35] [Server thread/WARN] [reccomplex]: Cascading chunk generation happening while preparing UndergroundTreeoid
[03:16:35] [Server thread/WARN] [FML]: Recurrent Complex loaded a new chunk [84, -65] in dimension 0 (overworld) while populating chunk [84, -64], causing cascading worldgen lag.
[03:16:35] [Server thread/WARN] [FML]: Please report this to the mod's issue tracker. This log can be disabled in the Forge config.
[03:16:35] [Server thread/WARN] [reccomplex]: Cascading chunk generation happening while generating UndergroundTreeoid
[03:16:35] [Server thread/WARN] [FML]: Recurrent Complex loaded a new chunk [0, 0] in dimension 0 (overworld) while populating chunk [84, -64], causing cascading worldgen lag.
[03:16:35] [Server thread/WARN] [FML]: Please report this to the mod's issue tracker. This log can be disabled in the Forge config.
[03:16:42] [Server thread/WARN] [FML]: Quark loaded a new chunk [83, -23] in dimension 0 (overworld) while populating chunk [84, -24], causing cascading worldgen lag.
[03:16:42] [Server thread/WARN] [FML]: Please report this to the mod's issue tracker. This log can be disabled in the Forge config.
[03:16:42] [Server thread/WARN] [FML]: Quark loaded a new chunk [84, -23] in dimension 0 (overworld) while populating chunk [84, -24], causing cascading worldgen lag.
[03:16:42] [Server thread/WARN] [FML]: Please report this to the mod's issue tracker. This log can be disabled in the Forge config.
[03:16:51] [Server thread/WARN] [FML]: Scape and Run: Parasites Extra loaded a new chunk [63, -16] in dimension 0 (overworld) while populating chunk [64, -16], causing cascading worldgen lag.
[03:16:51] [Server thread/WARN] [FML]: Please report this to the mod's issue tracker. This log can be disabled in the Forge config.
[03:16:53] [Server thread/WARN] [net.minecraft.network.NetHandlerPlayServer]: TPainterJL moved too quickly! 4.9824760035123745,0.0,8.738708722875117
[03:16:53] [Server thread/WARN] [reccomplex]: Cascading chunk generation happening while preparing UndergroundCrypt
[03:16:53] [Server thread/WARN] [FML]: Recurrent Complex loaded a new chunk [89, -32] in dimension 0 (overworld) while populating chunk [88, -32], causing cascading worldgen lag.
[03:16:53] [Server thread/WARN] [FML]: Please report this to the mod's issue tracker. This log can be disabled in the Forge config.
[03:16:53] [Server thread/WARN] [net.minecraft.world.storage.loot.LootTable]: Tried to over-fill a container
[03:16:55] [Server thread/WARN] [net.minecraft.server.MinecraftServer]: Can't keep up! Did the system time change, or is the server overloaded? Running 3471ms behind, skipping 69 tick(s)
[03:16:55] [Server thread/WARN] [reccomplex]: Cascading chunk generation happening while placing DinosaurSkeleton
[03:16:55] [Server thread/WARN] [FML]: Recurrent Complex loaded a new chunk [85, -15] in dimension 0 (overworld) while populating chunk [84, -15], causing cascading worldgen lag.
[03:16:55] [Server thread/WARN] [FML]: Please report this to the mod's issue tracker. This log can be disabled in the Forge config.
[03:16:57] [Server thread/WARN] [net.minecraft.network.NetHandlerPlayServer]: spieler moved too quickly! 0.6631326005424398,8.016000920028063,6.447157156558092
[03:16:57] [Server thread/INFO] [com.dynamic_view.DynView]: Mean tick: 81ms decreasing chunk view distance to: 19
[03:17:11] [Server thread/WARN] [net.minecraft.network.NetHandlerPlayServer]: TPainterJL moved too quickly! -6.96741435395802,0.0,7.58768238859102
[03:17:25] [Server thread/INFO] [com.dynamic_view.DynView]: Mean tick: 36ms increasing chunk view distance to: 20
[03:18:17] [Server thread/INFO] [Scaling Health]: Blight Skeleton was killed by spieler
[03:19:16] [Server thread/INFO] [net.minecraft.server.dedicated.DedicatedServer]: [spieler: Teleported spieler to TPainterJL]
[03:19:47] [Server thread/WARN] [net.minecraft.network.NetHandlerPlayServer]: TPainterJL moved wrongly!
[03:19:51] [Server thread/WARN] [net.minecraft.network.NetHandlerPlayServer]: TPainterJL moved wrongly!
[03:20:57] [Server thread/INFO] [com.dynamic_view.DynView]: Mean tick: 61ms decreasing chunk view distance to: 19
[03:20:59] [Server thread/WARN] [net.minecraft.server.MinecraftServer]: Can't keep up! Did the system time change, or is the server overloaded? Running 2693ms behind, skipping 53 tick(s)
[03:21:10] [Server thread/INFO] [com.dynamic_view.DynView]: Mean tick: 27ms increasing chunk view distance to: 20
[03:23:24] [Server thread/WARN] [net.minecraft.network.NetHandlerPlayServer]: TPainterJL moved wrongly!
[03:24:49] [Server thread/WARN] [net.minecraft.network.NetHandlerPlayServer]: spieler moved wrongly!
[03:25:26] [Server thread/INFO] [net.minecraft.server.dedicated.DedicatedServer]: [TPainterJL: Teleported TPainterJL to 133.5, 249.5, 263.5]
[03:25:33] [Server thread/INFO] [net.minecraft.server.dedicated.DedicatedServer]: [TPainterJL: Teleported TPainterJL to 133.5, 249.5, 263.5]
[03:26:40] [Server thread/INFO] [net.minecraft.server.dedicated.DedicatedServer]: [spieler: Teleported spieler to 133.5, 249.5, 263.5]
[03:29:52] [Server thread/INFO] [net.minecraft.server.dedicated.DedicatedServer]: [spieler: Teleported spieler to 635.5, 5.5, -927.5]
[03:30:28] [Server thread/INFO] [net.minecraft.server.dedicated.DedicatedServer]: [spieler: Teleported spieler to 133.5, 249.5, 263.5]
[03:30:41] [Server thread/WARN] [net.minecraft.network.NetHandlerPlayServer]: TPainterJL moved too quickly! 2.836711037516409,-1.8015540623651276,-14.613777016644292
[03:30:48] [Server thread/INFO] [net.minecraft.server.dedicated.DedicatedServer]: [spieler: Teleported spieler to TPainterJL]
[03:31:45] [Server thread/WARN] [net.minecraft.network.NetHandlerPlayServer]: TPainterJL moved wrongly!
[03:31:48] [Server thread/INFO] [net.minecraft.server.dedicated.DedicatedServer]: TPainterJL was turned into KFC by a dragon
[03:31:49] [Server thread/WARN] [net.minecraft.entity.EntityTrackerEntry]: Fetching addPacket for removed entity
[03:32:30] [Server thread/INFO] [net.minecraft.server.dedicated.DedicatedServer]: [TPainterJL: Teleported TPainterJL to -80.5, 60.5, 573.5]
[03:32:46] [Server thread/INFO] [net.minecraft.server.dedicated.DedicatedServer]: spieler was toasted to a crisp by a dragon
[03:32:54] [Server thread/INFO] [net.minecraft.server.dedicated.DedicatedServer]: TPainterJL was slain by Primitive Devourer
[03:33:11] [Server thread/INFO] [net.minecraft.server.dedicated.DedicatedServer]: [TPainterJL: Teleported TPainterJL to -102.5, 47.5, 589.5]
[03:33:36] [Server thread/INFO] [FML]: Loading dimension -1 (world) (net.minecraft.server.dedicated.DedicatedServer@131a8c50)
[03:33:37] [Server thread/WARN] [net.minecraft.network.NetHandlerPlayServer]: TPainterJL moved too quickly! 6.426545293814286,4.4155624237099005,8.800843439618234
[03:33:37] [Server thread/INFO] [FML]: Unloading dimension -1
[03:33:39] [Server thread/INFO] [net.minecraft.server.dedicated.DedicatedServer]: [spieler: Teleported spieler to -50.5, 81.5, 798.5]
[03:33:44] [Server thread/INFO] [net.minecraft.server.dedicated.DedicatedServer]: TPainterJL was turned into KFC by a dragon
[03:33:51] [Server thread/INFO] [net.minecraft.server.dedicated.DedicatedServer]: [TPainterJL: Teleported TPainterJL to -40.5, 67.5, 608.5]
[03:33:52] [Server thread/INFO] [net.minecraft.network.NetHandlerPlayServer]: spieler lost connection: Disconnected
[03:33:52] [Server thread/INFO] [net.minecraft.server.dedicated.DedicatedServer]: spieler left the game
[03:33:58] [Server thread/INFO] [net.minecraft.server.dedicated.DedicatedServer]: TPainterJL was toasted to a crisp by a dragon
[03:34:05] [Server thread/INFO] [net.minecraft.server.dedicated.DedicatedServer]: [TPainterJL: Teleported TPainterJL to -43.5, 63.5, 609.5]
[03:34:09] [Server thread/INFO] [net.minecraft.server.dedicated.DedicatedServer]: TPainterJL was turned into KFC by a dragon
[03:34:30] [Server thread/INFO] [net.minecraft.server.dedicated.DedicatedServer]: [TPainterJL: Teleported TPainterJL to -58.5, 54.5, 612.5]
[03:34:53] [Server thread/INFO] [net.minecraft.server.dedicated.DedicatedServer]: [TPainterJL: Teleported TPainterJL to 133.5, 249.5, 263.5]
[03:34:58] [Server thread/INFO] [net.minecraft.server.dedicated.DedicatedServer]: [TPainterJL: Teleported TPainterJL to 133.5, 249.5, 263.5]
[03:36:20] [Netty Epoll Server IO #0/INFO] [FML]: Client protocol version 2
[03:36:20] [Netty Epoll Server IO #0/INFO] [FML]: Client attempting to join with 163 mods : followingvillagers@1.0.1,weaponmaster_ydm@4.2.3,disenchanter@1.8,spartansabovediamonds@2.6,supermartijn642configlib@1.1.6,creativecoredummy@1.0.0,fantasticlib@1.12.2.070,villagenames@4.4.13,futuremc@0.2.6,fltpot@0.0.2,mtrm@1.2.2.30,fullbright@1.0.0,lttweaker@1.1.17,bowinfinityfix@rv5.1,ironjetpacks@1.1.0,neat@1.4-17,forgeendertech@1.12.2-4.5.6.1,hammercore@12.2.58,enhancedvisuals@1.3.0,xaeroworldmap@1.40.11,placebo@1.6.0,nofog@1.12.2-1.12.2-1.0.3.0,bookshelf@2.3.590,forgelin@1.8.4,llibrary@1.7.20,progressivebosses@1.5.4,srpextra@1.10.7.5,additionalstructures@2.5.0,waila@1.8.26,tinkersdisassembler@1.2.1,dynview@1.3,srpmeshi@1.8,carryon@1.12.3,jeresources@0.9.2.60,nocubessrpsurvival@3.0.0,durabilitytooltip@1.1.4,konkrete@1.6.1,corpse@1.12.2-1.0.8,nocubessrparmory@3.0.0,tenshilib@1.2.4,crafttweakerjei@2.0.3,lootoverhaul@1.2,battletowers@1.6.5,reccomplex@1.4.8.6,vehicle@0.44.1,supermartijn642corelib@1.1.20a,bstweaker@1.0.1,resourceloader@1.5.3,spark@1.5.2,improvableskills@12.4.68,roguelike@1.8.0,potioncore@1.9_for_1.12.2,aquaacrobatics@1.15.4,collective@3.0,qualitytools@1.0.7_for_1.12.2,editmobdrops@1.4.3,srpquark@1.10.4.1,uniquee@2.0.1,waterskin@1.0.1,spartanfire@1.3.3,lostcities@2.0.22,FML@8.0.99.99,obfuscate@0.4.2,atlaslib@1.1.9,spartanweaponry@1.6.1,aiimprovements@0.0.1.3,overpoweredarmorbar@@VERSION@,msic@1.0,infinitetrading@1.4,wings@1.1.6,scalinghealth@1.3.37,bettermineshafts@1.12.2-2.2.1,setbonus@1.12.2.040,uniquebase@1.0.1,liketechnikstinkertweaks@1.12.2-1.1.3.DEV.0065a55,ctgui@1.0.0,extendedrenderer@v1.0,cucumber@1.1.3,mixinbooter@10.7,reachfix@1.1.3,cgm@0.15.3,xray@2.0.0,customskinloader@14.27,bountifulbaubles@0.0.1,configmod@v1.0,jei@4.16.1.301,srpdeepseadanger@1.10.2.3,xaerolib@1.1.0,callablehorses@1.1.1,daomephsta_loot_shared@0.0.2,simpledifficulty@0.3.9,xaerolib_core@1.12.2-1.0,bauble_wings@1.0.0,ivtoolkit@1.3.3-1.12,mujmajnkraftsbettersurvival@1.5.4,potionfingers@r1.0-8,mcp@9.42,clumps@3.1.2,oresabovediamonds@3.2,hermitsarsenal@V1,artifacts@1.1.2,travelersbackpack@1.0.35,sereneseasons@1.2.18,adhooks@1.12.2-3.3.1.0,champions@1.12.2-1.0.11.10,srpr_kravataf@1.0.5,conarm@1.2.5.10,bettercombatmod@2.2.4,xat@0.32.5,iceandfire@2.2.5,moartinkers@0.6.0,crafttweaker@4.1.20,usefulslime@1.2,forge@14.23.5.2859,xaeroworldmap_core@1.12.2-1.0,srmonstress@1.0.2,eplus@5.0.176,infernalmobs@1.7.6,ironchest@1.12.2-7.0.67.844,gpu_tape@1.0.4,minecraft@1.12.2,tconstruct@1.12.2-2.13.0.183,nocubesrptweaks@V5.1,enchdesc@1.1.15,mousetweaks@2.10,toolbelt@1.9.14,silentlib@3.0.13,baubles@1.5.2,jade@0.1.0,creativecore@1.10.0,somanyenchantments@1.0.8,fermiumbooter@1.4.1,betterrolling@1.5,ctintegration@1.8.0,bloodmoon@1.5.3,quark@r1.6-179,mantle@1.12-1.3.3.55,loottweaker@0.5.1,spartanshields@1.5.5,xaerominimap@25.3.10,itemcollectors@1.1.12,bhc@2.0.3,dragondropselytra@1.3,fastbench@1.7.4,securitycraft@v1.10.1,autoreglib@1.3-32,multimob@1.0.5,performant@1.12.2-1.5,entityculling@@VER@,anvilpatch@1.1.0,farsight@1.6,fancymenu@2.14.9,coroutil@1.12.1-1.2.37,srparasites@1.10.2,fastfurnace@1.3.1,appleskin@1.0.14,lootr@0.6.2,xaerominimap_core@1.12.2-1.0,tinkersjei@1.2,improvedmobs@1.6.10,pdm@1.0,swparasites@v4,baubleye@1.3.3
[03:36:32] [Server thread/INFO] [FML]: [Server thread] Server side modded connection established
[03:36:32] [Server thread/INFO] [net.minecraft.server.management.PlayerList]: spieler[/127.128.182.178:39421] logged in with entity id 5101285 at (-52.04610259583401, 80.0, 789.8769258244876)
[03:36:32] [Server thread/INFO] [net.minecraft.server.dedicated.DedicatedServer]: spieler joined the game
[03:36:32] [Server thread/INFO] [Waila]: Player EntityPlayerMP['spieler'/5101285, l='world', x=-52.05, y=80.00, z=789.88] connected. Sending ping
[03:36:32] [Server thread/INFO] [bountifulbaubles]: Attempting to sync config to player spieler
[03:36:32] [Server thread/INFO] [SimpleDifficulty]: Sending Configuration to player: spieler
[03:36:32] [Server thread/INFO] [XAT]: Syncing Config to spieler
[03:38:00] [Server thread/INFO] [net.minecraft.server.dedicated.DedicatedServer]: TPainterJL has made the advancement [TETH Suppression]
[03:38:08] [Server thread/INFO] [Scaling Health]: Blight Creeper was killed by spieler
[03:38:44] [Server thread/INFO] [net.minecraft.server.dedicated.DedicatedServer]: [spieler: Teleported spieler to 133.5, 249.5, 263.5]
[03:39:34] [Server thread/INFO] [net.minecraft.server.dedicated.DedicatedServer]: [TPainterJL: Teleported TPainterJL to 133.5, 249.5, 263.5]
[03:39:36] [Server thread/INFO] [net.minecraft.server.dedicated.DedicatedServer]: [spieler: Teleported spieler to 133.5, 249.5, 263.5]
[03:41:54] [Server thread/INFO] [bountifulbaubles]: BlockPos{x=133, y=252, z=268}
[03:41:54] [Server thread/INFO] [bountifulbaubles]: BlockPos{x=133, y=252, z=268}
[03:41:54] [Server thread/INFO] [bountifulbaubles]: BlockPos{x=127, y=250, z=253}
[03:41:55] [Server thread/WARN] [net.minecraft.network.NetHandlerPlayServer]: TPainterJL moved too quickly! -6.118708574435772,-1.6682795649102502,-15.299267445695307
[03:42:23] [Server thread/INFO] [net.minecraft.server.dedicated.DedicatedServer]: [TPainterJL: Teleported TPainterJL to 211.5, 6.5, 472.5]
[03:44:03] [Server thread/INFO] [net.minecraft.server.dedicated.DedicatedServer]: [spieler: Teleported spieler to 197.5, 11.5, 309.5]
[03:44:08] [Server thread/INFO] [FML]: Loading dimension -1 (world) (net.minecraft.server.dedicated.DedicatedServer@131a8c50)
[03:44:09] [Server thread/WARN] [net.minecraft.network.NetHandlerPlayServer]: spieler moved too quickly! -174.3590108110156,12.5,-262.07457307107205
[03:44:29] [Server thread/INFO] [net.minecraft.server.dedicated.DedicatedServer]: [spieler: Teleported spieler to 337.5, 36.5, -91.5]
[03:47:47] [Server thread/INFO] [Scaling Health]: Blight Zombie Pigman was killed by spieler
[03:49:06] [Server thread/INFO] [net.minecraft.server.dedicated.DedicatedServer]: [TPainterJL: Teleported TPainterJL to 133.5, 249.5, 263.5]
[03:49:26] [Server thread/WARN] [net.minecraft.network.NetHandlerPlayServer]: TPainterJL moved too quickly! 1.6000304328194943,-12.175818982638418,-0.34496816980473
[03:50:31] [Server thread/INFO] [net.minecraft.server.dedicated.DedicatedServer]: [spieler: Teleported spieler to 17.5, 23.5, 46.5]
[03:50:41] [Server thread/INFO] [FML]: Unloading dimension -1
[03:50:41] [Server thread/WARN] [net.minecraft.server.MinecraftServer]: Can't keep up! Did the system time change, or is the server overloaded? Running 3315ms behind, skipping 66 tick(s)
[03:50:42] [Server thread/INFO] [com.dynamic_view.DynView]: Mean tick: 63ms decreasing chunk view distance to: 19
[03:50:57] [Server thread/INFO] [com.dynamic_view.DynView]: Mean tick: 23ms increasing chunk view distance to: 20
[03:51:04] [Server thread/INFO] [net.minecraft.network.NetHandlerPlayServer]: spieler lost connection: Timed out
[03:51:04] [Server thread/INFO] [net.minecraft.server.dedicated.DedicatedServer]: spieler left the game
[03:51:36] [Netty Epoll Server IO #1/INFO] [FML]: Client protocol version 2
[03:51:36] [Netty Epoll Server IO #1/INFO] [FML]: Client attempting to join with 163 mods : followingvillagers@1.0.1,weaponmaster_ydm@4.2.3,disenchanter@1.8,spartansabovediamonds@2.6,supermartijn642configlib@1.1.6,creativecoredummy@1.0.0,fantasticlib@1.12.2.070,villagenames@4.4.13,futuremc@0.2.6,fltpot@0.0.2,mtrm@1.2.2.30,fullbright@1.0.0,lttweaker@1.1.17,bowinfinityfix@rv5.1,ironjetpacks@1.1.0,neat@1.4-17,forgeendertech@1.12.2-4.5.6.1,hammercore@12.2.58,enhancedvisuals@1.3.0,xaeroworldmap@1.40.11,placebo@1.6.0,nofog@1.12.2-1.12.2-1.0.3.0,bookshelf@2.3.590,forgelin@1.8.4,llibrary@1.7.20,progressivebosses@1.5.4,srpextra@1.10.7.5,additionalstructures@2.5.0,waila@1.8.26,tinkersdisassembler@1.2.1,dynview@1.3,srpmeshi@1.8,carryon@1.12.3,jeresources@0.9.2.60,nocubessrpsurvival@3.0.0,durabilitytooltip@1.1.4,konkrete@1.6.1,corpse@1.12.2-1.0.8,nocubessrparmory@3.0.0,tenshilib@1.2.4,crafttweakerjei@2.0.3,lootoverhaul@1.2,battletowers@1.6.5,reccomplex@1.4.8.6,vehicle@0.44.1,supermartijn642corelib@1.1.20a,bstweaker@1.0.1,resourceloader@1.5.3,spark@1.5.2,improvableskills@12.4.68,roguelike@1.8.0,potioncore@1.9_for_1.12.2,aquaacrobatics@1.15.4,collective@3.0,qualitytools@1.0.7_for_1.12.2,editmobdrops@1.4.3,srpquark@1.10.4.1,uniquee@2.0.1,waterskin@1.0.1,spartanfire@1.3.3,lostcities@2.0.22,FML@8.0.99.99,obfuscate@0.4.2,atlaslib@1.1.9,spartanweaponry@1.6.1,aiimprovements@0.0.1.3,overpoweredarmorbar@@VERSION@,msic@1.0,infinitetrading@1.4,wings@1.1.6,scalinghealth@1.3.37,bettermineshafts@1.12.2-2.2.1,setbonus@1.12.2.040,uniquebase@1.0.1,liketechnikstinkertweaks@1.12.2-1.1.3.DEV.0065a55,ctgui@1.0.0,extendedrenderer@v1.0,cucumber@1.1.3,mixinbooter@10.7,reachfix@1.1.3,cgm@0.15.3,xray@2.0.0,customskinloader@14.27,bountifulbaubles@0.0.1,configmod@v1.0,jei@4.16.1.301,srpdeepseadanger@1.10.2.3,xaerolib@1.1.0,callablehorses@1.1.1,daomephsta_loot_shared@0.0.2,simpledifficulty@0.3.9,xaerolib_core@1.12.2-1.0,bauble_wings@1.0.0,ivtoolkit@1.3.3-1.12,mujmajnkraftsbettersurvival@1.5.4,potionfingers@r1.0-8,mcp@9.42,clumps@3.1.2,oresabovediamonds@3.2,hermitsarsenal@V1,artifacts@1.1.2,travelersbackpack@1.0.35,sereneseasons@1.2.18,adhooks@1.12.2-3.3.1.0,champions@1.12.2-1.0.11.10,srpr_kravataf@1.0.5,conarm@1.2.5.10,bettercombatmod@2.2.4,xat@0.32.5,iceandfire@2.2.5,moartinkers@0.6.0,crafttweaker@4.1.20,usefulslime@1.2,forge@14.23.5.2859,xaeroworldmap_core@1.12.2-1.0,srmonstress@1.0.2,eplus@5.0.176,infernalmobs@1.7.6,ironchest@1.12.2-7.0.67.844,gpu_tape@1.0.4,minecraft@1.12.2,tconstruct@1.12.2-2.13.0.183,nocubesrptweaks@V5.1,enchdesc@1.1.15,mousetweaks@2.10,toolbelt@1.9.14,silentlib@3.0.13,baubles@1.5.2,jade@0.1.0,creativecore@1.10.0,somanyenchantments@1.0.8,fermiumbooter@1.4.1,betterrolling@1.5,ctintegration@1.8.0,bloodmoon@1.5.3,quark@r1.6-179,mantle@1.12-1.3.3.55,loottweaker@0.5.1,spartanshields@1.5.5,xaerominimap@25.3.10,itemcollectors@1.1.12,bhc@2.0.3,dragondropselytra@1.3,fastbench@1.7.4,securitycraft@v1.10.1,autoreglib@1.3-32,multimob@1.0.5,performant@1.12.2-1.5,entityculling@@VER@,anvilpatch@1.1.0,farsight@1.6,fancymenu@2.14.9,coroutil@1.12.1-1.2.37,srparasites@1.10.2,fastfurnace@1.3.1,appleskin@1.0.14,lootr@0.6.2,xaerominimap_core@1.12.2-1.0,tinkersjei@1.2,improvedmobs@1.6.10,pdm@1.0,swparasites@v4,baubleye@1.3.3
[03:51:48] [Server thread/INFO] [FML]: [Server thread] Server side modded connection established
[03:51:48] [Server thread/INFO] [net.minecraft.server.management.PlayerList]: spieler[/127.128.182.178:46575] logged in with entity id 7022851 at (194.5, 11.5, 309.5)
[03:51:48] [Server thread/INFO] [net.minecraft.server.dedicated.DedicatedServer]: spieler joined the game
[03:51:48] [Server thread/INFO] [Waila]: Player EntityPlayerMP['spieler'/7022851, l='world', x=194.50, y=11.50, z=309.50] connected. Sending ping
[03:51:48] [Server thread/INFO] [bountifulbaubles]: Attempting to sync config to player spieler
[03:51:48] [Server thread/INFO] [SimpleDifficulty]: Sending Configuration to player: spieler
[03:51:48] [Server thread/INFO] [XAT]: Syncing Config to spieler
[03:52:03] [Server thread/INFO] [net.minecraft.network.NetHandlerPlayServer]: spieler lost connection: Timed out
[03:52:03] [Server thread/INFO] [net.minecraft.server.dedicated.DedicatedServer]: spieler left the game
[03:52:58] [Netty Epoll Server IO #2/INFO] [FML]: Client protocol version 2
[03:52:58] [Netty Epoll Server IO #2/INFO] [FML]: Client attempting to join with 163 mods : followingvillagers@1.0.1,weaponmaster_ydm@4.2.3,disenchanter@1.8,spartansabovediamonds@2.6,supermartijn642configlib@1.1.6,creativecoredummy@1.0.0,fantasticlib@1.12.2.070,villagenames@4.4.13,futuremc@0.2.6,fltpot@0.0.2,mtrm@1.2.2.30,fullbright@1.0.0,lttweaker@1.1.17,bowinfinityfix@rv5.1,ironjetpacks@1.1.0,neat@1.4-17,forgeendertech@1.12.2-4.5.6.1,hammercore@12.2.58,enhancedvisuals@1.3.0,xaeroworldmap@1.40.11,placebo@1.6.0,nofog@1.12.2-1.12.2-1.0.3.0,bookshelf@2.3.590,forgelin@1.8.4,llibrary@1.7.20,progressivebosses@1.5.4,srpextra@1.10.7.5,additionalstructures@2.5.0,waila@1.8.26,tinkersdisassembler@1.2.1,dynview@1.3,srpmeshi@1.8,carryon@1.12.3,jeresources@0.9.2.60,nocubessrpsurvival@3.0.0,durabilitytooltip@1.1.4,konkrete@1.6.1,corpse@1.12.2-1.0.8,nocubessrparmory@3.0.0,tenshilib@1.2.4,crafttweakerjei@2.0.3,lootoverhaul@1.2,battletowers@1.6.5,reccomplex@1.4.8.6,vehicle@0.44.1,supermartijn642corelib@1.1.20a,bstweaker@1.0.1,resourceloader@1.5.3,spark@1.5.2,improvableskills@12.4.68,roguelike@1.8.0,potioncore@1.9_for_1.12.2,aquaacrobatics@1.15.4,collective@3.0,qualitytools@1.0.7_for_1.12.2,editmobdrops@1.4.3,srpquark@1.10.4.1,uniquee@2.0.1,waterskin@1.0.1,spartanfire@1.3.3,lostcities@2.0.22,FML@8.0.99.99,obfuscate@0.4.2,atlaslib@1.1.9,spartanweaponry@1.6.1,aiimprovements@0.0.1.3,overpoweredarmorbar@@VERSION@,msic@1.0,infinitetrading@1.4,wings@1.1.6,scalinghealth@1.3.37,bettermineshafts@1.12.2-2.2.1,setbonus@1.12.2.040,uniquebase@1.0.1,liketechnikstinkertweaks@1.12.2-1.1.3.DEV.0065a55,ctgui@1.0.0,extendedrenderer@v1.0,cucumber@1.1.3,mixinbooter@10.7,reachfix@1.1.3,cgm@0.15.3,xray@2.0.0,customskinloader@14.27,bountifulbaubles@0.0.1,configmod@v1.0,jei@4.16.1.301,srpdeepseadanger@1.10.2.3,xaerolib@1.1.0,callablehorses@1.1.1,daomephsta_loot_shared@0.0.2,simpledifficulty@0.3.9,xaerolib_core@1.12.2-1.0,bauble_wings@1.0.0,ivtoolkit@1.3.3-1.12,mujmajnkraftsbettersurvival@1.5.4,potionfingers@r1.0-8,mcp@9.42,clumps@3.1.2,oresabovediamonds@3.2,hermitsarsenal@V1,artifacts@1.1.2,travelersbackpack@1.0.35,sereneseasons@1.2.18,adhooks@1.12.2-3.3.1.0,champions@1.12.2-1.0.11.10,srpr_kravataf@1.0.5,conarm@1.2.5.10,bettercombatmod@2.2.4,xat@0.32.5,iceandfire@2.2.5,moartinkers@0.6.0,crafttweaker@4.1.20,usefulslime@1.2,forge@14.23.5.2859,xaeroworldmap_core@1.12.2-1.0,srmonstress@1.0.2,eplus@5.0.176,infernalmobs@1.7.6,ironchest@1.12.2-7.0.67.844,gpu_tape@1.0.4,minecraft@1.12.2,tconstruct@1.12.2-2.13.0.183,nocubesrptweaks@V5.1,enchdesc@1.1.15,mousetweaks@2.10,toolbelt@1.9.14,silentlib@3.0.13,baubles@1.5.2,jade@0.1.0,creativecore@1.10.0,somanyenchantments@1.0.8,fermiumbooter@1.4.1,betterrolling@1.5,ctintegration@1.8.0,bloodmoon@1.5.3,quark@r1.6-179,mantle@1.12-1.3.3.55,loottweaker@0.5.1,spartanshields@1.5.5,xaerominimap@25.3.10,itemcollectors@1.1.12,bhc@2.0.3,dragondropselytra@1.3,fastbench@1.7.4,securitycraft@v1.10.1,autoreglib@1.3-32,multimob@1.0.5,performant@1.12.2-1.5,entityculling@@VER@,anvilpatch@1.1.0,farsight@1.6,fancymenu@2.14.9,coroutil@1.12.1-1.2.37,srparasites@1.10.2,fastfurnace@1.3.1,appleskin@1.0.14,lootr@0.6.2,xaerominimap_core@1.12.2-1.0,tinkersjei@1.2,improvedmobs@1.6.10,pdm@1.0,swparasites@v4,baubleye@1.3.3
[03:53:08] [Server thread/INFO] [FML]: [Server thread] Server side modded connection established
[03:53:39] [Netty Epoll Server IO #2/ERROR] [FML]: NetworkDispatcher exception
io.netty.handler.timeout.ReadTimeoutException: null
[03:54:01] [Server thread/INFO] [net.minecraft.server.management.PlayerList]: spieler[/127.128.182.178:60605] logged in with entity id 7103412 at (194.5, 11.5, 309.5)
[03:54:01] [Server thread/INFO] [net.minecraft.server.dedicated.DedicatedServer]: spieler joined the game
[03:54:01] [Server thread/INFO] [Waila]: Player EntityPlayerMP['spieler'/7103412, l='world', x=194.50, y=11.50, z=309.50] connected. Sending ping
[03:54:01] [Server thread/INFO] [bountifulbaubles]: Attempting to sync config to player spieler
[03:54:01] [Server thread/INFO] [SimpleDifficulty]: Sending Configuration to player: spieler
[03:54:01] [Server thread/INFO] [XAT]: Syncing Config to spieler
[03:54:01] [Server thread/WARN] [net.minecraft.server.MinecraftServer]: Can't keep up! Did the system time change, or is the server overloaded? Running 53001ms behind, skipping 1060 tick(s)
[03:54:01] [Server thread/WARN] [net.minecraft.network.NetHandlerPlayServer]: TPainterJL moved too quickly! 1.3275179858740103,0.4825570765915188,-9.995638900549608
[03:54:02] [Server thread/INFO] [net.minecraft.network.NetHandlerPlayServer]: spieler lost connection: Timed out
[03:54:02] [Server thread/INFO] [net.minecraft.server.dedicated.DedicatedServer]: spieler left the game
[03:54:04] [Server thread/INFO] [com.dynamic_view.DynView]: Mean tick: 562ms decreasing chunk view distance to: 19
[03:54:18] [Server thread/INFO] [com.dynamic_view.DynView]: Mean tick: 19ms increasing chunk view distance to: 20
[03:54:20] [Netty Epoll Server IO #3/INFO] [FML]: Client protocol version 2
[03:54:20] [Netty Epoll Server IO #3/INFO] [FML]: Client attempting to join with 163 mods : followingvillagers@1.0.1,weaponmaster_ydm@4.2.3,disenchanter@1.8,spartansabovediamonds@2.6,supermartijn642configlib@1.1.6,creativecoredummy@1.0.0,fantasticlib@1.12.2.070,villagenames@4.4.13,futuremc@0.2.6,fltpot@0.0.2,mtrm@1.2.2.30,fullbright@1.0.0,lttweaker@1.1.17,bowinfinityfix@rv5.1,ironjetpacks@1.1.0,neat@1.4-17,forgeendertech@1.12.2-4.5.6.1,hammercore@12.2.58,enhancedvisuals@1.3.0,xaeroworldmap@1.40.11,placebo@1.6.0,nofog@1.12.2-1.12.2-1.0.3.0,bookshelf@2.3.590,forgelin@1.8.4,llibrary@1.7.20,progressivebosses@1.5.4,srpextra@1.10.7.5,additionalstructures@2.5.0,waila@1.8.26,tinkersdisassembler@1.2.1,dynview@1.3,srpmeshi@1.8,carryon@1.12.3,jeresources@0.9.2.60,nocubessrpsurvival@3.0.0,durabilitytooltip@1.1.4,konkrete@1.6.1,corpse@1.12.2-1.0.8,nocubessrparmory@3.0.0,tenshilib@1.2.4,crafttweakerjei@2.0.3,lootoverhaul@1.2,battletowers@1.6.5,reccomplex@1.4.8.6,vehicle@0.44.1,supermartijn642corelib@1.1.20a,bstweaker@1.0.1,resourceloader@1.5.3,spark@1.5.2,improvableskills@12.4.68,roguelike@1.8.0,potioncore@1.9_for_1.12.2,aquaacrobatics@1.15.4,collective@3.0,qualitytools@1.0.7_for_1.12.2,editmobdrops@1.4.3,srpquark@1.10.4.1,uniquee@2.0.1,waterskin@1.0.1,spartanfire@1.3.3,lostcities@2.0.22,FML@8.0.99.99,obfuscate@0.4.2,atlaslib@1.1.9,spartanweaponry@1.6.1,aiimprovements@0.0.1.3,overpoweredarmorbar@@VERSION@,msic@1.0,infinitetrading@1.4,wings@1.1.6,scalinghealth@1.3.37,bettermineshafts@1.12.2-2.2.1,setbonus@1.12.2.040,uniquebase@1.0.1,liketechnikstinkertweaks@1.12.2-1.1.3.DEV.0065a55,ctgui@1.0.0,extendedrenderer@v1.0,cucumber@1.1.3,mixinbooter@10.7,reachfix@1.1.3,cgm@0.15.3,xray@2.0.0,customskinloader@14.27,bountifulbaubles@0.0.1,configmod@v1.0,jei@4.16.1.301,srpdeepseadanger@1.10.2.3,xaerolib@1.1.0,callablehorses@1.1.1,daomephsta_loot_shared@0.0.2,simpledifficulty@0.3.9,xaerolib_core@1.12.2-1.0,bauble_wings@1.0.0,ivtoolkit@1.3.3-1.12,mujmajnkraftsbettersurvival@1.5.4,potionfingers@r1.0-8,mcp@9.42,clumps@3.1.2,oresabovediamonds@3.2,hermitsarsenal@V1,artifacts@1.1.2,travelersbackpack@1.0.35,sereneseasons@1.2.18,adhooks@1.12.2-3.3.1.0,champions@1.12.2-1.0.11.10,srpr_kravataf@1.0.5,conarm@1.2.5.10,bettercombatmod@2.2.4,xat@0.32.5,iceandfire@2.2.5,moartinkers@0.6.0,crafttweaker@4.1.20,usefulslime@1.2,forge@14.23.5.2859,xaeroworldmap_core@1.12.2-1.0,srmonstress@1.0.2,eplus@5.0.176,infernalmobs@1.7.6,ironchest@1.12.2-7.0.67.844,gpu_tape@1.0.4,minecraft@1.12.2,tconstruct@1.12.2-2.13.0.183,nocubesrptweaks@V5.1,enchdesc@1.1.15,mousetweaks@2.10,toolbelt@1.9.14,silentlib@3.0.13,baubles@1.5.2,jade@0.1.0,creativecore@1.10.0,somanyenchantments@1.0.8,fermiumbooter@1.4.1,betterrolling@1.5,ctintegration@1.8.0,bloodmoon@1.5.3,quark@r1.6-179,mantle@1.12-1.3.3.55,loottweaker@0.5.1,spartanshields@1.5.5,xaerominimap@25.3.10,itemcollectors@1.1.12,bhc@2.0.3,dragondropselytra@1.3,fastbench@1.7.4,securitycraft@v1.10.1,autoreglib@1.3-32,multimob@1.0.5,performant@1.12.2-1.5,entityculling@@VER@,anvilpatch@1.1.0,farsight@1.6,fancymenu@2.14.9,coroutil@1.12.1-1.2.37,srparasites@1.10.2,fastfurnace@1.3.1,appleskin@1.0.14,lootr@0.6.2,xaerominimap_core@1.12.2-1.0,tinkersjei@1.2,improvedmobs@1.6.10,pdm@1.0,swparasites@v4,baubleye@1.3.3
[03:54:29] [Server thread/INFO] [FML]: [Server thread] Server side modded connection established
[03:54:29] [Server thread/INFO] [net.minecraft.server.management.PlayerList]: spieler[/127.128.182.178:52581] logged in with entity id 7131598 at (194.5, 11.5, 309.5)
[03:54:29] [Server thread/INFO] [net.minecraft.server.dedicated.DedicatedServer]: spieler joined the game
[03:54:29] [Server thread/INFO] [Waila]: Player EntityPlayerMP['spieler'/7131598, l='world', x=194.50, y=11.50, z=309.50] connected. Sending ping
[03:54:29] [Server thread/INFO] [bountifulbaubles]: Attempting to sync config to player spieler
[03:54:29] [Server thread/INFO] [SimpleDifficulty]: Sending Configuration to player: spieler
[03:54:29] [Server thread/INFO] [XAT]: Syncing Config to spieler
[03:54:38] [Server thread/INFO] [net.minecraft.server.dedicated.DedicatedServer]: [TPainterJL: Teleported TPainterJL to 133.5, 249.5, 263.5]
[03:54:45] [Server thread/INFO] [net.minecraft.network.NetHandlerPlayServer]: spieler lost connection: Timed out
[03:54:45] [Server thread/INFO] [net.minecraft.server.dedicated.DedicatedServer]: spieler left the game
[03:55:22] [Netty Epoll Server IO #6/INFO] [FML]: Client protocol version 2
[03:55:22] [Netty Epoll Server IO #6/INFO] [FML]: Client attempting to join with 163 mods : followingvillagers@1.0.1,weaponmaster_ydm@4.2.3,disenchanter@1.8,spartansabovediamonds@2.6,supermartijn642configlib@1.1.6,creativecoredummy@1.0.0,fantasticlib@1.12.2.070,villagenames@4.4.13,futuremc@0.2.6,fltpot@0.0.2,mtrm@1.2.2.30,fullbright@1.0.0,lttweaker@1.1.17,bowinfinityfix@rv5.1,ironjetpacks@1.1.0,neat@1.4-17,forgeendertech@1.12.2-4.5.6.1,hammercore@12.2.58,enhancedvisuals@1.3.0,xaeroworldmap@1.40.11,placebo@1.6.0,nofog@1.12.2-1.12.2-1.0.3.0,bookshelf@2.3.590,forgelin@1.8.4,llibrary@1.7.20,progressivebosses@1.5.4,srpextra@1.10.7.5,additionalstructures@2.5.0,waila@1.8.26,tinkersdisassembler@1.2.1,dynview@1.3,srpmeshi@1.8,carryon@1.12.3,jeresources@0.9.2.60,nocubessrpsurvival@3.0.0,durabilitytooltip@1.1.4,konkrete@1.6.1,corpse@1.12.2-1.0.8,nocubessrparmory@3.0.0,tenshilib@1.2.4,crafttweakerjei@2.0.3,lootoverhaul@1.2,battletowers@1.6.5,reccomplex@1.4.8.6,vehicle@0.44.1,supermartijn642corelib@1.1.20a,bstweaker@1.0.1,resourceloader@1.5.3,spark@1.5.2,improvableskills@12.4.68,roguelike@1.8.0,potioncore@1.9_for_1.12.2,aquaacrobatics@1.15.4,collective@3.0,qualitytools@1.0.7_for_1.12.2,editmobdrops@1.4.3,srpquark@1.10.4.1,uniquee@2.0.1,waterskin@1.0.1,spartanfire@1.3.3,lostcities@2.0.22,FML@8.0.99.99,obfuscate@0.4.2,atlaslib@1.1.9,spartanweaponry@1.6.1,aiimprovements@0.0.1.3,overpoweredarmorbar@@VERSION@,msic@1.0,infinitetrading@1.4,wings@1.1.6,scalinghealth@1.3.37,bettermineshafts@1.12.2-2.2.1,setbonus@1.12.2.040,uniquebase@1.0.1,liketechnikstinkertweaks@1.12.2-1.1.3.DEV.0065a55,ctgui@1.0.0,extendedrenderer@v1.0,cucumber@1.1.3,mixinbooter@10.7,reachfix@1.1.3,cgm@0.15.3,xray@2.0.0,customskinloader@14.27,bountifulbaubles@0.0.1,configmod@v1.0,jei@4.16.1.301,srpdeepseadanger@1.10.2.3,xaerolib@1.1.0,callablehorses@1.1.1,daomephsta_loot_shared@0.0.2,simpledifficulty@0.3.9,xaerolib_core@1.12.2-1.0,bauble_wings@1.0.0,ivtoolkit@1.3.3-1.12,mujmajnkraftsbettersurvival@1.5.4,potionfingers@r1.0-8,mcp@9.42,clumps@3.1.2,oresabovediamonds@3.2,hermitsarsenal@V1,artifacts@1.1.2,travelersbackpack@1.0.35,sereneseasons@1.2.18,adhooks@1.12.2-3.3.1.0,champions@1.12.2-1.0.11.10,srpr_kravataf@1.0.5,conarm@1.2.5.10,bettercombatmod@2.2.4,xat@0.32.5,iceandfire@2.2.5,moartinkers@0.6.0,crafttweaker@4.1.20,usefulslime@1.2,forge@14.23.5.2859,xaeroworldmap_core@1.12.2-1.0,srmonstress@1.0.2,eplus@5.0.176,infernalmobs@1.7.6,ironchest@1.12.2-7.0.67.844,gpu_tape@1.0.4,minecraft@1.12.2,tconstruct@1.12.2-2.13.0.183,nocubesrptweaks@V5.1,enchdesc@1.1.15,mousetweaks@2.10,toolbelt@1.9.14,silentlib@3.0.13,baubles@1.5.2,jade@0.1.0,creativecore@1.10.0,somanyenchantments@1.0.8,fermiumbooter@1.4.1,betterrolling@1.5,ctintegration@1.8.0,bloodmoon@1.5.3,quark@r1.6-179,mantle@1.12-1.3.3.55,loottweaker@0.5.1,spartanshields@1.5.5,xaerominimap@25.3.10,itemcollectors@1.1.12,bhc@2.0.3,dragondropselytra@1.3,fastbench@1.7.4,securitycraft@v1.10.1,autoreglib@1.3-32,multimob@1.0.5,performant@1.12.2-1.5,entityculling@@VER@,anvilpatch@1.1.0,farsight@1.6,fancymenu@2.14.9,coroutil@1.12.1-1.2.37,srparasites@1.10.2,fastfurnace@1.3.1,appleskin@1.0.14,lootr@0.6.2,xaerominimap_core@1.12.2-1.0,tinkersjei@1.2,improvedmobs@1.6.10,pdm@1.0,swparasites@v4,baubleye@1.3.3
[03:55:37] [Server thread/INFO] [FML]: [Server thread] Server side modded connection established
[03:55:37] [Server thread/INFO] [net.minecraft.server.management.PlayerList]: spieler[/127.128.182.178:42641] logged in with entity id 7254405 at (194.5, 11.5, 309.5)
[03:55:37] [Server thread/INFO] [net.minecraft.server.dedicated.DedicatedServer]: spieler joined the game
[03:55:37] [Server thread/INFO] [Waila]: Player EntityPlayerMP['spieler'/7254405, l='world', x=194.50, y=11.50, z=309.50] connected. Sending ping
[03:55:37] [Server thread/INFO] [bountifulbaubles]: Attempting to sync config to player spieler
[03:55:37] [Server thread/INFO] [SimpleDifficulty]: Sending Configuration to player: spieler
[03:55:37] [Server thread/INFO] [XAT]: Syncing Config to spieler
[03:56:34] [Server thread/INFO] [net.minecraft.server.dedicated.DedicatedServer]: [spieler: Teleported spieler to 133.5, 249.5, 263.5]
[03:57:33] [Server thread/INFO] [net.minecraft.server.dedicated.DedicatedServer]: [spieler: Teleported spieler to 133.5, 249.5, 263.5]
[03:59:21] [Server thread/WARN] [net.minecraft.network.NetHandlerPlayServer]: spieler moved wrongly!
[04:00:26] [Server thread/INFO] [Scaling Health]: Blight Enderman was killed by spieler
[04:02:10] [Server thread/INFO] [net.minecraft.server.dedicated.DedicatedServer]: spieler was slain by Enderman
[04:02:11] [Server thread/WARN] [net.minecraft.entity.EntityTrackerEntry]: Fetching addPacket for removed entity
[04:02:11] [Server thread/WARN] [net.minecraft.entity.EntityTrackerEntry]: Fetching addPacket for removed entity
[04:02:19] [Server thread/INFO] [net.minecraft.server.dedicated.DedicatedServer]: [spieler: Teleported spieler to 158.5, 63.5, 530.5]
[04:04:33] [Server thread/WARN] [net.minecraft.network.NetHandlerPlayServer]: TPainterJL moved wrongly!
[04:06:26] [Server thread/INFO] [net.minecraft.server.dedicated.DedicatedServer]: [TPainterJL: Teleported TPainterJL to 533.5, 92.5, -552.5]
[04:06:31] [Server thread/INFO] [net.minecraft.server.dedicated.DedicatedServer]: [TPainterJL: Teleported TPainterJL to 133.5, 249.5, 263.5]
[04:06:34] [Server thread/INFO] [com.dynamic_view.DynView]: Mean tick: 48ms decreasing chunk view distance to: 19
[04:06:48] [Server thread/INFO] [com.dynamic_view.DynView]: Mean tick: 34ms increasing chunk view distance to: 20
[04:06:49] [Server thread/INFO] [net.minecraft.server.dedicated.DedicatedServer]: [spieler: Teleported spieler to 133.5, 249.5, 263.5]
[04:10:57] [Server thread/WARN] [FML]: Scape and Run: Parasites Extra loaded a new chunk [-33, 15] in dimension 0 (overworld) while populating chunk [-32, 16], causing cascading worldgen lag.
[04:10:57] [Server thread/WARN] [FML]: Please report this to the mod's issue tracker. This log can be disabled in the Forge config.
[04:11:01] [Server thread/WARN] [reccomplex]: Cascading chunk generation happening while preparing StoneMazeSmall
[04:11:01] [Server thread/WARN] [FML]: Recurrent Complex loaded a new chunk [-34, 28] in dimension 0 (overworld) while populating chunk [-34, 26], causing cascading worldgen lag.
[04:11:01] [Server thread/WARN] [FML]: Please report this to the mod's issue tracker. This log can be disabled in the Forge config.
[04:11:01] [Server thread/WARN] [reccomplex]: Cascading chunk generation happening while preparing StoneMazeSmall
[04:11:01] [Server thread/WARN] [FML]: Recurrent Complex loaded a new chunk [-34, 27] in dimension 0 (overworld) while populating chunk [-34, 26], causing cascading worldgen lag.
[04:11:01] [Server thread/WARN] [FML]: Please report this to the mod's issue tracker. This log can be disabled in the Forge config.
[04:11:05] [Server thread/INFO] [com.dynamic_view.DynView]: Mean tick: 64ms decreasing chunk view distance to: 19
[04:11:11] [Server thread/WARN] [FML]: Ice and Fire loaded a new chunk [-40, 15] in dimension 0 (overworld) while populating chunk [-39, 16], causing cascading worldgen lag.
[04:11:11] [Server thread/WARN] [FML]: Please report this to the mod's issue tracker. This log can be disabled in the Forge config.
[04:11:11] [Server thread/WARN] [FML]: Ice and Fire loaded a new chunk [-40, 16] in dimension 0 (overworld) while populating chunk [-39, 16], causing cascading worldgen lag.
[04:11:11] [Server thread/WARN] [FML]: Please report this to the mod's issue tracker. This log can be disabled in the Forge config.
[04:11:13] [Server thread/WARN] [FML]: Scape and Run: Parasites Extra loaded a new chunk [-41, 24] in dimension 0 (overworld) while populating chunk [-40, 24], causing cascading worldgen lag.
[04:11:13] [Server thread/WARN] [FML]: Please report this to the mod's issue tracker. This log can be disabled in the Forge config.
[04:11:13] [Server thread/WARN] [FML]: Scape and Run: Parasites Extra loaded a new chunk [-42, 24] in dimension 0 (overworld) while populating chunk [-40, 24], causing cascading worldgen lag.
[04:11:13] [Server thread/WARN] [FML]: Please report this to the mod's issue tracker. This log can be disabled in the Forge config.
[04:11:17] [Server thread/WARN] [net.minecraft.world.storage.loot.LootTable]: Tried to over-fill a container
[04:11:20] [Server thread/INFO] [com.dynamic_view.DynView]: Mean tick: 48ms decreasing chunk view distance to: 18
[04:11:30] [Server thread/WARN] [FML]: Quark loaded a new chunk [-46, 8] in dimension 0 (overworld) while populating chunk [-46, 9], causing cascading worldgen lag.
[04:11:30] [Server thread/WARN] [FML]: Please report this to the mod's issue tracker. This log can be disabled in the Forge config.
[04:11:30] [Server thread/WARN] [FML]: Quark loaded a new chunk [-46, 7] in dimension 0 (overworld) while populating chunk [-46, 9], causing cascading worldgen lag.
[04:11:30] [Server thread/WARN] [FML]: Please report this to the mod's issue tracker. This log can be disabled in the Forge config.
[04:11:30] [Server thread/WARN] [FML]: Quark loaded a new chunk [-47, 7] in dimension 0 (overworld) while populating chunk [-46, 9], causing cascading worldgen lag.
[04:11:30] [Server thread/WARN] [FML]: Please report this to the mod's issue tracker. This log can be disabled in the Forge config.
[04:11:30] [Server thread/WARN] [FML]: Quark loaded a new chunk [-48, 7] in dimension 0 (overworld) while populating chunk [-46, 9], causing cascading worldgen lag.
[04:11:30] [Server thread/WARN] [FML]: Please report this to the mod's issue tracker. This log can be disabled in the Forge config.
[04:11:30] [Server thread/WARN] [net.minecraft.world.storage.loot.LootTable]: Tried to over-fill a container
[04:11:34] [Server thread/WARN] [FML]: Scape and Run: Parasites Extra loaded a new chunk [-54, -5] in dimension 0 (overworld) while populating chunk [-48, 0], causing cascading worldgen lag.
[04:11:34] [Server thread/WARN] [FML]: Please report this to the mod's issue tracker. This log can be disabled in the Forge config.
[04:11:34] [Server thread/WARN] [FML]: Scape and Run: Parasites Extra loaded a new chunk [-54, -4] in dimension 0 (overworld) while populating chunk [-48, 0], causing cascading worldgen lag.
[04:11:34] [Server thread/WARN] [FML]: Please report this to the mod's issue tracker. This log can be disabled in the Forge config.
[04:11:34] [Server thread/WARN] [FML]: Scape and Run: Parasites Extra loaded a new chunk [-53, -5] in dimension 0 (overworld) while populating chunk [-48, 0], causing cascading worldgen lag.
[04:11:34] [Server thread/WARN] [FML]: Please report this to the mod's issue tracker. This log can be disabled in the Forge config.
[04:11:34] [Server thread/WARN] [FML]: Scape and Run: Parasites Extra loaded a new chunk [-45, -4] in dimension 0 (overworld) while populating chunk [-48, 0], causing cascading worldgen lag.
[04:11:34] [Server thread/WARN] [FML]: Please report this to the mod's issue tracker. This log can be disabled in the Forge config.
[04:11:34] [Server thread/WARN] [FML]: Scape and Run: Parasites Extra loaded a new chunk [-48, -1] in dimension 0 (overworld) while populating chunk [-48, 0], causing cascading worldgen lag.
[04:11:34] [Server thread/WARN] [FML]: Please report this to the mod's issue tracker. This log can be disabled in the Forge config.
[04:11:34] [Server thread/WARN] [FML]: Scape and Run: Parasites Extra loaded a new chunk [-49, -1] in dimension 0 (overworld) while populating chunk [-48, 0], causing cascading worldgen lag.
[04:11:34] [Server thread/WARN] [FML]: Please report this to the mod's issue tracker. This log can be disabled in the Forge config.
[04:11:34] [Server thread/WARN] [FML]: Scape and Run: Parasites Extra loaded a new chunk [-50, -1] in dimension 0 (overworld) while populating chunk [-48, 0], causing cascading worldgen lag.
[04:11:34] [Server thread/WARN] [FML]: Please report this to the mod's issue tracker. This log can be disabled in the Forge config.
[04:11:35] [Server thread/INFO] [com.dynamic_view.DynView]: Mean tick: 52ms decreasing chunk view distance to: 17
[04:11:35] [Server thread/WARN] [net.minecraft.server.MinecraftServer]: Can't keep up! Did the system time change, or is the server overloaded? Running 2012ms behind, skipping 40 tick(s)
[04:11:43] [Server thread/WARN] [reccomplex]: Cascading chunk generation happening while preparing UndergroundTreeoid
[04:11:43] [Server thread/WARN] [FML]: Recurrent Complex loaded a new chunk [-50, 31] in dimension 0 (overworld) while populating chunk [-49, 31], causing cascading worldgen lag.
[04:11:43] [Server thread/WARN] [FML]: Please report this to the mod's issue tracker. This log can be disabled in the Forge config.
[04:11:48] [Server thread/INFO] [com.dynamic_view.DynView]: Mean tick: 26ms increasing chunk view distance to: 18
[04:12:04] [Server thread/INFO] [com.dynamic_view.DynView]: Mean tick: 37ms increasing chunk view distance to: 19
[04:12:17] [Server thread/INFO] [net.minecraft.server.dedicated.DedicatedServer]: [TPainterJL: Teleported TPainterJL to spieler]
[04:12:18] [Server thread/INFO] [com.dynamic_view.DynView]: Mean tick: 34ms increasing chunk view distance to: 20
[04:12:19] [Server thread/WARN] [FML]: Quark loaded a new chunk [-49, -5] in dimension 0 (overworld) while populating chunk [-48, -5], causing cascading worldgen lag.
[04:12:19] [Server thread/WARN] [FML]: Please report this to the mod's issue tracker. This log can be disabled in the Forge config.
[04:12:19] [Server thread/WARN] [FML]: Quark loaded a new chunk [-49, -6] in dimension 0 (overworld) while populating chunk [-48, -5], causing cascading worldgen lag.
[04:12:19] [Server thread/WARN] [FML]: Please report this to the mod's issue tracker. This log can be disabled in the Forge config.
[04:12:19] [Server thread/WARN] [FML]: Quark loaded a new chunk [-50, -5] in dimension 0 (overworld) while populating chunk [-48, -5], causing cascading worldgen lag.
[04:12:19] [Server thread/WARN] [FML]: Please report this to the mod's issue tracker. This log can be disabled in the Forge config.
[04:12:19] [Server thread/WARN] [FML]: Quark loaded a new chunk [-51, -5] in dimension 0 (overworld) while populating chunk [-48, -5], causing cascading worldgen lag.
[04:12:19] [Server thread/WARN] [FML]: Please report this to the mod's issue tracker. This log can be disabled in the Forge config.
[04:12:19] [Server thread/WARN] [FML]: Quark loaded a new chunk [-50, -6] in dimension 0 (overworld) while populating chunk [-48, -5], causing cascading worldgen lag.
[04:12:19] [Server thread/WARN] [FML]: Please report this to the mod's issue tracker. This log can be disabled in the Forge config.
[04:12:55] [Server thread/WARN] [FML]: Battle Towers loaded a new chunk [-53, 33] in dimension 0 (overworld) while populating chunk [-52, 34], causing cascading worldgen lag.
[04:12:55] [Server thread/WARN] [FML]: Please report this to the mod's issue tracker. This log can be disabled in the Forge config.
[04:12:55] [Server thread/INFO] [STDOUT]: [atomicstryker.battletowers.common.AS_WorldGenTower:generate:538]: Dimension 0 Battle Tower type CobbleStone spawned at [ -832 | 544 ], underground: false
[04:12:55] [Server thread/WARN] [FML]: Quark loaded a new chunk [-54, 4] in dimension 0 (overworld) while populating chunk [-53, 4], causing cascading worldgen lag.
[04:12:55] [Server thread/WARN] [FML]: Please report this to the mod's issue tracker. This log can be disabled in the Forge config.
[04:12:55] [Server thread/WARN] [FML]: Quark loaded a new chunk [-54, 3] in dimension 0 (overworld) while populating chunk [-53, 4], causing cascading worldgen lag.
[04:12:55] [Server thread/WARN] [FML]: Please report this to the mod's issue tracker. This log can be disabled in the Forge config.
[04:14:58] [Server thread/WARN] [reccomplex]: Cascading chunk generation happening while placing PestilentialTreeStageII
[04:14:58] [Server thread/WARN] [FML]: Recurrent Complex loaded a new chunk [-55, 19] in dimension 0 (overworld) while populating chunk [-55, 18], causing cascading worldgen lag.
[04:14:58] [Server thread/WARN] [FML]: Please report this to the mod's issue tracker. This log can be disabled in the Forge config.
[04:14:58] [Server thread/WARN] [reccomplex]: Cascading chunk generation happening while generating PestilentialTreeStageII
[04:14:58] [Server thread/WARN] [FML]: Recurrent Complex loaded a new chunk [0, 0] in dimension 0 (overworld) while populating chunk [-55, 18], causing cascading worldgen lag.
[04:14:58] [Server thread/WARN] [FML]: Please report this to the mod's issue tracker. This log can be disabled in the Forge config.
[04:15:18] [Server thread/WARN] [FML]: Quark loaded a new chunk [-59, 19] in dimension 0 (overworld) while populating chunk [-59, 18], causing cascading worldgen lag.
[04:15:18] [Server thread/WARN] [FML]: Please report this to the mod's issue tracker. This log can be disabled in the Forge config.
[04:15:18] [Server thread/WARN] [FML]: Quark loaded a new chunk [-60, 19] in dimension 0 (overworld) while populating chunk [-59, 18], causing cascading worldgen lag.
[04:15:18] [Server thread/WARN] [FML]: Please report this to the mod's issue tracker. This log can be disabled in the Forge config.
[04:15:18] [Server thread/WARN] [FML]: Quark loaded a new chunk [-60, 18] in dimension 0 (overworld) while populating chunk [-59, 18], causing cascading worldgen lag.
[04:15:18] [Server thread/WARN] [FML]: Please report this to the mod's issue tracker. This log can be disabled in the Forge config.
[04:15:18] [Server thread/WARN] [FML]: Quark loaded a new chunk [-61, 19] in dimension 0 (overworld) while populating chunk [-59, 18], causing cascading worldgen lag.
[04:15:18] [Server thread/WARN] [FML]: Please report this to the mod's issue tracker. This log can be disabled in the Forge config.
[04:15:19] [Server thread/WARN] [net.minecraft.world.storage.loot.LootTable]: Tried to over-fill a container
[04:15:20] [Server thread/INFO] [com.dynamic_view.DynView]: Mean tick: 61ms decreasing chunk view distance to: 19
[04:15:24] [Server thread/WARN] [FML]: Quark loaded a new chunk [-65, 22] in dimension 0 (overworld) while populating chunk [-65, 21], causing cascading worldgen lag.
[04:15:24] [Server thread/WARN] [FML]: Please report this to the mod's issue tracker. This log can be disabled in the Forge config.
[04:15:24] [Server thread/WARN] [FML]: Quark loaded a new chunk [-66, 22] in dimension 0 (overworld) while populating chunk [-65, 21], causing cascading worldgen lag.
[04:15:24] [Server thread/WARN] [FML]: Please report this to the mod's issue tracker. This log can be disabled in the Forge config.
[04:15:24] [Server thread/WARN] [FML]: Quark loaded a new chunk [-65, 23] in dimension 0 (overworld) while populating chunk [-65, 21], causing cascading worldgen lag.
[04:15:24] [Server thread/WARN] [FML]: Please report this to the mod's issue tracker. This log can be disabled in the Forge config.
[04:15:25] [Server thread/WARN] [net.minecraft.server.MinecraftServer]: Can't keep up! Did the system time change, or is the server overloaded? Running 5606ms behind, skipping 112 tick(s)
[04:15:25] [Server thread/WARN] [FML]: Quark loaded a new chunk [-62, 29] in dimension 0 (overworld) while populating chunk [-61, 30], causing cascading worldgen lag.
[04:15:25] [Server thread/WARN] [FML]: Please report this to the mod's issue tracker. This log can be disabled in the Forge config.
[04:15:25] [Server thread/WARN] [net.minecraft.world.storage.loot.LootTable]: Tried to over-fill a container
[04:15:33] [Server thread/WARN] [net.minecraft.world.storage.loot.LootTable]: Tried to over-fill a container
[04:15:37] [Server thread/INFO] [com.dynamic_view.DynView]: Mean tick: 24ms increasing chunk view distance to: 20
[04:15:54] [Server thread/WARN] [net.minecraft.network.NetHandlerPlayServer]: spieler moved too quickly! 8.739742382730924,2.0,-4.83702295113892
[04:15:54] [Server thread/INFO] [net.minecraft.server.dedicated.DedicatedServer]: [TPainterJL: Teleported TPainterJL to spieler]
[04:15:54] [Server thread/INFO] [net.minecraft.server.dedicated.DedicatedServer]: [TPainterJL: Teleported TPainterJL to spieler]
[04:15:56] [Server thread/WARN] [net.minecraft.server.MinecraftServer]: Can't keep up! Did the system time change, or is the server overloaded? Running 18979ms behind, skipping 379 tick(s)
[04:15:59] [Server thread/WARN] [FML]: Village Names loaded a new chunk [-62, 39] in dimension 0 (overworld) while populating chunk [-61, 39], causing cascading worldgen lag.
[04:15:59] [Server thread/WARN] [FML]: Please report this to the mod's issue tracker. This log can be disabled in the Forge config.
[04:16:00] [Server thread/WARN] [FML]: Ice and Fire loaded a new chunk [-64, 40] in dimension 0 (overworld) while populating chunk [-64, 39], causing cascading worldgen lag.
[04:16:00] [Server thread/WARN] [FML]: Please report this to the mod's issue tracker. This log can be disabled in the Forge config.
[04:16:00] [Server thread/INFO] [improvableskills]: Injecting parchment into LootTable 'mujmajnkraftsbettersurvival:chests/village_blacksmith_inject'!
[04:19:58] [Server thread/INFO] [net.minecraft.server.dedicated.DedicatedServer]: [spieler: Teleported spieler to TPainterJL]
[04:20:22] [Server thread/INFO] [net.minecraft.server.dedicated.DedicatedServer]: [spieler: Teleported spieler to TPainterJL]
[04:22:11] [Server thread/WARN] [net.minecraft.entity.EntityTrackerEntry]: Fetching addPacket for removed entity
[04:23:18] [Server thread/WARN] [net.minecraft.entity.EntityTrackerEntry]: Fetching addPacket for removed entity
[04:25:05] [Server thread/INFO] [net.minecraft.server.dedicated.DedicatedServer]: [spieler: Teleported spieler to 133.5, 249.5, 263.5]
[04:25:15] [Server thread/INFO] [net.minecraft.server.dedicated.DedicatedServer]: [spieler: Teleported spieler to -358.5, 167.5, 309.5]
[04:26:40] [Server thread/INFO] [net.minecraft.server.dedicated.DedicatedServer]: [TPainterJL: Teleported TPainterJL to -357.5, 167.5, 308.5]
[04:26:54] [Server thread/WARN] [net.minecraft.server.MinecraftServer]: Can't keep up! Did the system time change, or is the server overloaded? Running 14689ms behind, skipping 293 tick(s)
[04:26:54] [Server thread/WARN] [net.minecraft.network.NetHandlerPlayServer]: spieler moved too quickly! 0.0,-12.699842809258811,-0.13934103040105583
[04:26:54] [Server thread/INFO] [net.minecraft.server.dedicated.DedicatedServer]: [spieler: Teleported spieler to -358.5, 167.5, 309.5]
[04:26:54] [Server thread/INFO] [net.minecraft.server.dedicated.DedicatedServer]: [spieler: Teleported spieler to -358.5, 167.5, 309.5]
[04:27:33] [Server thread/INFO] [net.minecraft.network.NetHandlerPlayServer]: spieler lost connection: Disconnected
[04:27:33] [Server thread/INFO] [net.minecraft.server.dedicated.DedicatedServer]: spieler left the game
[04:27:52] [Server thread/INFO] [net.minecraft.server.dedicated.DedicatedServer]: [TPainterJL: Teleported TPainterJL to -357.5, 167.5, 308.5]
[04:28:46] [Netty Epoll Server IO #3/INFO] [FML]: Client protocol version 2
[04:28:46] [Netty Epoll Server IO #3/INFO] [FML]: Client attempting to join with 163 mods : followingvillagers@1.0.1,weaponmaster_ydm@4.2.3,disenchanter@1.8,spartansabovediamonds@2.6,supermartijn642configlib@1.1.6,creativecoredummy@1.0.0,fantasticlib@1.12.2.070,villagenames@4.4.13,futuremc@0.2.6,fltpot@0.0.2,mtrm@1.2.2.30,fullbright@1.0.0,lttweaker@1.1.17,bowinfinityfix@rv5.1,ironjetpacks@1.1.0,neat@1.4-17,forgeendertech@1.12.2-4.5.6.1,hammercore@12.2.58,enhancedvisuals@1.3.0,xaeroworldmap@1.40.11,placebo@1.6.0,nofog@1.12.2-1.12.2-1.0.3.0,bookshelf@2.3.590,forgelin@1.8.4,llibrary@1.7.20,progressivebosses@1.5.4,srpextra@1.10.7.5,additionalstructures@2.5.0,waila@1.8.26,tinkersdisassembler@1.2.1,dynview@1.3,srpmeshi@1.8,carryon@1.12.3,jeresources@0.9.2.60,nocubessrpsurvival@3.0.0,durabilitytooltip@1.1.4,konkrete@1.6.1,corpse@1.12.2-1.0.8,nocubessrparmory@3.0.0,tenshilib@1.2.4,crafttweakerjei@2.0.3,lootoverhaul@1.2,battletowers@1.6.5,reccomplex@1.4.8.6,vehicle@0.44.1,supermartijn642corelib@1.1.20a,bstweaker@1.0.1,resourceloader@1.5.3,spark@1.5.2,improvableskills@12.4.68,roguelike@1.8.0,potioncore@1.9_for_1.12.2,aquaacrobatics@1.15.4,collective@3.0,qualitytools@1.0.7_for_1.12.2,editmobdrops@1.4.3,srpquark@1.10.4.1,uniquee@2.0.1,waterskin@1.0.1,spartanfire@1.3.3,lostcities@2.0.22,FML@8.0.99.99,obfuscate@0.4.2,atlaslib@1.1.9,spartanweaponry@1.6.1,aiimprovements@0.0.1.3,overpoweredarmorbar@@VERSION@,msic@1.0,infinitetrading@1.4,wings@1.1.6,scalinghealth@1.3.37,bettermineshafts@1.12.2-2.2.1,setbonus@1.12.2.040,uniquebase@1.0.1,liketechnikstinkertweaks@1.12.2-1.1.3.DEV.0065a55,ctgui@1.0.0,extendedrenderer@v1.0,cucumber@1.1.3,mixinbooter@10.7,reachfix@1.1.3,cgm@0.15.3,xray@2.0.0,customskinloader@14.27,bountifulbaubles@0.0.1,configmod@v1.0,jei@4.16.1.301,srpdeepseadanger@1.10.2.3,xaerolib@1.1.0,callablehorses@1.1.1,daomephsta_loot_shared@0.0.2,simpledifficulty@0.3.9,xaerolib_core@1.12.2-1.0,bauble_wings@1.0.0,ivtoolkit@1.3.3-1.12,mujmajnkraftsbettersurvival@1.5.4,potionfingers@r1.0-8,mcp@9.42,clumps@3.1.2,oresabovediamonds@3.2,hermitsarsenal@V1,artifacts@1.1.2,travelersbackpack@1.0.35,sereneseasons@1.2.18,adhooks@1.12.2-3.3.1.0,champions@1.12.2-1.0.11.10,srpr_kravataf@1.0.5,conarm@1.2.5.10,bettercombatmod@2.2.4,xat@0.32.5,iceandfire@2.2.5,moartinkers@0.6.0,crafttweaker@4.1.20,usefulslime@1.2,forge@14.23.5.2859,xaeroworldmap_core@1.12.2-1.0,srmonstress@1.0.2,eplus@5.0.176,infernalmobs@1.7.6,ironchest@1.12.2-7.0.67.844,gpu_tape@1.0.4,minecraft@1.12.2,tconstruct@1.12.2-2.13.0.183,nocubesrptweaks@V5.1,enchdesc@1.1.15,mousetweaks@2.10,toolbelt@1.9.14,silentlib@3.0.13,baubles@1.5.2,jade@0.1.0,creativecore@1.10.0,somanyenchantments@1.0.8,fermiumbooter@1.4.1,betterrolling@1.5,ctintegration@1.8.0,bloodmoon@1.5.3,quark@r1.6-179,mantle@1.12-1.3.3.55,loottweaker@0.5.1,spartanshields@1.5.5,xaerominimap@25.3.10,itemcollectors@1.1.12,bhc@2.0.3,dragondropselytra@1.3,fastbench@1.7.4,securitycraft@v1.10.1,autoreglib@1.3-32,multimob@1.0.5,performant@1.12.2-1.5,entityculling@@VER@,anvilpatch@1.1.0,farsight@1.6,fancymenu@2.14.9,coroutil@1.12.1-1.2.37,srparasites@1.10.2,fastfurnace@1.3.1,appleskin@1.0.14,lootr@0.6.2,xaerominimap_core@1.12.2-1.0,tinkersjei@1.2,improvedmobs@1.6.10,pdm@1.0,swparasites@v4,baubleye@1.3.3
[04:28:59] [Server thread/INFO] [FML]: [Server thread] Server side modded connection established
[04:28:59] [Server thread/INFO] [net.minecraft.server.management.PlayerList]: spieler[/127.128.182.178:53483] logged in with entity id 9507301 at (-360.09685413743006, 167.0, 325.5396060873987)
[04:28:59] [Server thread/INFO] [net.minecraft.server.dedicated.DedicatedServer]: spieler joined the game
[04:28:59] [Server thread/INFO] [Waila]: Player EntityPlayerMP['spieler'/9507301, l='world', x=-360.10, y=167.00, z=325.54] connected. Sending ping
[04:28:59] [Server thread/INFO] [bountifulbaubles]: Attempting to sync config to player spieler
[04:28:59] [Server thread/INFO] [SimpleDifficulty]: Sending Configuration to player: spieler
[04:28:59] [Server thread/INFO] [XAT]: Syncing Config to spieler
[04:29:14] [Server thread/INFO] [net.minecraft.network.NetHandlerPlayServer]: spieler lost connection: Timed out
[04:29:14] [Server thread/INFO] [net.minecraft.server.dedicated.DedicatedServer]: spieler left the game
[04:29:45] [Netty Epoll Server IO #4/INFO] [FML]: Client protocol version 2
[04:29:45] [Netty Epoll Server IO #4/INFO] [FML]: Client attempting to join with 163 mods : followingvillagers@1.0.1,weaponmaster_ydm@4.2.3,disenchanter@1.8,spartansabovediamonds@2.6,supermartijn642configlib@1.1.6,creativecoredummy@1.0.0,fantasticlib@1.12.2.070,villagenames@4.4.13,futuremc@0.2.6,fltpot@0.0.2,mtrm@1.2.2.30,fullbright@1.0.0,lttweaker@1.1.17,bowinfinityfix@rv5.1,ironjetpacks@1.1.0,neat@1.4-17,forgeendertech@1.12.2-4.5.6.1,hammercore@12.2.58,enhancedvisuals@1.3.0,xaeroworldmap@1.40.11,placebo@1.6.0,nofog@1.12.2-1.12.2-1.0.3.0,bookshelf@2.3.590,forgelin@1.8.4,llibrary@1.7.20,progressivebosses@1.5.4,srpextra@1.10.7.5,additionalstructures@2.5.0,waila@1.8.26,tinkersdisassembler@1.2.1,dynview@1.3,srpmeshi@1.8,carryon@1.12.3,jeresources@0.9.2.60,nocubessrpsurvival@3.0.0,durabilitytooltip@1.1.4,konkrete@1.6.1,corpse@1.12.2-1.0.8,nocubessrparmory@3.0.0,tenshilib@1.2.4,crafttweakerjei@2.0.3,lootoverhaul@1.2,battletowers@1.6.5,reccomplex@1.4.8.6,vehicle@0.44.1,supermartijn642corelib@1.1.20a,bstweaker@1.0.1,resourceloader@1.5.3,spark@1.5.2,improvableskills@12.4.68,roguelike@1.8.0,potioncore@1.9_for_1.12.2,aquaacrobatics@1.15.4,collective@3.0,qualitytools@1.0.7_for_1.12.2,editmobdrops@1.4.3,srpquark@1.10.4.1,uniquee@2.0.1,waterskin@1.0.1,spartanfire@1.3.3,lostcities@2.0.22,FML@8.0.99.99,obfuscate@0.4.2,atlaslib@1.1.9,spartanweaponry@1.6.1,aiimprovements@0.0.1.3,overpoweredarmorbar@@VERSION@,msic@1.0,infinitetrading@1.4,wings@1.1.6,scalinghealth@1.3.37,bettermineshafts@1.12.2-2.2.1,setbonus@1.12.2.040,uniquebase@1.0.1,liketechnikstinkertweaks@1.12.2-1.1.3.DEV.0065a55,ctgui@1.0.0,extendedrenderer@v1.0,cucumber@1.1.3,mixinbooter@10.7,reachfix@1.1.3,cgm@0.15.3,xray@2.0.0,customskinloader@14.27,bountifulbaubles@0.0.1,configmod@v1.0,jei@4.16.1.301,srpdeepseadanger@1.10.2.3,xaerolib@1.1.0,callablehorses@1.1.1,daomephsta_loot_shared@0.0.2,simpledifficulty@0.3.9,xaerolib_core@1.12.2-1.0,bauble_wings@1.0.0,ivtoolkit@1.3.3-1.12,mujmajnkraftsbettersurvival@1.5.4,potionfingers@r1.0-8,mcp@9.42,clumps@3.1.2,oresabovediamonds@3.2,hermitsarsenal@V1,artifacts@1.1.2,travelersbackpack@1.0.35,sereneseasons@1.2.18,adhooks@1.12.2-3.3.1.0,champions@1.12.2-1.0.11.10,srpr_kravataf@1.0.5,conarm@1.2.5.10,bettercombatmod@2.2.4,xat@0.32.5,iceandfire@2.2.5,moartinkers@0.6.0,crafttweaker@4.1.20,usefulslime@1.2,forge@14.23.5.2859,xaeroworldmap_core@1.12.2-1.0,srmonstress@1.0.2,eplus@5.0.176,infernalmobs@1.7.6,ironchest@1.12.2-7.0.67.844,gpu_tape@1.0.4,minecraft@1.12.2,tconstruct@1.12.2-2.13.0.183,nocubesrptweaks@V5.1,enchdesc@1.1.15,mousetweaks@2.10,toolbelt@1.9.14,silentlib@3.0.13,baubles@1.5.2,jade@0.1.0,creativecore@1.10.0,somanyenchantments@1.0.8,fermiumbooter@1.4.1,betterrolling@1.5,ctintegration@1.8.0,bloodmoon@1.5.3,quark@r1.6-179,mantle@1.12-1.3.3.55,loottweaker@0.5.1,spartanshields@1.5.5,xaerominimap@25.3.10,itemcollectors@1.1.12,bhc@2.0.3,dragondropselytra@1.3,fastbench@1.7.4,securitycraft@v1.10.1,autoreglib@1.3-32,multimob@1.0.5,performant@1.12.2-1.5,entityculling@@VER@,anvilpatch@1.1.0,farsight@1.6,fancymenu@2.14.9,coroutil@1.12.1-1.2.37,srparasites@1.10.2,fastfurnace@1.3.1,appleskin@1.0.14,lootr@0.6.2,xaerominimap_core@1.12.2-1.0,tinkersjei@1.2,improvedmobs@1.6.10,pdm@1.0,swparasites@v4,baubleye@1.3.3
[04:29:57] [Server thread/INFO] [FML]: [Server thread] Server side modded connection established
[04:29:57] [Server thread/INFO] [net.minecraft.server.management.PlayerList]: spieler[/127.128.182.178:45675] logged in with entity id 9525435 at (-360.09685413743006, 167.0, 325.5396060873987)
[04:29:57] [Server thread/INFO] [net.minecraft.server.dedicated.DedicatedServer]: spieler joined the game
[04:29:57] [Server thread/INFO] [Waila]: Player EntityPlayerMP['spieler'/9525435, l='world', x=-360.10, y=167.00, z=325.54] connected. Sending ping
[04:29:57] [Server thread/INFO] [bountifulbaubles]: Attempting to sync config to player spieler
[04:29:57] [Server thread/INFO] [SimpleDifficulty]: Sending Configuration to player: spieler
[04:29:57] [Server thread/INFO] [XAT]: Syncing Config to spieler
[04:30:12] [Server thread/INFO] [net.minecraft.network.NetHandlerPlayServer]: spieler lost connection: Timed out
[04:30:12] [Server thread/INFO] [net.minecraft.server.dedicated.DedicatedServer]: spieler left the game
[04:30:36] [Server thread/INFO] [net.minecraft.server.dedicated.DedicatedServer]: [TPainterJL: Teleported TPainterJL to -357.5, 167.5, 308.5]
[04:30:45] [Netty Epoll Server IO #5/INFO] [FML]: Client protocol version 2
[04:30:45] [Netty Epoll Server IO #5/INFO] [FML]: Client attempting to join with 163 mods : followingvillagers@1.0.1,weaponmaster_ydm@4.2.3,disenchanter@1.8,spartansabovediamonds@2.6,supermartijn642configlib@1.1.6,creativecoredummy@1.0.0,fantasticlib@1.12.2.070,villagenames@4.4.13,futuremc@0.2.6,fltpot@0.0.2,mtrm@1.2.2.30,fullbright@1.0.0,lttweaker@1.1.17,bowinfinityfix@rv5.1,ironjetpacks@1.1.0,neat@1.4-17,forgeendertech@1.12.2-4.5.6.1,hammercore@12.2.58,enhancedvisuals@1.3.0,xaeroworldmap@1.40.11,placebo@1.6.0,nofog@1.12.2-1.12.2-1.0.3.0,bookshelf@2.3.590,forgelin@1.8.4,llibrary@1.7.20,progressivebosses@1.5.4,srpextra@1.10.7.5,additionalstructures@2.5.0,waila@1.8.26,tinkersdisassembler@1.2.1,dynview@1.3,srpmeshi@1.8,carryon@1.12.3,jeresources@0.9.2.60,nocubessrpsurvival@3.0.0,durabilitytooltip@1.1.4,konkrete@1.6.1,corpse@1.12.2-1.0.8,nocubessrparmory@3.0.0,tenshilib@1.2.4,crafttweakerjei@2.0.3,lootoverhaul@1.2,battletowers@1.6.5,reccomplex@1.4.8.6,vehicle@0.44.1,supermartijn642corelib@1.1.20a,bstweaker@1.0.1,resourceloader@1.5.3,spark@1.5.2,improvableskills@12.4.68,roguelike@1.8.0,potioncore@1.9_for_1.12.2,aquaacrobatics@1.15.4,collective@3.0,qualitytools@1.0.7_for_1.12.2,editmobdrops@1.4.3,srpquark@1.10.4.1,uniquee@2.0.1,waterskin@1.0.1,spartanfire@1.3.3,lostcities@2.0.22,FML@8.0.99.99,obfuscate@0.4.2,atlaslib@1.1.9,spartanweaponry@1.6.1,aiimprovements@0.0.1.3,overpoweredarmorbar@@VERSION@,msic@1.0,infinitetrading@1.4,wings@1.1.6,scalinghealth@1.3.37,bettermineshafts@1.12.2-2.2.1,setbonus@1.12.2.040,uniquebase@1.0.1,liketechnikstinkertweaks@1.12.2-1.1.3.DEV.0065a55,ctgui@1.0.0,extendedrenderer@v1.0,cucumber@1.1.3,mixinbooter@10.7,reachfix@1.1.3,cgm@0.15.3,xray@2.0.0,customskinloader@14.27,bountifulbaubles@0.0.1,configmod@v1.0,jei@4.16.1.301,srpdeepseadanger@1.10.2.3,xaerolib@1.1.0,callablehorses@1.1.1,daomephsta_loot_shared@0.0.2,simpledifficulty@0.3.9,xaerolib_core@1.12.2-1.0,bauble_wings@1.0.0,ivtoolkit@1.3.3-1.12,mujmajnkraftsbettersurvival@1.5.4,potionfingers@r1.0-8,mcp@9.42,clumps@3.1.2,oresabovediamonds@3.2,hermitsarsenal@V1,artifacts@1.1.2,travelersbackpack@1.0.35,sereneseasons@1.2.18,adhooks@1.12.2-3.3.1.0,champions@1.12.2-1.0.11.10,srpr_kravataf@1.0.5,conarm@1.2.5.10,bettercombatmod@2.2.4,xat@0.32.5,iceandfire@2.2.5,moartinkers@0.6.0,crafttweaker@4.1.20,usefulslime@1.2,forge@14.23.5.2859,xaeroworldmap_core@1.12.2-1.0,srmonstress@1.0.2,eplus@5.0.176,infernalmobs@1.7.6,ironchest@1.12.2-7.0.67.844,gpu_tape@1.0.4,minecraft@1.12.2,tconstruct@1.12.2-2.13.0.183,nocubesrptweaks@V5.1,enchdesc@1.1.15,mousetweaks@2.10,toolbelt@1.9.14,silentlib@3.0.13,baubles@1.5.2,jade@0.1.0,creativecore@1.10.0,somanyenchantments@1.0.8,fermiumbooter@1.4.1,betterrolling@1.5,ctintegration@1.8.0,bloodmoon@1.5.3,quark@r1.6-179,mantle@1.12-1.3.3.55,loottweaker@0.5.1,spartanshields@1.5.5,xaerominimap@25.3.10,itemcollectors@1.1.12,bhc@2.0.3,dragondropselytra@1.3,fastbench@1.7.4,securitycraft@v1.10.1,autoreglib@1.3-32,multimob@1.0.5,performant@1.12.2-1.5,entityculling@@VER@,anvilpatch@1.1.0,farsight@1.6,fancymenu@2.14.9,coroutil@1.12.1-1.2.37,srparasites@1.10.2,fastfurnace@1.3.1,appleskin@1.0.14,lootr@0.6.2,xaerominimap_core@1.12.2-1.0,tinkersjei@1.2,improvedmobs@1.6.10,pdm@1.0,swparasites@v4,baubleye@1.3.3
[04:30:55] [Server thread/INFO] [FML]: [Server thread] Server side modded connection established
[04:30:55] [Server thread/INFO] [net.minecraft.server.management.PlayerList]: spieler[/127.128.182.178:36899] logged in with entity id 9543999 at (-360.09685413743006, 167.0, 325.5396060873987)
[04:30:55] [Server thread/INFO] [net.minecraft.server.dedicated.DedicatedServer]: spieler joined the game
[04:30:55] [Server thread/INFO] [Waila]: Player EntityPlayerMP['spieler'/9543999, l='world', x=-360.10, y=167.00, z=325.54] connected. Sending ping
[04:30:55] [Server thread/INFO] [bountifulbaubles]: Attempting to sync config to player spieler
[04:30:55] [Server thread/INFO] [SimpleDifficulty]: Sending Configuration to player: spieler
[04:30:55] [Server thread/INFO] [XAT]: Syncing Config to spieler
[04:40:57] [Server thread/WARN] [net.minecraft.network.NetHandlerPlayServer]: TPainterJL moved wrongly!
